{
"type": "FeatureCollection",
"name": "land",
"crs": { "type": "name", "properties": { "name": "urn:ogc:def:crs:OGC:1.3:CRS84" } },
"xy_coordinate_resolution": 1e-05,
"features": [
{ "type": "Feature", "properties": { "kind": "land" }, "geometry": { "type": "MultiPolygon", "coordinates": [ [ [ [ 10.05128, 37.26659 ], [ 10.05983, 37.26484 ], [ 10.07586, 37.24494 ], [ 10.14625, 37.23652 ], [ 10.17872, 37.21271 ], [ 10.2531, 37.19139 ], [ 10.27215, 37.17853 ], [ 10.24008, 37.17178 ], [ 10.22527, 37.16673 ], [ 10.21127, 37.15868 ], [ 10.20582, 37.17512 ], [ 10.17799, 37.17796 ], [ 10.14601, 37.17121 ], [ 10.1281, 37.15868 ], [ 10.13543, 37.14232 ], [ 10.16163, 37.13434 ], [ 10.19191, 37.13325 ], [ 10.21127, 37.1376 ], [ 10.22706, 37.11766 ], [ 10.23032, 37.1081 ], [ 10.22438, 37.09593 ], [ 10.21754, 37.1103 ], [ 10.17433, 37.07624 ], [ 10.18238, 37.02704 ], [ 10.22006, 36.97663 ], [ 10.26588, 36.93891 ], [ 10.30323, 36.92438 ], [ 10.31373, 36.91844 ], [ 10.34718, 36.88028 ], [ 10.34197, 36.8686 ], [ 10.31902, 36.85025 ], [ 10.30934, 36.82978 ], [ 10.29884, 36.82176 ], [ 10.28517, 36.81997 ], [ 10.27215, 36.82909 ], [ 10.27955, 36.84431 ], [ 10.27019, 36.84846 ], [ 10.25294, 36.84634 ], [ 10.22047, 36.8378 ], [ 10.2107, 36.83185 ], [ 10.19361, 36.81232 ], [ 10.18849, 36.79759 ], [ 10.20289, 36.79263 ], [ 10.23422, 36.7919 ], [ 10.24724, 36.78628 ], [ 10.25701, 36.79385 ], [ 10.27215, 36.81607 ], [ 10.29363, 36.77774 ], [ 10.32008, 36.74877 ], [ 10.35532, 36.73119 ], [ 10.40301, 36.72671 ], [ 10.41676, 36.72956 ], [ 10.437, 36.72884 ], [ 10.48773, 36.74965 ], [ 10.51871, 36.7558 ], [ 10.53823, 36.77203 ], [ 10.5526, 36.82292 ], [ 10.56691, 36.86323 ], [ 10.58497, 36.87617 ], [ 10.60613, 36.87971 ], [ 10.6526, 36.8769 ], [ 10.69467, 36.88345 ], [ 10.73347, 36.89581 ], [ 10.78321, 36.92442 ], [ 10.81398, 36.95038 ], [ 10.82309, 36.95392 ], [ 10.83009, 36.96825 ], [ 10.88754, 37.00601 ], [ 10.89584, 37.01411 ], [ 10.89845, 37.02521 ], [ 10.89291, 37.03864 ], [ 10.90211, 37.04881 ], [ 10.92368, 37.05703 ], [ 10.97413, 37.06127 ], [ 11.01271, 37.08478 ], [ 11.03338, 37.08747 ], [ 11.05104, 37.08031 ], [ 11.06031, 37.06249 ], [ 11.05893, 37.0539 ], [ 11.04859, 37.04198 ], [ 11.04607, 37.03144 ], [ 11.04835, 37.02033 ], [ 11.05812, 37.00601 ], [ 11.06031, 36.99702 ], [ 11.06398, 36.99006 ], [ 11.08131, 36.96939 ], [ 11.08774, 36.95942 ], [ 11.0901, 36.94961 ], [ 11.09181, 36.92821 ], [ 11.09449, 36.91844 ], [ 11.10597, 36.9016 ], [ 11.12428, 36.88569 ], [ 11.13623, 36.87053 ], [ 11.13055, 36.85404 ], [ 11.11677, 36.83841 ], [ 11.07674, 36.82519 ], [ 11.02214, 36.78828 ], [ 10.99255, 36.74406 ], [ 10.94993, 36.69388 ], [ 10.87952, 36.58847 ], [ 10.82566, 36.47981 ], [ 10.79993, 36.45189 ], [ 10.71715, 36.43455 ], [ 10.62044, 36.39028 ], [ 10.58556, 36.39813 ], [ 10.55093, 36.37726 ], [ 10.51909, 36.33747 ], [ 10.49107, 36.25807 ], [ 10.47927, 36.21696 ], [ 10.47469, 36.11249 ], [ 10.47953, 36.07933 ], [ 10.49985, 36.02729 ], [ 10.50473, 36.02094 ], [ 10.50913, 36.01118 ], [ 10.51857, 35.97997 ], [ 10.54054, 35.95283 ], [ 10.55649, 35.93797 ], [ 10.57032, 35.93159 ], [ 10.58229, 35.92182 ], [ 10.60857, 35.85586 ], [ 10.62208, 35.8426 ], [ 10.6937, 35.78779 ], [ 10.71306, 35.77924 ], [ 10.74362, 35.76967 ], [ 10.80372, 35.78693 ], [ 10.81381, 35.78498 ], [ 10.82309, 35.78046 ], [ 10.84142, 35.76655 ], [ 10.83034, 35.75323 ], [ 10.82452, 35.73339 ], [ 10.8296, 35.71312 ], [ 10.84116, 35.6988 ], [ 10.88152, 35.68301 ], [ 10.97182, 35.65414 ], [ 11.01197, 35.6579 ], [ 11.041, 35.63773 ], [ 11.05502, 35.61448 ], [ 11.0171, 35.60228 ], [ 11.01197, 35.57905 ], [ 11.0149, 35.55516 ], [ 11.02394, 35.53376 ], [ 11.03924, 35.5185 ], [ 11.08506, 35.50679 ], [ 11.05769, 35.48673 ], [ 11.05067, 35.45978 ], [ 11.04553, 35.43475 ], [ 11.04941, 35.39126 ], [ 11.03719, 35.37082 ], [ 11.04223, 35.33444 ], [ 11.06589, 35.30327 ], [ 11.10133, 35.26683 ], [ 11.12208, 35.25365 ], [ 11.16078, 35.23823 ], [ 11.15916, 35.21876 ], [ 11.13135, 35.21796 ], [ 11.11158, 35.20559 ], [ 11.09232, 35.17394 ], [ 11.06291, 35.15364 ], [ 11.03499, 35.10706 ], [ 11.01588, 35.09284 ], [ 11.02245, 35.0645 ], [ 11.01811, 35.03419 ], [ 10.98437, 34.99941 ], [ 10.94586, 34.98353 ], [ 10.91765, 34.95742 ], [ 10.92495, 34.93412 ], [ 10.91651, 34.91332 ], [ 10.91634, 34.87357 ], [ 10.8755, 34.84907 ], [ 10.86036, 34.83682 ], [ 10.85629, 34.83088 ], [ 10.86736, 34.81103 ], [ 10.87142, 34.79737 ], [ 10.83488, 34.7834 ], [ 10.81126, 34.76888 ], [ 10.77904, 34.7395 ], [ 10.76347, 34.71345 ], [ 10.74399, 34.69868 ], [ 10.73471, 34.68085 ], [ 10.7173, 34.66474 ], [ 10.70118, 34.65595 ], [ 10.63429, 34.63788 ], [ 10.62525, 34.63325 ], [ 10.62143, 34.62629 ], [ 10.61988, 34.61587 ], [ 10.615, 34.60358 ], [ 10.60743, 34.59333 ], [ 10.60571, 34.57367 ], [ 10.59875, 34.56245 ], [ 10.59702, 34.54471 ], [ 10.58161, 34.53268 ], [ 10.55938, 34.52349 ], [ 10.46599, 34.51195 ], [ 10.4319, 34.49632 ], [ 10.37872, 34.42308 ], [ 10.33041, 34.41258 ], [ 10.32049, 34.41323 ], [ 10.31129, 34.41682 ], [ 10.30006, 34.41771 ], [ 10.2881, 34.41401 ], [ 10.28199, 34.40888 ], [ 10.2566, 34.3791 ], [ 10.24724, 34.37214 ], [ 10.23422, 34.36933 ], [ 10.18678, 34.35196 ], [ 10.16668, 34.33881 ], [ 10.12672, 34.32563 ], [ 10.10216, 34.30407 ], [ 10.08978, 34.27297 ], [ 10.05403, 34.21316 ], [ 10.03278, 34.18465 ], [ 10.02628, 34.18275 ], [ 10.02628, 37.25765 ], [ 10.05128, 37.26659 ] ] ], [ [ [ 10.03614, 34.03449 ], [ 10.03932, 34.0161 ], [ 10.04884, 33.98347 ], [ 10.0713, 33.94623 ], [ 10.1631, 33.83625 ], [ 10.1727, 33.82807 ], [ 10.18686, 33.82176 ], [ 10.33025, 33.70283 ], [ 10.36769, 33.68407 ], [ 10.44606, 33.65542 ], [ 10.48927, 33.64712 ], [ 10.55837, 33.65572 ], [ 10.63407, 33.67363 ], [ 10.69762, 33.7026 ], [ 10.71664, 33.70694 ], [ 10.73999, 33.67158 ], [ 10.73692, 33.60285 ], [ 10.70753, 33.58169 ], [ 10.69142, 33.57612 ], [ 10.67905, 33.56257 ], [ 10.67408, 33.5456 ], [ 10.67994, 33.52985 ], [ 10.70362, 33.49604 ], [ 10.71713, 33.48355 ], [ 10.73813, 33.47801 ], [ 10.78053, 33.48574 ], [ 10.85621, 33.52432 ], [ 10.89226, 33.53327 ], [ 10.90943, 33.53962 ], [ 10.92514, 33.55508 ], [ 10.93279, 33.57404 ], [ 10.92628, 33.59125 ], [ 10.90919, 33.60786 ], [ 10.9065, 33.61644 ], [ 10.93621, 33.6363 ], [ 10.94793, 33.62946 ], [ 10.96062, 33.62767 ], [ 10.97145, 33.6319 ], [ 10.97788, 33.64313 ], [ 10.98463, 33.64313 ], [ 11.00066, 33.63418 ], [ 11.04282, 33.61787 ], [ 11.06031, 33.60834 ], [ 11.07358, 33.59447 ], [ 11.10816, 33.54963 ], [ 11.11158, 33.54003 ], [ 11.11662, 33.48997 ], [ 11.08993, 33.45415 ], [ 11.11078, 33.39297 ], [ 11.10207, 33.36408 ], [ 11.13111, 33.37153 ], [ 11.15089, 33.35395 ], [ 11.17066, 33.33177 ], [ 11.19386, 33.32099 ], [ 11.21778, 33.31631 ], [ 11.26905, 33.29426 ], [ 11.29371, 33.28681 ], [ 11.28736, 33.28205 ], [ 11.28004, 33.28002 ], [ 11.1819, 33.30679 ], [ 11.13364, 33.31143 ], [ 11.12184, 33.28002 ], [ 11.13152, 33.26805 ], [ 11.14772, 33.2569 ], [ 11.16334, 33.24262 ], [ 11.17018, 33.22101 ], [ 11.17954, 33.21109 ], [ 11.20151, 33.21117 ], [ 11.24537, 33.21792 ], [ 11.28785, 33.21011 ], [ 11.37224, 33.18378 ], [ 11.41676, 33.18378 ], [ 11.43312, 33.19355 ], [ 11.42758, 33.20702 ], [ 11.41066, 33.21894 ], [ 11.39275, 33.22411 ], [ 11.38136, 33.2307 ], [ 11.3519, 33.25886 ], [ 11.44239, 33.20466 ], [ 11.49781, 33.18268 ], [ 11.52589, 33.17695 ], [ 11.56023, 33.16592 ], [ 11.57496, 33.15795 ], [ 11.58766, 33.13231 ], [ 11.60304, 33.12149 ], [ 11.63575, 33.10871 ], [ 11.7566, 33.09252 ], [ 11.79347, 33.08076 ], [ 11.77296, 33.09935 ], [ 11.70777, 33.11717 ], [ 11.69109, 33.13597 ], [ 11.73927, 33.11298 ], [ 11.84702, 33.08283 ], [ 12.08074, 32.95783 ], [ 12.12241, 32.92133 ], [ 12.16066, 32.91169 ], [ 12.22486, 32.87592 ], [ 12.30388, 32.84309 ], [ 12.34832, 32.83267 ], [ 12.72983, 32.79857 ], [ 12.82439, 32.80435 ], [ 13.07447, 32.86636 ], [ 13.11549, 32.88215 ], [ 13.14772, 32.904 ], [ 13.16472, 32.91275 ], [ 13.18775, 32.91625 ], [ 13.25709, 32.91865 ], [ 13.35174, 32.90424 ], [ 13.36313, 32.89956 ], [ 13.37355, 32.89204 ], [ 13.57146, 32.8028 ], [ 13.61695, 32.7934 ], [ 13.78712, 32.79963 ], [ 13.83033, 32.79409 ], [ 13.91529, 32.77277 ], [ 13.99122, 32.74457 ], [ 14.17555, 32.71768 ], [ 14.18531, 32.7145 ], [ 14.20338, 32.70034 ], [ 14.22633, 32.6909 ], [ 14.26246, 32.66031 ], [ 14.31715, 32.63044 ], [ 14.40406, 32.56684 ], [ 14.44939, 32.52538 ], [ 14.46949, 32.51903 ], [ 14.6316, 32.49567 ], [ 14.64763, 32.48827 ], [ 14.66293, 32.47675 ], [ 14.70672, 32.45628 ], [ 14.72682, 32.45075 ], [ 14.91114, 32.44392 ], [ 15.11476, 32.41279 ], [ 15.16, 32.39867 ], [ 15.18198, 32.39549 ], [ 15.19597, 32.3898 ], [ 15.22551, 32.35598 ], [ 10.02628, 32.35598 ], [ 10.02628, 34.06062 ], [ 10.03614, 34.03449 ] ] ], [ [ [ 20.27367, 32.35598 ], [ 20.32545, 32.40982 ], [ 20.34571, 32.41991 ], [ 20.38551, 32.43464 ], [ 20.40333, 32.44733 ], [ 20.41676, 32.45946 ], [ 20.56267, 32.55785 ], [ 20.79656, 32.64301 ], [ 20.93409, 32.7226 ], [ 21.05095, 32.77228 ], [ 21.09669, 32.78107 ], [ 21.28679, 32.77114 ], [ 21.33188, 32.77464 ], [ 21.41481, 32.7934 ], [ 21.4546, 32.81257 ], [ 21.60865, 32.93073 ], [ 21.62322, 32.93675 ], [ 21.67172, 32.93989 ], [ 21.71632, 32.95038 ], [ 21.74366, 32.93085 ], [ 21.78745, 32.91596 ], [ 21.83611, 32.90656 ], [ 21.87745, 32.90323 ], [ 22.0962, 32.92308 ], [ 22.10133, 32.92642 ], [ 22.11183, 32.9409 ], [ 22.11671, 32.94416 ], [ 22.14959, 32.94794 ], [ 22.16139, 32.94416 ], [ 22.16944, 32.93822 ], [ 22.17107, 32.92626 ], [ 22.17506, 32.91625 ], [ 22.2068, 32.88813 ], [ 22.24733, 32.88085 ], [ 22.33961, 32.88215 ], [ 22.37916, 32.87035 ], [ 22.47731, 32.80707 ], [ 22.49676, 32.79731 ], [ 22.51385, 32.79096 ], [ 22.53224, 32.78754 ], [ 22.57887, 32.78461 ], [ 22.81251, 32.72451 ], [ 22.86671, 32.69416 ], [ 22.89584, 32.68818 ], [ 22.92921, 32.6767 ], [ 22.94264, 32.67503 ], [ 22.9769, 32.6767 ], [ 22.99969, 32.67056 ], [ 23.04135, 32.65253 ], [ 23.08644, 32.64647 ], [ 23.10613, 32.63984 ], [ 23.11866, 32.62934 ], [ 23.12094, 32.61522 ], [ 23.11524, 32.60493 ], [ 23.09791, 32.58666 ], [ 23.09441, 32.57738 ], [ 23.10385, 32.51634 ], [ 23.11329, 32.5008 ], [ 23.12867, 32.48847 ], [ 23.14894, 32.47809 ], [ 23.14096, 32.45856 ], [ 23.12843, 32.39549 ], [ 23.10865, 32.40233 ], [ 23.11215, 32.41193 ], [ 23.10987, 32.42031 ], [ 23.09441, 32.43647 ], [ 23.0794, 32.35598 ], [ 20.27367, 32.35598 ] ] ], [ [ [ 31.96827, 36.56159 ], [ 31.92807, 36.56025 ], [ 31.90797, 36.56265 ], [ 31.89942, 36.57246 ], [ 31.88803, 36.58112 ], [ 31.86248, 36.58869 ], [ 31.83465, 36.59235 ], [ 31.81674, 36.5895 ], [ 31.80738, 36.59683 ], [ 31.76905, 36.61001 ], [ 31.74936, 36.63227 ], [ 31.73658, 36.64228 ], [ 31.72429, 36.64102 ], [ 31.70346, 36.64362 ], [ 31.62761, 36.67084 ], [ 31.61069, 36.68203 ], [ 31.5962, 36.69571 ], [ 31.40756, 36.76341 ], [ 31.37859, 36.76765 ], [ 31.37631, 36.79194 ], [ 31.34083, 36.80858 ], [ 30.93971, 36.857 ], [ 30.77589, 36.84955 ], [ 30.74806, 36.85566 ], [ 30.7269, 36.86587 ], [ 30.68653, 36.89118 ], [ 30.62859, 36.85956 ], [ 30.60174, 36.83812 ], [ 30.58766, 36.80707 ], [ 30.56983, 36.78132 ], [ 30.56983, 36.75056 ], [ 30.56463, 36.71796 ], [ 30.56577, 36.70018 ], [ 30.57667, 36.68513 ], [ 30.57667, 36.6789 ], [ 30.56267, 36.66254 ], [ 30.55836, 36.65233 ], [ 30.55616, 36.63788 ], [ 30.55787, 36.61961 ], [ 30.56381, 36.60932 ], [ 30.57106, 36.60114 ], [ 30.57667, 36.5895 ], [ 30.58351, 36.59634 ], [ 30.58107, 36.57518 ], [ 30.56723, 36.53986 ], [ 30.56983, 36.52802 ], [ 30.53598, 36.50519 ], [ 30.52084, 36.48973 ], [ 30.5088, 36.45429 ], [ 30.48699, 36.42695 ], [ 30.48797, 36.41816 ], [ 30.47462, 36.4016 ], [ 30.47633, 36.38422 ], [ 30.48715, 36.37027 ], [ 30.50164, 36.36359 ], [ 30.49415, 36.34931 ], [ 30.51987, 36.34186 ], [ 30.50563, 36.32738 ], [ 30.47877, 36.30858 ], [ 30.46681, 36.28783 ], [ 30.47364, 36.28783 ], [ 30.4782, 36.2923 ], [ 30.48064, 36.28954 ], [ 30.48797, 36.28783 ], [ 30.45167, 36.26179 ], [ 30.44077, 36.23933 ], [ 30.42742, 36.22639 ], [ 30.39861, 36.20596 ], [ 30.4004, 36.24811 ], [ 30.39601, 36.26553 ], [ 30.38429, 36.27424 ], [ 30.36052, 36.26862 ], [ 30.25457, 36.30829 ], [ 30.23373, 36.30891 ], [ 30.15854, 36.29865 ], [ 30.14926, 36.28986 ], [ 30.14552, 36.27513 ], [ 30.1447, 36.25434 ], [ 30.13844, 36.25434 ], [ 30.13722, 36.26065 ], [ 30.13103, 36.27424 ], [ 30.12477, 36.25507 ], [ 30.12477, 36.24689 ], [ 30.11061, 36.25434 ], [ 30.11061, 36.24006 ], [ 30.07301, 36.24689 ], [ 30.0656, 36.24995 ], [ 30.05787, 36.2556 ], [ 30.04819, 36.25878 ], [ 30.03484, 36.25434 ], [ 30.05592, 36.25434 ], [ 30.05592, 36.24689 ], [ 29.98845, 36.21776 ], [ 29.9734, 36.21963 ], [ 29.96127, 36.21385 ], [ 29.95004, 36.21442 ], [ 29.92555, 36.21963 ], [ 29.91651, 36.21906 ], [ 29.91163, 36.21703 ], [ 29.8982, 36.20596 ], [ 29.88136, 36.19843 ], [ 29.844, 36.19139 ], [ 29.83009, 36.18545 ], [ 29.83758, 36.18285 ], [ 29.83692, 36.17796 ], [ 29.82732, 36.17805 ], [ 29.80258, 36.17182 ], [ 29.80258, 36.16498 ], [ 29.82309, 36.16498 ], [ 29.80958, 36.154 ], [ 29.79526, 36.14521 ], [ 29.77955, 36.13935 ], [ 29.76173, 36.13703 ], [ 29.76173, 36.14448 ], [ 29.76726, 36.14777 ], [ 29.7754, 36.15815 ], [ 29.76238, 36.15656 ], [ 29.75489, 36.1507 ], [ 29.74342, 36.16096 ], [ 29.73146, 36.16425 ], [ 29.71925, 36.16267 ], [ 29.70704, 36.15815 ], [ 29.69996, 36.14614 ], [ 29.6893, 36.14448 ], [ 29.68873, 36.14126 ], [ 29.67237, 36.12336 ], [ 29.66822, 36.14378 ], [ 29.63396, 36.15705 ], [ 29.62387, 36.17796 ], [ 29.63738, 36.17243 ], [ 29.64324, 36.17792 ], [ 29.6421, 36.18696 ], [ 29.63453, 36.19164 ], [ 29.58351, 36.18545 ], [ 29.58351, 36.19164 ], [ 29.59254, 36.19579 ], [ 29.61297, 36.19986 ], [ 29.62387, 36.19912 ], [ 29.60222, 36.20702 ], [ 29.52149, 36.20596 ], [ 29.49448, 36.211 ], [ 29.43214, 36.24006 ], [ 29.42042, 36.23062 ], [ 29.41521, 36.23973 ], [ 29.41163, 36.2674 ], [ 29.40577, 36.26016 ], [ 29.40187, 36.26179 ], [ 29.39812, 36.26618 ], [ 29.39186, 36.2674 ], [ 29.3816, 36.2639 ], [ 29.36997, 36.25434 ], [ 29.35711, 36.23566 ], [ 29.34962, 36.23261 ], [ 29.34083, 36.23737 ], [ 29.32936, 36.2541 ], [ 29.32228, 36.24689 ], [ 29.25668, 36.29702 ], [ 29.24781, 36.31171 ], [ 29.23463, 36.32429 ], [ 29.17498, 36.33983 ], [ 29.15846, 36.35676 ], [ 29.1447, 36.34931 ], [ 29.1408, 36.36245 ], [ 29.1447, 36.36978 ], [ 29.1447, 36.37718 ], [ 29.11687, 36.37718 ], [ 29.12428, 36.38345 ], [ 29.1128, 36.38939 ], [ 29.09636, 36.39094 ], [ 29.10141, 36.40021 ], [ 29.10906, 36.40648 ], [ 29.11891, 36.4101 ], [ 29.13038, 36.41136 ], [ 29.12916, 36.4169 ], [ 29.12428, 36.41816 ], [ 29.13014, 36.43651 ], [ 29.1242, 36.4536 ], [ 29.11134, 36.46678 ], [ 29.09636, 36.47346 ], [ 29.09636, 36.47964 ], [ 29.10955, 36.48851 ], [ 29.12428, 36.49331 ], [ 29.12029, 36.53563 ], [ 29.11492, 36.55268 ], [ 29.10377, 36.54792 ], [ 29.09636, 36.54792 ], [ 29.08432, 36.56025 ], [ 29.03639, 36.54531 ], [ 29.01441, 36.54792 ], [ 29.03273, 36.55183 ], [ 29.03688, 36.56147 ], [ 29.03142, 36.57477 ], [ 29.02052, 36.5895 ], [ 29.02613, 36.59626 ], [ 29.035, 36.61469 ], [ 29.04176, 36.62425 ], [ 29.05584, 36.61424 ], [ 29.06821, 36.62393 ], [ 29.0809, 36.63862 ], [ 29.09636, 36.64411 ], [ 29.09636, 36.63788 ], [ 29.09059, 36.6271 ], [ 29.09881, 36.6236 ], [ 29.11061, 36.62637 ], [ 29.11687, 36.63422 ], [ 29.11451, 36.64313 ], [ 29.10922, 36.652 ], [ 29.09636, 36.66523 ], [ 29.03419, 36.701 ], [ 28.95631, 36.72753 ], [ 28.94614, 36.73697 ], [ 28.93898, 36.75129 ], [ 28.9227, 36.74136 ], [ 28.90414, 36.72305 ], [ 28.89088, 36.71239 ], [ 28.89088, 36.7062 ], [ 28.89772, 36.7062 ], [ 28.89772, 36.69937 ], [ 28.87892, 36.69807 ], [ 28.86354, 36.69257 ], [ 28.86004, 36.68423 ], [ 28.86264, 36.67512 ], [ 28.86248, 36.66791 ], [ 28.84995, 36.66523 ], [ 28.85499, 36.65664 ], [ 28.86354, 36.65095 ], [ 28.85678, 36.64411 ], [ 28.87037, 36.63052 ], [ 28.87664, 36.63052 ], [ 28.88803, 36.64842 ], [ 28.89015, 36.65762 ], [ 28.88404, 36.67145 ], [ 28.9017, 36.65827 ], [ 28.89536, 36.64142 ], [ 28.87843, 36.62592 ], [ 28.86354, 36.61685 ], [ 28.86964, 36.60663 ], [ 28.85873, 36.6013 ], [ 28.84156, 36.60017 ], [ 28.82887, 36.60253 ], [ 28.81861, 36.61172 ], [ 28.81861, 36.62079 ], [ 28.82716, 36.62775 ], [ 28.84254, 36.63052 ], [ 28.84254, 36.63788 ], [ 28.82545, 36.64472 ], [ 28.8152, 36.6518 ], [ 28.80502, 36.65526 ], [ 28.78785, 36.65095 ], [ 28.78273, 36.67739 ], [ 28.74635, 36.6977 ], [ 28.70167, 36.70506 ], [ 28.67172, 36.69257 ], [ 28.66489, 36.69257 ], [ 28.65992, 36.711 ], [ 28.64918, 36.71833 ], [ 28.63592, 36.7145 ], [ 28.62338, 36.69937 ], [ 28.61622, 36.70596 ], [ 28.60353, 36.73355 ], [ 28.61256, 36.74714 ], [ 28.61671, 36.76699 ], [ 28.61411, 36.78535 ], [ 28.60353, 36.79499 ], [ 28.60304, 36.79963 ], [ 28.61036, 36.80174 ], [ 28.60629, 36.80687 ], [ 28.60621, 36.81013 ], [ 28.61036, 36.81607 ], [ 28.60353, 36.81607 ], [ 28.59742, 36.80256 ], [ 28.59669, 36.79499 ], [ 28.59108, 36.79902 ], [ 28.58855, 36.80801 ], [ 28.57586, 36.81953 ], [ 28.54615, 36.82343 ], [ 28.52442, 36.8133 ], [ 28.52784, 36.78876 ], [ 28.51775, 36.79564 ], [ 28.49789, 36.79849 ], [ 28.48683, 36.80174 ], [ 28.5005, 36.80858 ], [ 28.5005, 36.81607 ], [ 28.47804, 36.81599 ], [ 28.46388, 36.81875 ], [ 28.45607, 36.82852 ], [ 28.45265, 36.84955 ], [ 28.46412, 36.84992 ], [ 28.46632, 36.85334 ], [ 28.46518, 36.85936 ], [ 28.46013, 36.86376 ], [ 28.45883, 36.86693 ], [ 28.45672, 36.87751 ], [ 28.452, 36.88361 ], [ 28.44744, 36.88304 ], [ 28.44516, 36.87377 ], [ 28.43621, 36.86473 ], [ 28.41619, 36.85969 ], [ 28.38722, 36.857 ], [ 28.37672, 36.85444 ], [ 28.37745, 36.84837 ], [ 28.39064, 36.83592 ], [ 28.41472, 36.8371 ], [ 28.42482, 36.82909 ], [ 28.41424, 36.8146 ], [ 28.4065, 36.79975 ], [ 28.39601, 36.7895 ], [ 28.37696, 36.78876 ], [ 28.32496, 36.81013 ], [ 28.31495, 36.81607 ], [ 28.30877, 36.81607 ], [ 28.31495, 36.79499 ], [ 28.28858, 36.79369 ], [ 28.27817, 36.79645 ], [ 28.27394, 36.80516 ], [ 28.27833, 36.81415 ], [ 28.28891, 36.81843 ], [ 28.31495, 36.82225 ], [ 28.31495, 36.82909 ], [ 28.30274, 36.83568 ], [ 28.28858, 36.84589 ], [ 28.27312, 36.852 ], [ 28.25717, 36.84618 ], [ 28.24317, 36.82978 ], [ 28.23666, 36.81322 ], [ 28.23951, 36.79881 ], [ 28.25343, 36.78876 ], [ 28.24887, 36.76683 ], [ 28.28858, 36.74258 ], [ 28.2951, 36.71988 ], [ 28.28305, 36.72663 ], [ 28.26726, 36.7309 ], [ 28.2531, 36.72785 ], [ 28.24659, 36.71239 ], [ 28.23357, 36.71988 ], [ 28.23194, 36.71186 ], [ 28.22543, 36.7062 ], [ 28.23162, 36.70458 ], [ 28.23357, 36.69937 ], [ 28.1819, 36.68464 ], [ 28.16228, 36.67267 ], [ 28.1443, 36.65095 ], [ 28.13071, 36.62897 ], [ 28.1115, 36.60419 ], [ 28.08815, 36.58906 ], [ 28.0617, 36.59634 ], [ 28.05502, 36.58657 ], [ 28.04184, 36.58271 ], [ 28.04802, 36.56904 ], [ 28.0359, 36.56476 ], [ 28.02589, 36.56371 ], [ 28.01832, 36.56704 ], [ 28.01385, 36.57587 ], [ 28.00367, 36.56192 ], [ 27.9909, 36.55976 ], [ 27.97771, 36.56574 ], [ 27.96608, 36.57587 ], [ 27.97291, 36.5895 ], [ 27.96762, 36.5926 ], [ 27.95924, 36.60253 ], [ 28.03443, 36.60253 ], [ 28.05397, 36.60961 ], [ 28.08961, 36.64411 ], [ 28.07594, 36.65778 ], [ 28.04802, 36.63788 ], [ 28.04802, 36.64411 ], [ 28.05779, 36.65278 ], [ 28.06121, 36.66474 ], [ 28.05795, 36.67666 ], [ 28.04802, 36.68513 ], [ 28.03793, 36.69062 ], [ 28.03533, 36.68757 ], [ 28.03443, 36.6752 ], [ 28.02963, 36.67036 ], [ 28.01889, 36.67133 ], [ 28.00017, 36.6789 ], [ 27.99147, 36.67585 ], [ 27.98015, 36.67585 ], [ 27.97023, 36.67984 ], [ 27.96608, 36.68879 ], [ 27.9712, 36.69253 ], [ 28.00701, 36.69937 ], [ 28.00017, 36.7062 ], [ 28.02133, 36.70506 ], [ 28.02752, 36.7062 ], [ 28.03826, 36.71406 ], [ 28.04249, 36.71845 ], [ 28.04184, 36.71988 ], [ 28.07976, 36.72207 ], [ 28.08961, 36.72671 ], [ 28.08595, 36.7106 ], [ 28.1006, 36.70962 ], [ 28.11638, 36.71882 ], [ 28.11687, 36.73355 ], [ 28.10743, 36.7392 ], [ 28.08766, 36.74087 ], [ 28.0822, 36.74714 ], [ 28.08416, 36.75373 ], [ 28.10328, 36.76765 ], [ 28.11004, 36.77509 ], [ 28.11752, 36.76386 ], [ 28.13054, 36.75397 ], [ 28.12525, 36.77131 ], [ 28.12371, 36.7919 ], [ 28.11842, 36.8006 ], [ 28.1067, 36.80296 ], [ 28.09498, 36.80142 ], [ 28.08627, 36.7967 ], [ 28.0691, 36.77509 ], [ 28.04721, 36.76333 ], [ 28.03932, 36.76447 ], [ 28.03443, 36.77509 ], [ 28.0197, 36.76313 ], [ 27.98072, 36.75381 ], [ 27.96608, 36.74714 ], [ 27.95924, 36.74714 ], [ 27.95411, 36.75959 ], [ 27.94467, 36.75625 ], [ 27.9323, 36.74657 ], [ 27.91765, 36.74038 ], [ 27.91245, 36.75414 ], [ 27.90545, 36.75288 ], [ 27.89031, 36.74038 ], [ 27.88315, 36.74384 ], [ 27.8768, 36.7508 ], [ 27.87037, 36.75259 ], [ 27.86305, 36.74038 ], [ 27.85621, 36.74038 ], [ 27.84376, 36.74893 ], [ 27.82618, 36.75747 ], [ 27.80649, 36.76081 ], [ 27.78785, 36.75397 ], [ 27.78785, 36.76081 ], [ 27.77605, 36.75593 ], [ 27.73609, 36.76081 ], [ 27.71941, 36.75625 ], [ 27.6985, 36.7342 ], [ 27.68426, 36.72671 ], [ 27.68426, 36.71988 ], [ 27.68686, 36.71113 ], [ 27.67311, 36.67963 ], [ 27.67115, 36.65778 ], [ 27.63795, 36.67133 ], [ 27.61988, 36.67646 ], [ 27.60304, 36.6789 ], [ 27.57032, 36.67381 ], [ 27.55974, 36.67463 ], [ 27.55454, 36.68513 ], [ 27.48634, 36.66523 ], [ 27.47771, 36.65347 ], [ 27.47267, 36.65095 ], [ 27.46803, 36.65298 ], [ 27.45574, 36.66291 ], [ 27.44842, 36.66523 ], [ 27.41578, 36.66901 ], [ 27.40431, 36.66523 ], [ 27.40203, 36.67748 ], [ 27.39405, 36.68415 ], [ 27.38299, 36.68476 ], [ 27.37029, 36.6789 ], [ 27.37062, 36.68317 ], [ 27.36915, 36.68448 ], [ 27.3628, 36.68513 ], [ 27.36866, 36.69135 ], [ 27.36866, 36.69741 ], [ 27.36402, 36.70258 ], [ 27.3558, 36.7062 ], [ 27.3558, 36.71239 ], [ 27.38478, 36.70502 ], [ 27.40162, 36.70474 ], [ 27.41432, 36.7093 ], [ 27.42311, 36.71967 ], [ 27.42726, 36.73566 ], [ 27.43849, 36.74714 ], [ 27.44955, 36.75397 ], [ 27.45883, 36.75568 ], [ 27.48316, 36.75397 ], [ 27.55665, 36.76268 ], [ 27.59246, 36.76081 ], [ 27.6115, 36.76533 ], [ 27.61695, 36.77619 ], [ 27.61785, 36.78962 ], [ 27.62338, 36.80174 ], [ 27.64536, 36.80646 ], [ 27.69117, 36.78433 ], [ 27.70541, 36.78876 ], [ 27.7212, 36.78168 ], [ 27.74822, 36.78441 ], [ 27.76002, 36.78132 ], [ 27.78566, 36.80109 ], [ 27.79908, 36.80663 ], [ 27.88649, 36.80882 ], [ 27.89715, 36.81232 ], [ 27.90366, 36.80581 ], [ 27.91969, 36.79971 ], [ 27.93995, 36.79564 ], [ 27.95924, 36.79499 ], [ 27.99415, 36.79841 ], [ 28.01051, 36.79434 ], [ 28.02752, 36.78132 ], [ 28.03077, 36.79173 ], [ 28.03688, 36.79735 ], [ 28.05543, 36.80858 ], [ 28.04908, 36.82062 ], [ 28.03956, 36.82665 ], [ 28.02573, 36.8288 ], [ 28.00701, 36.82909 ], [ 28.01385, 36.83592 ], [ 28.02329, 36.83324 ], [ 28.02459, 36.8391 ], [ 28.01873, 36.84862 ], [ 28.00701, 36.857 ], [ 28.01157, 36.85765 ], [ 28.02125, 36.86323 ], [ 28.02866, 36.86017 ], [ 28.05543, 36.87067 ], [ 28.05543, 36.8769 ], [ 28.03549, 36.89338 ], [ 28.02125, 36.91161 ], [ 28.03443, 36.9042 ], [ 28.04184, 36.91161 ], [ 28.0359, 36.91462 ], [ 28.02752, 36.92593 ], [ 28.0617, 36.92593 ], [ 28.0617, 36.93211 ], [ 28.04184, 36.93211 ], [ 28.04184, 36.93891 ], [ 28.06544, 36.93928 ], [ 28.07504, 36.9374 ], [ 28.0822, 36.93211 ], [ 28.08855, 36.93667 ], [ 28.09352, 36.93789 ], [ 28.10328, 36.93211 ], [ 28.11004, 36.93211 ], [ 28.12013, 36.93769 ], [ 28.14194, 36.9287 ], [ 28.1517, 36.93211 ], [ 28.15724, 36.93211 ], [ 28.16529, 36.91161 ], [ 28.16847, 36.91889 ], [ 28.16529, 36.92593 ], [ 28.16847, 36.93016 ], [ 28.16814, 36.93342 ], [ 28.15724, 36.93891 ], [ 28.15724, 36.94579 ], [ 28.16651, 36.94693 ], [ 28.17449, 36.94599 ], [ 28.18067, 36.9433 ], [ 28.18523, 36.93891 ], [ 28.20509, 36.96629 ], [ 28.21241, 36.97309 ], [ 28.21241, 36.98054 ], [ 28.1989, 36.98054 ], [ 28.20688, 36.99018 ], [ 28.21241, 37.00043 ], [ 28.22853, 36.99055 ], [ 28.24464, 36.98819 ], [ 28.2531, 36.99372 ], [ 28.24659, 37.00788 ], [ 28.30006, 37.02497 ], [ 28.3296, 37.03046 ], [ 28.32936, 37.03677 ], [ 28.32276, 37.04385 ], [ 28.31495, 37.04881 ], [ 28.3047, 37.05085 ], [ 28.17433, 37.03514 ], [ 28.12623, 37.03587 ], [ 28.10727, 37.03213 ], [ 28.11004, 37.02147 ], [ 28.11004, 37.01411 ], [ 28.09295, 37.02143 ], [ 27.98658, 37.03514 ], [ 27.9756, 37.03229 ], [ 27.96315, 37.02359 ], [ 27.95183, 37.02147 ], [ 27.91139, 37.02774 ], [ 27.88624, 37.02619 ], [ 27.8047, 37.00458 ], [ 27.79412, 37.00788 ], [ 27.78785, 37.00788 ], [ 27.78045, 36.9936 ], [ 27.76287, 36.9973 ], [ 27.75123, 36.99689 ], [ 27.73951, 36.9936 ], [ 27.71974, 37.00519 ], [ 27.68767, 37.00544 ], [ 27.65577, 36.99653 ], [ 27.63649, 36.98054 ], [ 27.61801, 36.98924 ], [ 27.59034, 36.99828 ], [ 27.56715, 36.99665 ], [ 27.56202, 36.97309 ], [ 27.52833, 36.99128 ], [ 27.51417, 36.9936 ], [ 27.48373, 36.99079 ], [ 27.47267, 36.9936 ], [ 27.46274, 37.00113 ], [ 27.44483, 37.02253 ], [ 27.43849, 37.02774 ], [ 27.42351, 37.02717 ], [ 27.40805, 37.01683 ], [ 27.40235, 37.02387 ], [ 27.40431, 37.02774 ], [ 27.39682, 37.02774 ], [ 27.39479, 37.0183 ], [ 27.38331, 36.9936 ], [ 27.37892, 37.00072 ], [ 27.38331, 37.00788 ], [ 27.37794, 37.0102 ], [ 27.37648, 37.01411 ], [ 27.38168, 37.01895 ], [ 27.37648, 37.02774 ], [ 27.36744, 37.02277 ], [ 27.34099, 37.01846 ], [ 27.32862, 37.01411 ], [ 27.32862, 37.00788 ], [ 27.33269, 36.99706 ], [ 27.32651, 36.98599 ], [ 27.31463, 36.97712 ], [ 27.30063, 36.97309 ], [ 27.30812, 36.95942 ], [ 27.29396, 36.96162 ], [ 27.28696, 36.95942 ], [ 27.28094, 36.96686 ], [ 27.26319, 36.96336 ], [ 27.2527, 36.97834 ], [ 27.24741, 37.00023 ], [ 27.2461, 37.01777 ], [ 27.24122, 37.03437 ], [ 27.23243, 37.04731 ], [ 27.22877, 37.06184 ], [ 27.23911, 37.08295 ], [ 27.24773, 37.08344 ], [ 27.26417, 37.08902 ], [ 27.28191, 37.09833 ], [ 27.29444, 37.1103 ], [ 27.28745, 37.11542 ], [ 27.27906, 37.11758 ], [ 27.27003, 37.11603 ], [ 27.26043, 37.1103 ], [ 27.25489, 37.11652 ], [ 27.25294, 37.12397 ], [ 27.26043, 37.11774 ], [ 27.27166, 37.12885 ], [ 27.30299, 37.11957 ], [ 27.32179, 37.12397 ], [ 27.3213, 37.13109 ], [ 27.32472, 37.14785 ], [ 27.32179, 37.15868 ], [ 27.33253, 37.1562 ], [ 27.33961, 37.15054 ], [ 27.34303, 37.14179 ], [ 27.3423, 37.13011 ], [ 27.34897, 37.13011 ], [ 27.35426, 37.14086 ], [ 27.36158, 37.14863 ], [ 27.36931, 37.1507 ], [ 27.37648, 37.14444 ], [ 27.38331, 37.15184 ], [ 27.38299, 37.13471 ], [ 27.38657, 37.13007 ], [ 27.40431, 37.13011 ], [ 27.41822, 37.12124 ], [ 27.42547, 37.11961 ], [ 27.43849, 37.12397 ], [ 27.431, 37.11774 ], [ 27.44557, 37.09699 ], [ 27.45981, 37.0895 ], [ 27.47511, 37.09252 ], [ 27.50131, 37.10749 ], [ 27.52223, 37.11498 ], [ 27.54151, 37.12596 ], [ 27.56511, 37.12564 ], [ 27.57553, 37.13011 ], [ 27.57553, 37.1376 ], [ 27.56235, 37.13581 ], [ 27.55454, 37.13011 ], [ 27.54721, 37.16181 ], [ 27.53956, 37.17829 ], [ 27.52784, 37.18537 ], [ 27.52784, 37.19282 ], [ 27.57472, 37.20116 ], [ 27.58766, 37.1988 ], [ 27.57553, 37.17853 ], [ 27.58668, 37.18146 ], [ 27.59474, 37.18594 ], [ 27.60987, 37.19965 ], [ 27.59425, 37.20429 ], [ 27.58855, 37.21113 ], [ 27.58937, 37.2307 ], [ 27.59164, 37.23505 ], [ 27.60426, 37.24225 ], [ 27.60987, 37.24746 ], [ 27.6128, 37.25462 ], [ 27.61598, 37.27473 ], [ 27.60304, 37.28217 ], [ 27.59441, 37.28384 ], [ 27.58937, 37.27473 ], [ 27.56479, 37.27554 ], [ 27.55323, 37.27294 ], [ 27.54835, 37.26484 ], [ 27.54322, 37.24982 ], [ 27.53053, 37.23631 ], [ 27.51466, 37.22932 ], [ 27.50001, 37.23383 ], [ 27.51775, 37.246 ], [ 27.51987, 37.2591 ], [ 27.5088, 37.26805 ], [ 27.48634, 37.26789 ], [ 27.47364, 37.25642 ], [ 27.46363, 37.25202 ], [ 27.45883, 37.258 ], [ 27.46144, 37.26752 ], [ 27.46795, 37.277 ], [ 27.48634, 37.29523 ], [ 27.48512, 37.30305 ], [ 27.49, 37.31379 ], [ 27.49138, 37.32734 ], [ 27.48015, 37.3437 ], [ 27.47267, 37.3437 ], [ 27.46852, 37.31562 ], [ 27.44614, 37.30561 ], [ 27.4183, 37.30948 ], [ 27.39682, 37.32315 ], [ 27.38868, 37.34528 ], [ 27.39674, 37.36563 ], [ 27.41521, 37.38166 ], [ 27.43849, 37.39081 ], [ 27.42652, 37.40595 ], [ 27.40724, 37.41275 ], [ 27.38657, 37.41205 ], [ 27.37029, 37.4051 ], [ 27.36118, 37.39216 ], [ 27.35646, 37.37914 ], [ 27.3462, 37.37059 ], [ 27.32179, 37.37092 ], [ 27.32179, 37.36351 ], [ 27.33644, 37.3557 ], [ 27.33033, 37.35163 ], [ 27.27149, 37.34858 ], [ 27.25766, 37.34455 ], [ 27.2461, 37.33617 ], [ 27.23878, 37.3439 ], [ 27.2317, 37.34809 ], [ 27.22495, 37.34821 ], [ 27.21876, 37.3437 ], [ 27.21559, 37.35415 ], [ 27.21192, 37.35733 ], [ 27.20135, 37.35228 ], [ 27.19077, 37.35733 ], [ 27.20069, 37.36652 ], [ 27.20753, 37.37641 ], [ 27.20948, 37.38695 ], [ 27.20509, 37.39826 ], [ 27.22625, 37.4051 ], [ 27.22625, 37.41193 ], [ 27.21746, 37.4313 ], [ 27.2225, 37.47675 ], [ 27.20509, 37.47272 ], [ 27.19939, 37.47858 ], [ 27.19264, 37.47866 ], [ 27.18531, 37.47411 ], [ 27.17774, 37.46654 ], [ 27.1819, 37.48334 ], [ 27.18784, 37.49828 ], [ 27.19044, 37.51268 ], [ 27.18458, 37.52802 ], [ 27.18824, 37.53449 ], [ 27.18043, 37.54458 ], [ 27.18458, 37.55589 ], [ 27.20037, 37.54755 ], [ 27.20932, 37.5633 ], [ 27.21217, 37.5856 ], [ 27.20851, 37.59687 ], [ 27.19386, 37.60102 ], [ 27.13624, 37.63105 ], [ 27.04884, 37.65013 ], [ 27.01149, 37.66572 ], [ 27.02076, 37.68627 ], [ 27.03834, 37.69013 ], [ 27.10548, 37.68627 ], [ 27.12721, 37.68854 ], [ 27.21315, 37.71345 ], [ 27.22641, 37.72093 ], [ 27.24952, 37.74433 ], [ 27.2566, 37.75951 ], [ 27.26051, 37.78197 ], [ 27.26157, 37.80353 ], [ 27.26043, 37.81599 ], [ 27.24334, 37.83381 ], [ 27.23715, 37.84545 ], [ 27.23911, 37.86441 ], [ 27.25554, 37.8771 ], [ 27.26043, 37.88422 ], [ 27.26539, 37.90168 ], [ 27.26466, 37.90982 ], [ 27.26043, 37.91901 ], [ 27.27475, 37.92902 ], [ 27.26629, 37.95136 ], [ 27.23911, 37.98794 ], [ 27.21404, 37.98094 ], [ 27.1775, 37.98094 ], [ 27.14112, 37.98603 ], [ 27.11638, 37.99409 ], [ 27.1019, 38.01268 ], [ 27.07594, 38.01704 ], [ 27.07016, 38.02001 ], [ 27.06471, 38.04059 ], [ 27.05592, 38.04572 ], [ 27.02703, 38.04938 ], [ 26.97543, 38.06525 ], [ 26.94923, 38.06737 ], [ 26.91774, 38.0624 ], [ 26.90008, 38.05679 ], [ 26.8934, 38.05622 ], [ 26.88852, 38.05288 ], [ 26.88152, 38.0384 ], [ 26.87306, 38.0351 ], [ 26.86492, 38.04035 ], [ 26.84205, 38.07608 ], [ 26.84742, 38.08877 ], [ 26.84645, 38.10342 ], [ 26.84156, 38.11823 ], [ 26.83522, 38.13129 ], [ 26.82504, 38.14496 ], [ 26.80299, 38.16242 ], [ 26.79363, 38.17227 ], [ 26.77605, 38.16523 ], [ 26.77149, 38.17748 ], [ 26.77369, 38.20702 ], [ 26.76026, 38.21674 ], [ 26.74464, 38.21564 ], [ 26.72731, 38.21027 ], [ 26.70826, 38.20702 ], [ 26.64576, 38.20673 ], [ 26.63592, 38.2036 ], [ 26.62289, 38.13874 ], [ 26.61549, 38.14496 ], [ 26.60922, 38.14496 ], [ 26.61215, 38.13076 ], [ 26.61215, 38.11787 ], [ 26.60711, 38.1083 ], [ 26.59498, 38.10395 ], [ 26.58863, 38.10822 ], [ 26.57683, 38.13272 ], [ 26.56764, 38.14496 ], [ 26.56715, 38.12397 ], [ 26.5569, 38.1223 ], [ 26.5433, 38.13052 ], [ 26.52377, 38.14741 ], [ 26.51734, 38.15567 ], [ 26.51547, 38.16572 ], [ 26.5193, 38.17967 ], [ 26.49171, 38.17402 ], [ 26.46656, 38.19062 ], [ 26.44223, 38.21198 ], [ 26.41749, 38.22065 ], [ 26.42416, 38.20018 ], [ 26.41749, 38.20018 ], [ 26.41212, 38.20637 ], [ 26.39015, 38.22382 ], [ 26.39454, 38.24287 ], [ 26.39487, 38.25165 ], [ 26.39015, 38.26166 ], [ 26.38331, 38.26166 ], [ 26.37501, 38.23481 ], [ 26.35401, 38.22826 ], [ 26.32862, 38.23505 ], [ 26.29607, 38.25658 ], [ 26.28663, 38.26105 ], [ 26.23463, 38.27383 ], [ 26.23308, 38.28026 ], [ 26.23878, 38.2958 ], [ 26.26539, 38.28669 ], [ 26.27638, 38.30048 ], [ 26.2859, 38.31867 ], [ 26.30763, 38.32307 ], [ 26.30763, 38.33051 ], [ 26.28891, 38.34064 ], [ 26.28614, 38.35895 ], [ 26.29412, 38.36986 ], [ 26.30763, 38.35786 ], [ 26.30934, 38.36713 ], [ 26.31178, 38.37116 ], [ 26.32114, 38.37767 ], [ 26.32521, 38.36555 ], [ 26.32594, 38.35493 ], [ 26.32276, 38.34553 ], [ 26.3143, 38.33674 ], [ 26.32447, 38.33173 ], [ 26.34636, 38.3288 ], [ 26.34978, 38.32014 ], [ 26.35613, 38.31688 ], [ 26.37062, 38.31607 ], [ 26.38502, 38.31843 ], [ 26.39186, 38.32502 ], [ 26.38331, 38.33674 ], [ 26.38331, 38.34357 ], [ 26.39894, 38.33552 ], [ 26.41749, 38.33674 ], [ 26.42921, 38.34077 ], [ 26.46217, 38.35786 ], [ 26.47592, 38.36689 ], [ 26.47706, 38.38687 ], [ 26.46803, 38.40762 ], [ 26.45151, 38.41869 ], [ 26.45151, 38.42609 ], [ 26.4769, 38.41669 ], [ 26.48911, 38.4062 ], [ 26.49789, 38.40729 ], [ 26.51303, 38.43293 ], [ 26.49887, 38.43964 ], [ 26.47429, 38.45734 ], [ 26.45387, 38.4632 ], [ 26.44077, 38.47281 ], [ 26.431, 38.47394 ], [ 26.42205, 38.46971 ], [ 26.41424, 38.45628 ], [ 26.40724, 38.45344 ], [ 26.38787, 38.45425 ], [ 26.38819, 38.45844 ], [ 26.39723, 38.4687 ], [ 26.40382, 38.48753 ], [ 26.39991, 38.49958 ], [ 26.36964, 38.53535 ], [ 26.37582, 38.52855 ], [ 26.37306, 38.54072 ], [ 26.35914, 38.57697 ], [ 26.36012, 38.58356 ], [ 26.34864, 38.62132 ], [ 26.34897, 38.63548 ], [ 26.35108, 38.65021 ], [ 26.35629, 38.66169 ], [ 26.36598, 38.66633 ], [ 26.38103, 38.66836 ], [ 26.40301, 38.67731 ], [ 26.41407, 38.67939 ], [ 26.4406, 38.67768 ], [ 26.46559, 38.67267 ], [ 26.48764, 38.66429 ], [ 26.50563, 38.65266 ], [ 26.53956, 38.62368 ], [ 26.55584, 38.60541 ], [ 26.5608, 38.59003 ], [ 26.58399, 38.56094 ], [ 26.60922, 38.53535 ], [ 26.63038, 38.51923 ], [ 26.63592, 38.50804 ], [ 26.63795, 38.49702 ], [ 26.63803, 38.47773 ], [ 26.64332, 38.46772 ], [ 26.62916, 38.46088 ], [ 26.62135, 38.46662 ], [ 26.61085, 38.46841 ], [ 26.59929, 38.46638 ], [ 26.58815, 38.46088 ], [ 26.60524, 38.4538 ], [ 26.60499, 38.44477 ], [ 26.58815, 38.41869 ], [ 26.61183, 38.41625 ], [ 26.62208, 38.40534 ], [ 26.62827, 38.39008 ], [ 26.63966, 38.37458 ], [ 26.65707, 38.3288 ], [ 26.67311, 38.3072 ], [ 26.69459, 38.31318 ], [ 26.69996, 38.32575 ], [ 26.69361, 38.33438 ], [ 26.6775, 38.34357 ], [ 26.67066, 38.38516 ], [ 26.67595, 38.40233 ], [ 26.68727, 38.41975 ], [ 26.7024, 38.43016 ], [ 26.71909, 38.42609 ], [ 26.71909, 38.43293 ], [ 26.72535, 38.43293 ], [ 26.73666, 38.42292 ], [ 26.74822, 38.40469 ], [ 26.76686, 38.36408 ], [ 26.78736, 38.37153 ], [ 26.7951, 38.35863 ], [ 26.80983, 38.36005 ], [ 26.82765, 38.36725 ], [ 26.84547, 38.37153 ], [ 26.92457, 38.37767 ], [ 26.97381, 38.39619 ], [ 26.98976, 38.39887 ], [ 27.01336, 38.4125 ], [ 27.02361, 38.4121 ], [ 27.04249, 38.40762 ], [ 27.05437, 38.4125 ], [ 27.05584, 38.40851 ], [ 27.06121, 38.4125 ], [ 27.08863, 38.40225 ], [ 27.11183, 38.41401 ], [ 27.13543, 38.43366 ], [ 27.16424, 38.4466 ], [ 27.16424, 38.45344 ], [ 27.15447, 38.45942 ], [ 27.15016, 38.45873 ], [ 27.14308, 38.45344 ], [ 27.13624, 38.46088 ], [ 27.11695, 38.45392 ], [ 27.08334, 38.45673 ], [ 27.07472, 38.45344 ], [ 27.04908, 38.4632 ], [ 27.02231, 38.46247 ], [ 26.93865, 38.43423 ], [ 26.93539, 38.43488 ], [ 26.94508, 38.4466 ], [ 26.92791, 38.45604 ], [ 26.89763, 38.4947 ], [ 26.88404, 38.50121 ], [ 26.85922, 38.50747 ], [ 26.84929, 38.5124 ], [ 26.82691, 38.52619 ], [ 26.81471, 38.54279 ], [ 26.82927, 38.53132 ], [ 26.84702, 38.5207 ], [ 26.8742, 38.50747 ], [ 26.88982, 38.50804 ], [ 26.88982, 38.51488 ], [ 26.87778, 38.52635 ], [ 26.86508, 38.53555 ], [ 26.85125, 38.54291 ], [ 26.83522, 38.54902 ], [ 26.84889, 38.5974 ], [ 26.83424, 38.60822 ], [ 26.82504, 38.6048 ], [ 26.81373, 38.59764 ], [ 26.79363, 38.5974 ], [ 26.80104, 38.61172 ], [ 26.77931, 38.61774 ], [ 26.76694, 38.61905 ], [ 26.75318, 38.61791 ], [ 26.75945, 38.63841 ], [ 26.74643, 38.63866 ], [ 26.71909, 38.65266 ], [ 26.73365, 38.66364 ], [ 26.74244, 38.66625 ], [ 26.75318, 38.66633 ], [ 26.73316, 38.68964 ], [ 26.72584, 38.7027 ], [ 26.71909, 38.72093 ], [ 26.73756, 38.73078 ], [ 26.78891, 38.73941 ], [ 26.81821, 38.75544 ], [ 26.82374, 38.75373 ], [ 26.83058, 38.74726 ], [ 26.85157, 38.74567 ], [ 26.88852, 38.73404 ], [ 26.90349, 38.73456 ], [ 26.89723, 38.74828 ], [ 26.91529, 38.75996 ], [ 26.92302, 38.76215 ], [ 26.93141, 38.75507 ], [ 26.93442, 38.76288 ], [ 26.93507, 38.77045 ], [ 26.93141, 38.78925 ], [ 26.92457, 38.78172 ], [ 26.90447, 38.80976 ], [ 26.89723, 38.81656 ], [ 26.93767, 38.83023 ], [ 26.94386, 38.80874 ], [ 26.96079, 38.80614 ], [ 26.97145, 38.81916 ], [ 26.95875, 38.84447 ], [ 26.97535, 38.84862 ], [ 26.9909, 38.85505 ], [ 27.00392, 38.86286 ], [ 27.01336, 38.87116 ], [ 27.03354, 38.8605 ], [ 27.05502, 38.87108 ], [ 27.06267, 38.88687 ], [ 27.04127, 38.89167 ], [ 27.05787, 38.91852 ], [ 27.05779, 38.92975 ], [ 27.04127, 38.94009 ], [ 27.01287, 38.92206 ], [ 27.00123, 38.91987 ], [ 26.9826, 38.91962 ], [ 26.97755, 38.92276 ], [ 26.96754, 38.93692 ], [ 26.96241, 38.94009 ], [ 26.94996, 38.937 ], [ 26.94166, 38.93187 ], [ 26.93426, 38.93089 ], [ 26.92457, 38.94009 ], [ 26.91342, 38.93195 ], [ 26.87916, 38.91621 ], [ 26.86622, 38.9134 ], [ 26.85564, 38.91755 ], [ 26.8401, 38.93586 ], [ 26.82521, 38.94009 ], [ 26.80649, 38.95014 ], [ 26.79721, 38.97313 ], [ 26.79916, 38.99836 ], [ 26.81471, 39.01512 ], [ 26.81471, 39.02196 ], [ 26.79363, 39.02196 ], [ 26.80641, 39.03388 ], [ 26.82911, 39.04735 ], [ 26.85401, 39.05842 ], [ 26.87306, 39.06293 ], [ 26.88315, 39.0716 ], [ 26.87525, 39.09089 ], [ 26.8519, 39.12128 ], [ 26.82374, 39.14907 ], [ 26.80983, 39.15746 ], [ 26.77117, 39.17308 ], [ 26.75164, 39.18464 ], [ 26.7378, 39.19721 ], [ 26.73902, 39.20759 ], [ 26.73097, 39.22761 ], [ 26.72657, 39.2475 ], [ 26.71876, 39.26288 ], [ 26.70143, 39.26899 ], [ 26.65333, 39.26691 ], [ 26.62908, 39.26838 ], [ 26.60922, 39.27521 ], [ 26.61931, 39.28315 ], [ 26.62517, 39.30329 ], [ 26.63258, 39.31342 ], [ 26.64552, 39.31757 ], [ 26.6548, 39.31322 ], [ 26.65382, 39.30646 ], [ 26.63592, 39.30317 ], [ 26.63592, 39.29694 ], [ 26.64674, 39.29731 ], [ 26.65602, 39.29426 ], [ 26.67066, 39.28266 ], [ 26.66481, 39.29808 ], [ 26.67026, 39.30598 ], [ 26.69117, 39.31623 ], [ 26.70875, 39.3369 ], [ 26.81471, 39.39936 ], [ 26.80104, 39.4062 ], [ 26.80274, 39.42512 ], [ 26.80104, 39.43354 ], [ 26.83741, 39.43561 ], [ 26.85084, 39.43976 ], [ 26.86305, 39.44717 ], [ 26.85206, 39.46182 ], [ 26.86793, 39.4715 ], [ 26.92986, 39.48774 ], [ 26.93141, 39.50178 ], [ 26.94508, 39.53962 ], [ 26.94386, 39.56098 ], [ 26.93767, 39.57477 ], [ 26.92221, 39.58218 ], [ 26.8934, 39.58438 ], [ 26.87045, 39.57685 ], [ 26.85206, 39.56338 ], [ 26.83286, 39.55683 ], [ 26.80787, 39.57071 ], [ 26.4568, 39.52119 ], [ 26.43426, 39.51398 ], [ 26.42416, 39.50519 ], [ 26.41391, 39.50532 ], [ 26.36215, 39.48135 ], [ 26.35011, 39.48135 ], [ 26.29737, 39.48871 ], [ 26.28663, 39.48762 ], [ 26.27361, 39.48241 ], [ 26.26295, 39.48135 ], [ 26.25392, 39.47285 ], [ 26.24928, 39.46564 ], [ 26.24252, 39.4676 ], [ 26.23178, 39.47451 ], [ 26.15284, 39.45921 ], [ 26.11297, 39.45917 ], [ 26.07423, 39.47451 ], [ 26.07, 39.49628 ], [ 26.09498, 39.54857 ], [ 26.11069, 39.59789 ], [ 26.1482, 39.62604 ], [ 26.15675, 39.64924 ], [ 26.16358, 39.70417 ], [ 26.15935, 39.71491 ], [ 26.14064, 39.74274 ], [ 26.1364, 39.75568 ], [ 26.13787, 39.76455 ], [ 26.14674, 39.77021 ], [ 26.14991, 39.77611 ], [ 26.14991, 39.79999 ], [ 26.15496, 39.82616 ], [ 26.1517, 39.83515 ], [ 26.1364, 39.83759 ], [ 26.14186, 39.84903 ], [ 26.15675, 39.89899 ], [ 26.15065, 39.92471 ], [ 26.14991, 39.93378 ], [ 26.1526, 39.94261 ], [ 26.16163, 39.9562 ], [ 26.16765, 39.97358 ], [ 26.18865, 40.00178 ], [ 26.19776, 40.00886 ], [ 26.25115, 39.99486 ], [ 26.26694, 40.00308 ], [ 26.3003, 40.01439 ], [ 26.31105, 40.01948 ], [ 26.3532, 40.05215 ], [ 26.36215, 40.06346 ], [ 26.365, 40.07176 ], [ 26.36622, 40.08462 ], [ 26.37037, 40.09471 ], [ 26.3694, 40.10293 ], [ 26.37281, 40.10448 ], [ 26.38901, 40.10517 ], [ 26.39324, 40.10822 ], [ 26.39959, 40.12084 ], [ 26.40349, 40.13898 ], [ 26.40301, 40.1579 ], [ 26.39633, 40.17276 ], [ 26.40284, 40.18745 ], [ 26.40797, 40.19367 ], [ 26.44142, 40.1966 ], [ 26.46754, 40.206 ], [ 26.50074, 40.21296 ], [ 26.51938, 40.22517 ], [ 26.56365, 40.27017 ], [ 26.59498, 40.28262 ], [ 26.6076, 40.29043 ], [ 26.71461, 40.39061 ], [ 26.73561, 40.40355 ], [ 26.7767, 40.4055 ], [ 26.86305, 40.39989 ], [ 26.89723, 40.40615 ], [ 26.90821, 40.40371 ], [ 26.93442, 40.39248 ], [ 26.99147, 40.38862 ], [ 27.01336, 40.39248 ], [ 27.04127, 40.40961 ], [ 27.06577, 40.43354 ], [ 27.09636, 40.4523 ], [ 27.14308, 40.45392 ], [ 27.17701, 40.4488 ], [ 27.21534, 40.4477 ], [ 27.23756, 40.45185 ], [ 27.27149, 40.46784 ], [ 27.28696, 40.46821 ], [ 27.3034, 40.45844 ], [ 27.31373, 40.44408 ], [ 27.32862, 40.41356 ], [ 27.31495, 40.40615 ], [ 27.30812, 40.40615 ], [ 27.30323, 40.41096 ], [ 27.30177, 40.409 ], [ 27.29444, 40.40615 ], [ 27.33758, 40.37031 ], [ 27.39291, 40.34211 ], [ 27.45232, 40.32201 ], [ 27.52329, 40.30878 ], [ 27.55128, 40.30882 ], [ 27.56202, 40.31049 ], [ 27.59702, 40.32831 ], [ 27.61297, 40.331 ], [ 27.64088, 40.32612 ], [ 27.66505, 40.31745 ], [ 27.688, 40.31379 ], [ 27.71225, 40.3242 ], [ 27.7326, 40.31729 ], [ 27.76271, 40.31538 ], [ 27.78981, 40.32046 ], [ 27.81324, 40.34711 ], [ 27.86736, 40.36888 ], [ 27.88356, 40.3863 ], [ 27.86524, 40.38679 ], [ 27.81528, 40.39989 ], [ 27.80055, 40.39301 ], [ 27.79176, 40.39289 ], [ 27.78582, 40.41291 ], [ 27.78012, 40.41572 ], [ 27.77345, 40.41649 ], [ 27.76743, 40.4204 ], [ 27.75636, 40.4326 ], [ 27.75408, 40.4383 ], [ 27.75318, 40.45083 ], [ 27.75017, 40.45759 ], [ 27.73373, 40.45905 ], [ 27.72584, 40.46137 ], [ 27.69321, 40.48627 ], [ 27.68426, 40.49616 ], [ 27.68426, 40.50235 ], [ 27.6963, 40.50642 ], [ 27.70607, 40.51191 ], [ 27.72242, 40.52627 ], [ 27.73316, 40.53059 ], [ 27.74195, 40.52631 ], [ 27.75017, 40.52473 ], [ 27.76002, 40.53705 ], [ 27.78045, 40.51533 ], [ 27.7894, 40.51423 ], [ 27.79518, 40.5209 ], [ 27.8047, 40.52277 ], [ 27.9699, 40.503 ], [ 28.01417, 40.49116 ], [ 28.03443, 40.47443 ], [ 28.01677, 40.45108 ], [ 27.92994, 40.41694 ], [ 27.90398, 40.39989 ], [ 27.90846, 40.37421 ], [ 27.94467, 40.36603 ], [ 28.02752, 40.37202 ], [ 28.11199, 40.39606 ], [ 28.34799, 40.40404 ], [ 28.4004, 40.39741 ], [ 28.48683, 40.39989 ], [ 28.47608, 40.39794 ], [ 28.46754, 40.39435 ], [ 28.46168, 40.38837 ], [ 28.45883, 40.37946 ], [ 28.49952, 40.3911 ], [ 28.54542, 40.3913 ], [ 28.59278, 40.3819 ], [ 28.63771, 40.36518 ], [ 28.64381, 40.37124 ], [ 28.65122, 40.36636 ], [ 28.65805, 40.36518 ], [ 28.66684, 40.36811 ], [ 28.67742, 40.37604 ], [ 28.68539, 40.37946 ], [ 28.74187, 40.38642 ], [ 28.75709, 40.39619 ], [ 28.77198, 40.40253 ], [ 28.79127, 40.40046 ], [ 28.82545, 40.39248 ], [ 28.85564, 40.39118 ], [ 28.88404, 40.3863 ], [ 28.89796, 40.38133 ], [ 28.9214, 40.37002 ], [ 28.93873, 40.36518 ], [ 28.95655, 40.36319 ], [ 29.03395, 40.36445 ], [ 29.05161, 40.36734 ], [ 29.06568, 40.37572 ], [ 29.0739, 40.38866 ], [ 29.08269, 40.41568 ], [ 29.0901, 40.42723 ], [ 29.10279, 40.42304 ], [ 29.11899, 40.42365 ], [ 29.1364, 40.42788 ], [ 29.15154, 40.43407 ], [ 29.13356, 40.45075 ], [ 29.1115, 40.46613 ], [ 29.0879, 40.47748 ], [ 29.06568, 40.48188 ], [ 29.011, 40.48188 ], [ 29.00245, 40.47866 ], [ 28.98032, 40.46454 ], [ 28.96949, 40.46137 ], [ 28.91668, 40.47089 ], [ 28.82846, 40.51301 ], [ 28.77418, 40.52277 ], [ 28.79265, 40.55329 ], [ 28.82683, 40.57062 ], [ 28.89772, 40.59174 ], [ 28.92774, 40.60643 ], [ 28.97006, 40.63947 ], [ 28.98634, 40.64476 ], [ 29.28159, 40.66592 ], [ 29.32325, 40.67674 ], [ 29.36378, 40.69416 ], [ 29.38453, 40.70649 ], [ 29.39186, 40.70783 ], [ 29.39918, 40.70258 ], [ 29.40724, 40.6931 ], [ 29.41684, 40.68675 ], [ 29.46144, 40.70417 ], [ 29.47006, 40.71894 ], [ 29.47926, 40.72407 ], [ 29.49057, 40.72724 ], [ 29.50115, 40.72891 ], [ 29.51124, 40.72748 ], [ 29.52752, 40.7215 ], [ 29.54225, 40.70966 ], [ 29.54884, 40.69099 ], [ 29.55991, 40.69107 ], [ 29.75327, 40.72455 ], [ 29.8672, 40.72891 ], [ 29.90358, 40.71625 ], [ 29.92416, 40.71646 ], [ 29.9393, 40.73505 ], [ 29.92921, 40.75804 ], [ 29.89015, 40.7635 ], [ 29.80942, 40.75556 ], [ 29.78663, 40.74885 ], [ 29.7754, 40.74872 ], [ 29.76385, 40.75275 ], [ 29.73756, 40.76984 ], [ 29.72153, 40.77204 ], [ 29.68653, 40.78156 ], [ 29.66619, 40.78351 ], [ 29.42872, 40.77607 ], [ 29.41017, 40.77123 ], [ 29.3943, 40.76211 ], [ 29.37778, 40.75654 ], [ 29.35694, 40.7624 ], [ 29.34848, 40.77094 ], [ 29.33953, 40.78758 ], [ 29.32911, 40.79035 ], [ 29.34344, 40.7978 ], [ 29.33953, 40.80781 ], [ 29.33334, 40.81485 ], [ 29.31544, 40.82445 ], [ 29.31105, 40.81818 ], [ 29.30177, 40.82445 ], [ 29.29347, 40.81867 ], [ 29.25457, 40.81078 ], [ 29.25457, 40.81704 ], [ 29.26417, 40.81794 ], [ 29.27076, 40.82184 ], [ 29.2741, 40.82884 ], [ 29.27459, 40.83877 ], [ 29.28826, 40.83128 ], [ 29.28842, 40.8378 ], [ 29.29493, 40.83877 ], [ 29.28386, 40.85163 ], [ 29.26393, 40.86978 ], [ 29.24098, 40.88255 ], [ 29.22047, 40.87971 ], [ 29.20135, 40.89395 ], [ 29.14479, 40.91413 ], [ 29.12428, 40.92691 ], [ 29.10353, 40.94672 ], [ 29.08318, 40.95966 ], [ 29.02809, 40.98212 ], [ 29.03289, 40.98456 ], [ 29.03484, 40.98957 ], [ 29.02329, 40.99335 ], [ 29.01832, 41.00389 ], [ 29.01466, 41.01752 ], [ 29.00758, 41.0305 ], [ 29.02605, 41.03828 ], [ 29.04615, 41.05549 ], [ 29.06235, 41.07632 ], [ 29.07618, 41.11441 ], [ 29.08815, 41.12885 ], [ 29.09059, 41.14094 ], [ 29.0691, 41.15278 ], [ 29.09262, 41.18037 ], [ 29.13006, 41.2119 ], [ 29.16969, 41.2331 ], [ 29.20623, 41.22919 ], [ 29.21616, 41.23941 ], [ 29.23178, 41.24071 ], [ 29.41961, 41.2143 ], [ 29.61883, 41.1789 ], [ 29.88461, 41.14899 ], [ 30.13689, 41.14378 ], [ 30.16521, 41.14663 ], [ 30.18002, 41.15156 ], [ 30.20346, 41.1645 ], [ 30.21705, 41.16714 ], [ 30.22641, 41.17292 ], [ 30.24049, 41.19233 ], [ 30.2483, 41.18757 ], [ 30.25904, 41.19575 ], [ 30.27125, 41.21117 ], [ 30.28248, 41.21552 ], [ 30.29558, 41.20742 ], [ 30.33668, 41.20083 ], [ 30.36997, 41.18134 ], [ 30.69923, 41.12153 ], [ 30.73243, 41.09943 ], [ 30.74806, 41.09199 ], [ 30.83326, 41.0799 ], [ 31.09059, 41.08515 ], [ 31.11524, 41.09601 ], [ 31.12477, 41.09813 ], [ 31.13705, 41.0976 ], [ 31.16944, 41.09199 ], [ 31.21046, 41.09813 ], [ 31.23121, 41.09199 ], [ 31.23878, 41.0937 ], [ 31.24293, 41.10236 ], [ 31.24887, 41.10566 ], [ 31.29021, 41.11787 ], [ 31.32358, 41.13386 ], [ 31.37859, 41.17451 ], [ 31.39275, 41.18842 ], [ 31.40105, 41.20209 ], [ 31.40504, 41.21817 ], [ 31.40602, 41.23941 ], [ 31.40805, 41.24836 ], [ 31.41749, 41.2683 ], [ 31.41961, 41.28034 ], [ 31.41505, 41.28587 ], [ 31.39617, 41.29548 ], [ 31.39283, 41.30366 ], [ 31.40358, 41.31647 ], [ 31.42514, 41.32258 ], [ 31.47104, 41.32477 ], [ 31.4983, 41.35204 ], [ 31.50856, 41.35383 ], [ 31.65895, 41.39794 ], [ 31.87159, 41.50458 ], [ 31.97372, 41.54227 ], [ 31.97372, 36.55917 ], [ 31.96827, 36.56159 ] ] ], [ [ [ 28.65355, 44.0578 ], [ 28.67123, 44.00332 ], [ 28.67172, 43.99738 ], [ 28.66912, 43.98916 ], [ 28.66, 43.9798 ], [ 28.65496, 43.96137 ], [ 28.64088, 43.9322 ], [ 28.63771, 43.91865 ], [ 28.61378, 43.88418 ], [ 28.60939, 43.8745 ], [ 28.59352, 43.81953 ], [ 28.58766, 43.81025 ], [ 28.58448, 43.80085 ], [ 28.5892, 43.79133 ], [ 28.58481, 43.78242 ], [ 28.58253, 43.77237 ], [ 28.58302, 43.75104 ], [ 28.57838, 43.74128 ], [ 28.57618, 43.72753 ], [ 28.57309, 43.60615 ], [ 28.57553, 43.59333 ], [ 28.5857, 43.57583 ], [ 28.59588, 43.56371 ], [ 28.60271, 43.55272 ], [ 28.60353, 43.53815 ], [ 28.59457, 43.51252 ], [ 28.57846, 43.48078 ], [ 28.56031, 43.45384 ], [ 28.54518, 43.44253 ], [ 28.535, 43.43863 ], [ 28.48862, 43.40644 ], [ 28.47926, 43.3968 ], [ 28.47389, 43.38426 ], [ 28.47316, 43.36685 ], [ 28.45948, 43.38068 ], [ 28.41456, 43.39887 ], [ 28.40496, 43.40469 ], [ 28.39381, 43.41429 ], [ 28.36866, 43.42178 ], [ 28.32163, 43.42829 ], [ 28.29916, 43.42503 ], [ 28.26157, 43.41096 ], [ 28.24317, 43.40778 ], [ 28.17799, 43.40998 ], [ 28.15724, 43.40778 ], [ 28.11883, 43.39155 ], [ 28.09156, 43.36396 ], [ 28.0311, 43.24897 ], [ 28.01759, 43.23273 ], [ 28.00017, 43.22321 ], [ 27.93198, 43.20978 ], [ 27.91383, 43.20234 ], [ 27.90398, 43.20234 ], [ 27.90398, 43.1955 ], [ 27.93873, 43.1765 ], [ 27.94557, 43.16885 ], [ 27.94435, 43.15713 ], [ 27.92514, 43.11359 ], [ 27.91139, 43.06517 ], [ 27.90431, 43.05585 ], [ 27.88771, 43.04214 ], [ 27.88356, 43.03099 ], [ 27.88543, 43.00861 ], [ 27.9004, 42.96288 ], [ 27.90398, 42.94229 ], [ 27.89845, 42.87466 ], [ 27.90398, 42.85969 ], [ 27.88396, 42.84837 ], [ 27.88356, 42.83194 ], [ 27.89161, 42.81037 ], [ 27.89715, 42.784 ], [ 27.89715, 42.73623 ], [ 27.8947, 42.71747 ], [ 27.89226, 42.71052 ], [ 27.84108, 42.70832 ], [ 27.78736, 42.71516 ], [ 27.74317, 42.71605 ], [ 27.73268, 42.7145 ], [ 27.7256, 42.70848 ], [ 27.719, 42.69457 ], [ 27.71583, 42.68374 ], [ 27.71697, 42.67451 ], [ 27.72413, 42.66698 ], [ 27.73951, 42.66108 ], [ 27.71274, 42.65766 ], [ 27.6692, 42.6437 ], [ 27.64674, 42.64057 ], [ 27.62843, 42.62897 ], [ 27.63038, 42.60273 ], [ 27.64145, 42.57477 ], [ 27.65016, 42.55805 ], [ 27.63404, 42.56371 ], [ 27.54086, 42.5655 ], [ 27.51149, 42.55305 ], [ 27.49855, 42.53246 ], [ 27.49147, 42.50776 ], [ 27.48015, 42.4829 ], [ 27.46225, 42.48957 ], [ 27.45289, 42.48013 ], [ 27.45338, 42.46524 ], [ 27.46567, 42.45563 ], [ 27.46111, 42.44355 ], [ 27.46567, 42.42829 ], [ 27.4699, 42.43708 ], [ 27.46567, 42.44135 ], [ 27.47267, 42.46186 ], [ 27.50392, 42.43732 ], [ 27.51417, 42.43513 ], [ 27.52638, 42.44367 ], [ 27.53443, 42.45527 ], [ 27.54444, 42.46003 ], [ 27.56202, 42.44819 ], [ 27.57106, 42.45848 ], [ 27.5796, 42.45722 ], [ 27.59555, 42.44819 ], [ 27.60963, 42.45116 ], [ 27.62941, 42.45864 ], [ 27.64332, 42.45563 ], [ 27.64283, 42.45051 ], [ 27.63649, 42.44819 ], [ 27.64243, 42.43089 ], [ 27.65219, 42.41852 ], [ 27.66774, 42.41608 ], [ 27.69166, 42.42829 ], [ 27.69353, 42.41889 ], [ 27.69907, 42.41389 ], [ 27.70786, 42.41275 ], [ 27.719, 42.4147 ], [ 27.719, 42.40721 ], [ 27.69801, 42.40038 ], [ 27.70541, 42.39061 ], [ 27.70965, 42.38813 ], [ 27.719, 42.3867 ], [ 27.70948, 42.37678 ], [ 27.70834, 42.3631 ], [ 27.71437, 42.34919 ], [ 27.72584, 42.33893 ], [ 27.74041, 42.3343 ], [ 27.7645, 42.33832 ], [ 27.78045, 42.33893 ], [ 27.78045, 42.33271 ], [ 27.77459, 42.32722 ], [ 27.77442, 42.32172 ], [ 27.77914, 42.31631 ], [ 27.78785, 42.31098 ], [ 27.76295, 42.2956 ], [ 27.75115, 42.27704 ], [ 27.75587, 42.25849 ], [ 27.78045, 42.24335 ], [ 27.77605, 42.24067 ], [ 27.77369, 42.23591 ], [ 27.80974, 42.21841 ], [ 27.82, 42.20466 ], [ 27.83139, 42.19501 ], [ 27.8449, 42.1861 ], [ 27.85621, 42.1813 ], [ 27.84938, 42.16706 ], [ 27.87908, 42.15424 ], [ 27.88673, 42.14737 ], [ 27.90398, 42.11982 ], [ 27.95777, 42.09431 ], [ 27.97267, 42.07538 ], [ 27.98658, 42.07209 ], [ 27.98243, 42.0611 ], [ 27.98732, 42.05174 ], [ 28.00701, 42.03791 ], [ 28.00758, 42.0329 ], [ 28.00017, 42.03046 ], [ 28.01157, 42.02139 ], [ 28.01905, 42.00845 ], [ 28.02036, 41.99457 ], [ 28.01385, 41.98265 ], [ 28.03061, 41.92455 ], [ 28.03094, 41.91376 ], [ 28.0359, 41.9112 ], [ 28.04233, 41.90485 ], [ 28.04656, 41.89712 ], [ 28.04493, 41.8902 ], [ 28.03582, 41.88589 ], [ 28.02565, 41.88736 ], [ 28.00701, 41.8933 ], [ 27.99057, 41.89277 ], [ 27.97755, 41.88736 ], [ 27.96909, 41.87377 ], [ 27.96608, 41.84894 ], [ 27.97202, 41.82225 ], [ 27.98683, 41.80402 ], [ 28.00489, 41.78856 ], [ 28.02125, 41.77041 ], [ 28.04021, 41.72541 ], [ 28.05177, 41.71206 ], [ 28.07846, 41.69196 ], [ 28.08326, 41.68155 ], [ 28.08839, 41.67691 ], [ 28.08961, 41.6708 ], [ 28.08709, 41.66706 ], [ 28.07667, 41.66682 ], [ 28.07594, 41.66055 ], [ 28.08334, 41.64492 ], [ 28.09718, 41.6267 ], [ 28.11329, 41.61156 ], [ 28.14186, 41.59894 ], [ 28.1565, 41.58438 ], [ 28.17774, 41.55817 ], [ 28.23276, 41.51899 ], [ 28.38429, 41.44746 ], [ 28.60084, 41.37751 ], [ 28.90846, 41.26655 ], [ 29.00758, 41.24966 ], [ 29.01287, 41.24811 ], [ 29.01783, 41.24372 ], [ 29.02426, 41.24282 ], [ 29.03199, 41.24494 ], [ 29.03826, 41.25434 ], [ 29.04518, 41.25642 ], [ 29.0687, 41.25373 ], [ 29.09392, 41.24641 ], [ 29.10922, 41.2353 ], [ 29.09986, 41.21039 ], [ 29.08676, 41.19188 ], [ 29.06935, 41.17471 ], [ 29.05226, 41.16714 ], [ 29.04078, 41.16429 ], [ 29.0433, 41.15766 ], [ 29.05738, 41.14155 ], [ 29.06373, 41.13447 ], [ 29.07065, 41.13019 ], [ 29.0687, 41.12446 ], [ 29.06446, 41.11957 ], [ 29.06227, 41.11933 ], [ 29.0586, 41.0996 ], [ 29.05152, 41.08177 ], [ 29.04217, 41.06635 ], [ 29.0315, 41.05386 ], [ 29.02329, 41.04881 ], [ 29.00554, 41.0445 ], [ 28.99733, 41.03986 ], [ 28.98951, 41.03107 ], [ 28.98854, 41.02163 ], [ 28.98959, 41.01708 ], [ 28.99252, 41.01366 ], [ 28.99236, 41.00821 ], [ 28.9865, 41.00263 ], [ 28.98194, 41.00165 ], [ 28.96046, 41.003 ], [ 28.95183, 41.00861 ], [ 28.94614, 41.00947 ], [ 28.94044, 41.00682 ], [ 28.9284, 40.99579 ], [ 28.91749, 40.9936 ], [ 28.89926, 40.98428 ], [ 28.84995, 40.97529 ], [ 28.83375, 40.96393 ], [ 28.82203, 40.96162 ], [ 28.79762, 40.96255 ], [ 28.78598, 40.96564 ], [ 28.78102, 40.97187 ], [ 28.77019, 40.97932 ], [ 28.74529, 40.98017 ], [ 28.62525, 40.96841 ], [ 28.59523, 40.97797 ], [ 28.60353, 41.00947 ], [ 28.59181, 41.01887 ], [ 28.58481, 41.02204 ], [ 28.57553, 41.02367 ], [ 28.58253, 41.04637 ], [ 28.57244, 41.06647 ], [ 28.55193, 41.08051 ], [ 28.52784, 41.08515 ], [ 28.53289, 41.07062 ], [ 28.55454, 41.05366 ], [ 28.56251, 41.03677 ], [ 28.56284, 41.02668 ], [ 28.56031, 41.01227 ], [ 28.55356, 40.99836 ], [ 28.54135, 40.98957 ], [ 28.51246, 40.99266 ], [ 28.4607, 41.03286 ], [ 28.43531, 41.04291 ], [ 28.40219, 41.04731 ], [ 28.33277, 41.06656 ], [ 28.29811, 41.07087 ], [ 28.26401, 41.07087 ], [ 28.25587, 41.07319 ], [ 28.24497, 41.08295 ], [ 28.23666, 41.08515 ], [ 28.19947, 41.07856 ], [ 28.18165, 41.0777 ], [ 28.16529, 41.08515 ], [ 28.11744, 41.07123 ], [ 28.11004, 41.06778 ], [ 28.10027, 41.06782 ], [ 28.04493, 41.05044 ], [ 28.03012, 41.04759 ], [ 28.01303, 41.04072 ], [ 27.99733, 41.03205 ], [ 27.98658, 41.02367 ], [ 27.96437, 40.99628 ], [ 27.95777, 40.9833 ], [ 27.95924, 40.97529 ], [ 27.94125, 40.9711 ], [ 27.86069, 40.97846 ], [ 27.83155, 40.9951 ], [ 27.81528, 41.00263 ], [ 27.77613, 41.01097 ], [ 27.7378, 41.01264 ], [ 27.52418, 40.9892 ], [ 27.49317, 40.97529 ], [ 27.47169, 40.94184 ], [ 27.44654, 40.86172 ], [ 27.42482, 40.83128 ], [ 27.33082, 40.76097 ], [ 27.28793, 40.70356 ], [ 27.19825, 40.65314 ], [ 27.17774, 40.63264 ], [ 27.167, 40.62987 ], [ 27.14283, 40.62739 ], [ 27.11524, 40.61371 ], [ 27.06861, 40.61441 ], [ 27.04754, 40.61221 ], [ 27.03061, 40.60155 ], [ 27.00148, 40.5703 ], [ 26.98976, 40.56379 ], [ 26.94988, 40.55956 ], [ 26.91163, 40.55073 ], [ 26.85369, 40.52314 ], [ 26.83863, 40.51227 ], [ 26.82106, 40.50312 ], [ 26.75945, 40.49616 ], [ 26.74073, 40.48745 ], [ 26.70834, 40.46573 ], [ 26.69459, 40.46137 ], [ 26.68336, 40.45547 ], [ 26.67433, 40.42569 ], [ 26.66383, 40.41356 ], [ 26.63152, 40.40005 ], [ 26.62485, 40.39248 ], [ 26.62289, 40.37572 ], [ 26.61671, 40.35952 ], [ 26.60157, 40.34614 ], [ 26.53972, 40.3037 ], [ 26.51043, 40.29816 ], [ 26.49724, 40.28994 ], [ 26.47608, 40.27338 ], [ 26.47584, 40.2696 ], [ 26.44467, 40.24164 ], [ 26.42652, 40.23029 ], [ 26.40366, 40.21943 ], [ 26.37989, 40.21133 ], [ 26.35914, 40.20816 ], [ 26.34555, 40.19977 ], [ 26.34881, 40.18134 ], [ 26.36134, 40.16258 ], [ 26.37582, 40.15351 ], [ 26.32797, 40.11872 ], [ 26.313, 40.11005 ], [ 26.27312, 40.0926 ], [ 26.24293, 40.07079 ], [ 26.23064, 40.06489 ], [ 26.17758, 40.05073 ], [ 26.167, 40.04987 ], [ 26.15748, 40.05532 ], [ 26.16, 40.06721 ], [ 26.16798, 40.07917 ], [ 26.17384, 40.08462 ], [ 26.1902, 40.09422 ], [ 26.20143, 40.1153 ], [ 26.20924, 40.13642 ], [ 26.21469, 40.14606 ], [ 26.25978, 40.19448 ], [ 26.27198, 40.23041 ], [ 26.26694, 40.25776 ], [ 26.24789, 40.27912 ], [ 26.21811, 40.29686 ], [ 26.22853, 40.30345 ], [ 26.23178, 40.31013 ], [ 26.22739, 40.31533 ], [ 26.21469, 40.31737 ], [ 26.20997, 40.32193 ], [ 26.21909, 40.33145 ], [ 26.23219, 40.34003 ], [ 26.23878, 40.34154 ], [ 26.25017, 40.34951 ], [ 26.30144, 40.36469 ], [ 26.32114, 40.36518 ], [ 26.33611, 40.38532 ], [ 26.38575, 40.40986 ], [ 26.43279, 40.43985 ], [ 26.49171, 40.45653 ], [ 26.5359, 40.4855 ], [ 26.56446, 40.49946 ], [ 26.59555, 40.5104 ], [ 26.62289, 40.51533 ], [ 26.66977, 40.51081 ], [ 26.68377, 40.51533 ], [ 26.69728, 40.52643 ], [ 26.71827, 40.5515 ], [ 26.73276, 40.56379 ], [ 26.7562, 40.55484 ], [ 26.78826, 40.56293 ], [ 26.81666, 40.58096 ], [ 26.82895, 40.602 ], [ 26.79835, 40.65156 ], [ 26.79038, 40.66059 ], [ 26.7142, 40.65131 ], [ 26.69077, 40.64256 ], [ 26.6775, 40.63947 ], [ 26.60922, 40.63947 ], [ 26.58204, 40.633 ], [ 26.50563, 40.59858 ], [ 26.47706, 40.6131 ], [ 26.46119, 40.61762 ], [ 26.44467, 40.61905 ], [ 26.431, 40.61518 ], [ 26.41529, 40.60822 ], [ 26.39975, 40.60415 ], [ 26.37306, 40.61445 ], [ 26.35613, 40.61302 ], [ 26.30258, 40.60114 ], [ 26.11736, 40.602 ], [ 26.09132, 40.60541 ], [ 26.07691, 40.6118 ], [ 26.06853, 40.6271 ], [ 26.06227, 40.64541 ], [ 26.05372, 40.66059 ], [ 26.06088, 40.67585 ], [ 26.05812, 40.6977 ], [ 26.04811, 40.71963 ], [ 26.03321, 40.73505 ], [ 26.04086, 40.73664 ], [ 26.04689, 40.7425 ], [ 26.03598, 40.75776 ], [ 26.03354, 40.77827 ], [ 26.02735, 40.79613 ], [ 26.00587, 40.80394 ], [ 26.00587, 40.81078 ], [ 26.0197, 40.81053 ], [ 26.03785, 40.81257 ], [ 26.05372, 40.81623 ], [ 26.06056, 40.82075 ], [ 26.05397, 40.83096 ], [ 26.03891, 40.83251 ], [ 26.02263, 40.82917 ], [ 26.01222, 40.82445 ], [ 26.00587, 40.83877 ], [ 25.99838, 40.83877 ], [ 25.99838, 40.83128 ], [ 26.00278, 40.82608 ], [ 26.00587, 40.81704 ], [ 25.99838, 40.81704 ], [ 25.98292, 40.83088 ], [ 25.95167, 40.84553 ], [ 25.91863, 40.85297 ], [ 25.89666, 40.84492 ], [ 25.87989, 40.84833 ], [ 25.82569, 40.84968 ], [ 25.81422, 40.85517 ], [ 25.80323, 40.85651 ], [ 25.73219, 40.85175 ], [ 25.69117, 40.85814 ], [ 25.64715, 40.87002 ], [ 25.6045, 40.87617 ], [ 25.56715, 40.86542 ], [ 25.53777, 40.87043 ], [ 25.51686, 40.8791 ], [ 25.50221, 40.88963 ], [ 25.48683, 40.89712 ], [ 25.43678, 40.90542 ], [ 25.41969, 40.9064 ], [ 25.38299, 40.91901 ], [ 25.34083, 40.94172 ], [ 25.29965, 40.95185 ], [ 25.26612, 40.92691 ], [ 25.25929, 40.92691 ], [ 25.2588, 40.93195 ], [ 25.18067, 40.94269 ], [ 25.14698, 40.95897 ], [ 25.13803, 40.96011 ], [ 25.13404, 40.96288 ], [ 25.13575, 40.97529 ], [ 25.14015, 40.98359 ], [ 25.1482, 40.99006 ], [ 25.15846, 40.99429 ], [ 25.16993, 40.99579 ], [ 25.15138, 41.00532 ], [ 25.13844, 41.01008 ], [ 25.0573, 41.00947 ], [ 25.03907, 41.00605 ], [ 25.03956, 40.98957 ], [ 25.01881, 40.97508 ], [ 25.00652, 40.96971 ], [ 24.99171, 40.96845 ], [ 24.99903, 40.94994 ], [ 24.98976, 40.94212 ], [ 24.95387, 40.94115 ], [ 24.94068, 40.93793 ], [ 24.90805, 40.9239 ], [ 24.8921, 40.92064 ], [ 24.86354, 40.90522 ], [ 24.83399, 40.87474 ], [ 24.80201, 40.85346 ], [ 24.7658, 40.86542 ], [ 24.72836, 40.85273 ], [ 24.70875, 40.85175 ], [ 24.69011, 40.85859 ], [ 24.69483, 40.86123 ], [ 24.69752, 40.86542 ], [ 24.66277, 40.87971 ], [ 24.64137, 40.86457 ], [ 24.63543, 40.85859 ], [ 24.62867, 40.85859 ], [ 24.61964, 40.87466 ], [ 24.60906, 40.8885 ], [ 24.5962, 40.90119 ], [ 24.60076, 40.9138 ], [ 24.58627, 40.91909 ], [ 24.57553, 40.9267 ], [ 24.56886, 40.9374 ], [ 24.56666, 40.95173 ], [ 24.51775, 40.95816 ], [ 24.50514, 40.96162 ], [ 24.49562, 40.95588 ], [ 24.47291, 40.95173 ], [ 24.46412, 40.94115 ], [ 24.44313, 40.94807 ], [ 24.41554, 40.94554 ], [ 24.39177, 40.93647 ], [ 24.37224, 40.91413 ], [ 24.32765, 40.88622 ], [ 24.31267, 40.87971 ], [ 24.32472, 40.87206 ], [ 24.33237, 40.86286 ], [ 24.33131, 40.85505 ], [ 24.30983, 40.85053 ], [ 24.306, 40.84707 ], [ 24.30567, 40.84174 ], [ 24.30958, 40.83503 ], [ 24.31528, 40.83222 ], [ 24.33188, 40.8332 ], [ 24.34067, 40.83128 ], [ 24.11012, 40.72785 ], [ 24.07309, 40.72142 ], [ 24.03004, 40.72333 ], [ 23.98634, 40.73216 ], [ 23.87403, 40.77766 ], [ 23.84205, 40.78335 ], [ 23.80926, 40.78042 ], [ 23.75408, 40.76301 ], [ 23.7317, 40.75186 ], [ 23.7107, 40.73762 ], [ 23.69703, 40.72142 ], [ 23.69174, 40.69538 ], [ 23.70021, 40.67365 ], [ 23.71803, 40.65868 ], [ 23.74098, 40.65314 ], [ 23.75563, 40.64566 ], [ 23.77247, 40.62763 ], [ 23.78663, 40.60615 ], [ 23.79265, 40.58796 ], [ 23.799, 40.58662 ], [ 23.83351, 40.56379 ], [ 23.84669, 40.56029 ], [ 23.86248, 40.55915 ], [ 23.87761, 40.56025 ], [ 23.88885, 40.56379 ], [ 23.89527, 40.55305 ], [ 23.91489, 40.53889 ], [ 23.91554, 40.52961 ], [ 23.90724, 40.52538 ], [ 23.83823, 40.51874 ], [ 23.82301, 40.50698 ], [ 23.81902, 40.48774 ], [ 23.82667, 40.46137 ], [ 23.86817, 40.41352 ], [ 23.87794, 40.40615 ], [ 23.90968, 40.39423 ], [ 23.91554, 40.38935 ], [ 23.95362, 40.38264 ], [ 23.96388, 40.37946 ], [ 23.97535, 40.38337 ], [ 24.00245, 40.38638 ], [ 24.01173, 40.39248 ], [ 24.01157, 40.40184 ], [ 24.00554, 40.41462 ], [ 23.99122, 40.43407 ], [ 23.99871, 40.44086 ], [ 23.99122, 40.4477 ], [ 24.0114, 40.44916 ], [ 24.02882, 40.43207 ], [ 24.05323, 40.39248 ], [ 24.0652, 40.38101 ], [ 24.08579, 40.36603 ], [ 24.1089, 40.35741 ], [ 24.12843, 40.36518 ], [ 24.13893, 40.36066 ], [ 24.1692, 40.35285 ], [ 24.17986, 40.35151 ], [ 24.18686, 40.34663 ], [ 24.19801, 40.32416 ], [ 24.20395, 40.31737 ], [ 24.23341, 40.31688 ], [ 24.26629, 40.28905 ], [ 24.32065, 40.22797 ], [ 24.38331, 40.17914 ], [ 24.39381, 40.15249 ], [ 24.36109, 40.13239 ], [ 24.31861, 40.1247 ], [ 24.29998, 40.12808 ], [ 24.29225, 40.14265 ], [ 24.28614, 40.16055 ], [ 24.27174, 40.17097 ], [ 24.25392, 40.17829 ], [ 24.23829, 40.187 ], [ 24.21192, 40.21747 ], [ 24.19272, 40.24897 ], [ 24.16896, 40.2753 ], [ 24.12843, 40.29003 ], [ 24.04786, 40.30117 ], [ 24.01922, 40.31049 ], [ 23.99383, 40.32392 ], [ 23.95737, 40.35261 ], [ 23.93653, 40.36518 ], [ 23.92262, 40.36933 ], [ 23.88502, 40.36518 ], [ 23.84832, 40.37271 ], [ 23.83351, 40.37202 ], [ 23.78224, 40.35269 ], [ 23.75961, 40.34919 ], [ 23.73048, 40.35895 ], [ 23.72071, 40.34479 ], [ 23.71681, 40.34528 ], [ 23.69972, 40.32636 ], [ 23.69361, 40.30923 ], [ 23.69565, 40.29291 ], [ 23.71144, 40.26114 ], [ 23.71632, 40.25532 ], [ 23.72364, 40.24909 ], [ 23.75766, 40.23168 ], [ 23.76433, 40.2154 ], [ 23.77858, 40.2027 ], [ 23.79282, 40.19599 ], [ 23.79949, 40.19758 ], [ 23.86769, 40.17276 ], [ 23.88022, 40.17634 ], [ 23.89674, 40.17133 ], [ 23.91334, 40.16136 ], [ 23.92604, 40.14981 ], [ 23.94068, 40.14155 ], [ 23.98024, 40.13068 ], [ 23.99122, 40.11872 ], [ 23.99, 40.11001 ], [ 23.97739, 40.10049 ], [ 23.97755, 40.09081 ], [ 23.98325, 40.08491 ], [ 24.00115, 40.07494 ], [ 24.00489, 40.06721 ], [ 24.00172, 40.05878 ], [ 23.98756, 40.05744 ], [ 23.98422, 40.05362 ], [ 23.98683, 40.04218 ], [ 23.99342, 40.03754 ], [ 24.00221, 40.03852 ], [ 24.01173, 40.04365 ], [ 24.01222, 40.02656 ], [ 24.01441, 40.02131 ], [ 24.01922, 40.0163 ], [ 23.99252, 39.99885 ], [ 23.98805, 39.98998 ], [ 23.99871, 39.98159 ], [ 23.99871, 39.97476 ], [ 23.97934, 39.97431 ], [ 23.9699, 39.96809 ], [ 23.97283, 39.96186 ], [ 23.99122, 39.96109 ], [ 23.99122, 39.9536 ], [ 23.93995, 39.95246 ], [ 23.91969, 39.95637 ], [ 23.92286, 39.96792 ], [ 23.92286, 39.97476 ], [ 23.91554, 39.97476 ], [ 23.90773, 39.96979 ], [ 23.90065, 39.97118 ], [ 23.89763, 39.97793 ], [ 23.90252, 39.98843 ], [ 23.86085, 40.0058 ], [ 23.85621, 40.01675 ], [ 23.8449, 40.02412 ], [ 23.83123, 40.02652 ], [ 23.82407, 40.02192 ], [ 23.82309, 40.01728 ], [ 23.82667, 40.00886 ], [ 23.78989, 40.05598 ], [ 23.78517, 40.06721 ], [ 23.79151, 40.08381 ], [ 23.7933, 40.09382 ], [ 23.78883, 40.09829 ], [ 23.77833, 40.10163 ], [ 23.77247, 40.10956 ], [ 23.7645, 40.12617 ], [ 23.67547, 40.21792 ], [ 23.64177, 40.23542 ], [ 23.62273, 40.23965 ], [ 23.54029, 40.24478 ], [ 23.48414, 40.2696 ], [ 23.43849, 40.2792 ], [ 23.39829, 40.27774 ], [ 23.365, 40.2617 ], [ 23.3401, 40.22797 ], [ 23.33766, 40.20844 ], [ 23.34539, 40.19156 ], [ 23.35548, 40.17503 ], [ 23.36362, 40.15046 ], [ 23.37135, 40.14741 ], [ 23.39161, 40.14606 ], [ 23.40065, 40.14399 ], [ 23.46925, 40.06708 ], [ 23.49887, 40.0423 ], [ 23.60271, 39.99848 ], [ 23.67026, 39.98607 ], [ 23.67286, 39.97997 ], [ 23.67286, 39.97126 ], [ 23.67595, 39.96109 ], [ 23.68539, 39.94904 ], [ 23.69728, 39.9405 ], [ 23.71306, 39.93545 ], [ 23.7339, 39.93378 ], [ 23.74789, 39.93049 ], [ 23.74024, 39.92329 ], [ 23.72169, 39.91596 ], [ 23.70314, 39.91267 ], [ 23.61647, 39.92333 ], [ 23.47096, 39.97163 ], [ 23.44654, 39.97476 ], [ 23.37208, 39.96516 ], [ 23.36061, 39.96109 ], [ 23.36598, 39.97215 ], [ 23.37875, 39.99112 ], [ 23.3816, 40.00267 ], [ 23.37843, 40.01097 ], [ 23.36394, 40.0266 ], [ 23.36061, 40.03278 ], [ 23.35271, 40.05707 ], [ 23.33513, 40.07445 ], [ 23.31658, 40.08885 ], [ 23.30592, 40.10448 ], [ 23.31959, 40.13679 ], [ 23.32455, 40.17495 ], [ 23.31861, 40.21052 ], [ 23.29908, 40.23542 ], [ 23.25864, 40.25312 ], [ 23.23666, 40.25959 ], [ 23.19955, 40.26626 ], [ 23.16619, 40.27985 ], [ 23.14894, 40.27643 ], [ 23.09693, 40.3061 ], [ 23.08676, 40.30707 ], [ 23.07618, 40.31444 ], [ 23.05274, 40.31867 ], [ 23.02914, 40.32575 ], [ 23.01092, 40.35122 ], [ 22.96388, 40.37946 ], [ 22.94483, 40.3863 ], [ 22.9275, 40.3885 ], [ 22.88819, 40.3863 ], [ 22.89772, 40.40204 ], [ 22.88966, 40.41836 ], [ 22.8602, 40.4477 ], [ 22.86744, 40.44945 ], [ 22.8672, 40.45392 ], [ 22.8309, 40.48579 ], [ 22.82163, 40.50214 ], [ 22.84352, 40.50918 ], [ 22.9074, 40.51203 ], [ 22.94158, 40.51716 ], [ 22.95639, 40.52627 ], [ 22.9629, 40.53514 ], [ 22.97511, 40.54243 ], [ 22.98316, 40.55268 ], [ 22.9769, 40.57062 ], [ 22.94174, 40.58735 ], [ 22.94955, 40.60541 ], [ 22.93377, 40.63093 ], [ 22.91049, 40.6446 ], [ 22.88307, 40.64728 ], [ 22.85401, 40.63947 ], [ 22.86109, 40.62055 ], [ 22.85865, 40.60529 ], [ 22.8506, 40.59341 ], [ 22.84034, 40.5843 ], [ 22.81511, 40.57294 ], [ 22.81593, 40.57062 ], [ 22.79566, 40.57079 ], [ 22.78712, 40.57294 ], [ 22.77833, 40.57807 ], [ 22.75856, 40.56778 ], [ 22.74594, 40.55524 ], [ 22.74252, 40.54035 ], [ 22.75034, 40.52277 ], [ 22.74415, 40.52277 ], [ 22.73666, 40.52961 ], [ 22.73666, 40.51533 ], [ 22.73048, 40.51533 ], [ 22.73048, 40.52277 ], [ 22.72316, 40.52277 ], [ 22.719, 40.51097 ], [ 22.71095, 40.51162 ], [ 22.68898, 40.52277 ], [ 22.68849, 40.52749 ], [ 22.67351, 40.52684 ], [ 22.65773, 40.51667 ], [ 22.65626, 40.50454 ], [ 22.6753, 40.49616 ], [ 22.66603, 40.49535 ], [ 22.65968, 40.49291 ], [ 22.65602, 40.48762 ], [ 22.65496, 40.47809 ], [ 22.65073, 40.47281 ], [ 22.64161, 40.47468 ], [ 22.6268, 40.48188 ], [ 22.60288, 40.48127 ], [ 22.59051, 40.47744 ], [ 22.57911, 40.46821 ], [ 22.59344, 40.4582 ], [ 22.60377, 40.444 ], [ 22.60873, 40.42817 ], [ 22.60646, 40.41356 ], [ 22.6185, 40.4051 ], [ 22.62827, 40.39362 ], [ 22.63998, 40.38369 ], [ 22.65838, 40.37946 ], [ 22.66114, 40.36905 ], [ 22.64763, 40.34589 ], [ 22.62062, 40.31049 ], [ 22.59034, 40.24164 ], [ 22.59083, 40.23017 ], [ 22.5525, 40.16657 ], [ 22.54965, 40.14387 ], [ 22.5573, 40.12718 ], [ 22.56772, 40.1105 ], [ 22.57293, 40.08771 ], [ 22.56886, 40.06485 ], [ 22.5713, 40.05427 ], [ 22.58318, 40.04987 ], [ 22.58766, 40.04491 ], [ 22.60027, 40.0163 ], [ 22.65252, 39.98208 ], [ 22.66717, 39.97435 ], [ 22.69093, 39.96817 ], [ 22.69646, 39.96454 ], [ 22.69858, 39.96088 ], [ 22.70786, 39.96137 ], [ 22.71013, 39.95734 ], [ 22.70899, 39.93903 ], [ 22.71013, 39.93378 ], [ 22.72299, 39.89777 ], [ 22.73048, 39.8854 ], [ 22.7409, 39.8747 ], [ 22.77866, 39.84984 ], [ 22.80112, 39.84032 ], [ 22.81528, 39.82905 ], [ 22.84034, 39.80341 ], [ 22.85027, 39.79051 ], [ 22.85865, 39.77326 ], [ 22.86476, 39.75316 ], [ 22.8672, 39.73176 ], [ 22.87176, 39.71581 ], [ 22.90187, 39.65884 ], [ 22.92514, 39.59951 ], [ 22.93946, 39.58063 ], [ 22.95289, 39.57001 ], [ 23.00489, 39.5434 ], [ 23.05592, 39.52725 ], [ 23.09742, 39.50178 ], [ 23.10182, 39.49738 ], [ 23.11411, 39.46699 ], [ 23.12566, 39.45441 ], [ 23.21095, 39.37934 ], [ 23.22381, 39.35859 ], [ 23.27133, 39.32294 ], [ 23.29225, 39.26899 ], [ 23.3423, 39.19261 ], [ 23.34376, 39.17963 ], [ 23.33326, 39.17438 ], [ 23.30128, 39.15135 ], [ 23.28175, 39.14614 ], [ 23.24366, 39.14167 ], [ 23.20973, 39.13182 ], [ 23.22348, 39.12519 ], [ 23.23024, 39.12442 ], [ 23.23024, 39.11815 ], [ 23.2142, 39.11262 ], [ 23.20362, 39.10456 ], [ 23.19142, 39.10781 ], [ 23.1692, 39.10659 ], [ 23.14625, 39.10175 ], [ 23.11549, 39.08828 ], [ 23.09213, 39.08934 ], [ 23.05201, 39.09772 ], [ 23.06137, 39.11176 ], [ 23.07309, 39.12442 ], [ 23.06772, 39.13801 ], [ 23.08107, 39.1472 ], [ 23.11411, 39.15913 ], [ 23.11394, 39.14631 ], [ 23.1006, 39.10456 ], [ 23.17172, 39.13496 ], [ 23.18238, 39.14614 ], [ 23.17555, 39.15546 ], [ 23.18133, 39.15868 ], [ 23.19093, 39.15811 ], [ 23.19606, 39.15575 ], [ 23.19923, 39.15143 ], [ 23.20631, 39.15705 ], [ 23.21355, 39.16812 ], [ 23.21713, 39.17963 ], [ 23.21225, 39.1905 ], [ 23.18637, 39.22443 ], [ 23.17555, 39.23428 ], [ 23.17986, 39.2508 ], [ 23.16912, 39.26854 ], [ 23.15138, 39.28486 ], [ 23.13461, 39.29694 ], [ 23.11549, 39.30744 ], [ 23.09816, 39.3122 ], [ 23.02052, 39.31753 ], [ 23.02101, 39.32559 ], [ 23.01857, 39.33047 ], [ 23.00343, 39.35244 ], [ 22.99806, 39.35712 ], [ 22.96388, 39.35712 ], [ 22.94117, 39.36176 ], [ 22.93588, 39.36058 ], [ 22.94288, 39.35098 ], [ 22.94288, 39.34414 ], [ 22.93279, 39.336 ], [ 22.92905, 39.3242 ], [ 22.93214, 39.3122 ], [ 22.94288, 39.30317 ], [ 22.91928, 39.29865 ], [ 22.87989, 39.29556 ], [ 22.84254, 39.28848 ], [ 22.82618, 39.27216 ], [ 22.82423, 39.23347 ], [ 22.82618, 39.22126 ], [ 22.85401, 39.15913 ], [ 22.8602, 39.15913 ], [ 22.86801, 39.16975 ], [ 22.88087, 39.17963 ], [ 22.87696, 39.19038 ], [ 22.88209, 39.19099 ], [ 22.89015, 39.18427 ], [ 22.89503, 39.1728 ], [ 22.90187, 39.17963 ], [ 22.9109, 39.16332 ], [ 22.91456, 39.14378 ], [ 22.92058, 39.12515 ], [ 22.93605, 39.1114 ], [ 22.93588, 39.11612 ], [ 22.94288, 39.11815 ], [ 22.93605, 39.13182 ], [ 22.96111, 39.11905 ], [ 22.97332, 39.10196 ], [ 22.98243, 39.08442 ], [ 22.99806, 39.06977 ], [ 22.99195, 39.05732 ], [ 22.99806, 39.04926 ], [ 22.96648, 39.03465 ], [ 22.95883, 39.02513 ], [ 22.96388, 39.00898 ], [ 23.01531, 39.03319 ], [ 23.04249, 39.04011 ], [ 23.07309, 39.04247 ], [ 23.07309, 39.03628 ], [ 23.06471, 39.02875 ], [ 23.03224, 39.01512 ], [ 23.02329, 39.00845 ], [ 23.01905, 39.00129 ], [ 23.01173, 38.98102 ], [ 23.00717, 38.97394 ], [ 23.00025, 38.96646 ], [ 22.98455, 38.95433 ], [ 22.97869, 38.95327 ], [ 22.96412, 38.95527 ], [ 22.95639, 38.95433 ], [ 22.94435, 38.94733 ], [ 22.93605, 38.94684 ], [ 22.94288, 38.9326 ], [ 22.92856, 38.93159 ], [ 22.90846, 38.92194 ], [ 22.89845, 38.91962 ], [ 22.85987, 38.92853 ], [ 22.84653, 38.92642 ], [ 22.84181, 38.91918 ], [ 22.83668, 38.89647 ], [ 22.8296, 38.89167 ], [ 22.8047, 38.89102 ], [ 22.79656, 38.88711 ], [ 22.792, 38.878 ], [ 22.77768, 38.87849 ], [ 22.75457, 38.87397 ], [ 22.73268, 38.87238 ], [ 22.72316, 38.88174 ], [ 22.71827, 38.8898 ], [ 22.70777, 38.8874 ], [ 22.68898, 38.878 ], [ 22.68043, 38.88052 ], [ 22.65838, 38.89167 ], [ 22.65642, 38.89435 ], [ 22.62159, 38.9145 ], [ 22.61329, 38.91307 ], [ 22.58082, 38.89362 ], [ 22.55209, 38.88923 ], [ 22.54526, 38.88508 ], [ 22.53883, 38.878 ], [ 22.52508, 38.88544 ], [ 22.52508, 38.85814 ], [ 22.57293, 38.86433 ], [ 22.57293, 38.85814 ], [ 22.55388, 38.84809 ], [ 22.56332, 38.83625 ], [ 22.58277, 38.83198 ], [ 22.59344, 38.84447 ], [ 22.60027, 38.84447 ], [ 22.59344, 38.83023 ], [ 22.60816, 38.83076 ], [ 22.63266, 38.83515 ], [ 22.64112, 38.83023 ], [ 22.69028, 38.85 ], [ 22.70265, 38.85065 ], [ 22.72682, 38.81965 ], [ 22.74806, 38.79922 ], [ 22.75896, 38.79409 ], [ 22.76954, 38.78482 ], [ 22.77833, 38.78172 ], [ 22.81593, 38.78925 ], [ 22.82927, 38.78608 ], [ 22.84555, 38.77802 ], [ 22.85987, 38.76704 ], [ 22.8672, 38.75507 ], [ 22.88754, 38.77114 ], [ 22.8982, 38.7753 ], [ 22.91489, 38.77558 ], [ 22.92563, 38.77171 ], [ 22.94532, 38.75812 ], [ 22.96022, 38.75507 ], [ 23.01629, 38.75446 ], [ 23.042, 38.74673 ], [ 23.05942, 38.72773 ], [ 23.09051, 38.64912 ], [ 23.1045, 38.63841 ], [ 23.12355, 38.63691 ], [ 23.13331, 38.63972 ], [ 23.14519, 38.64899 ], [ 23.15642, 38.65347 ], [ 23.16896, 38.65229 ], [ 23.18247, 38.65375 ], [ 23.19606, 38.66633 ], [ 23.17677, 38.67658 ], [ 23.16814, 38.67939 ], [ 23.18678, 38.68598 ], [ 23.20493, 38.68268 ], [ 23.23764, 38.66633 ], [ 23.25375, 38.66181 ], [ 23.28696, 38.65815 ], [ 23.30592, 38.65266 ], [ 23.32097, 38.64326 ], [ 23.33123, 38.63028 ], [ 23.3357, 38.6164 ], [ 23.33326, 38.60423 ], [ 23.32114, 38.59443 ], [ 23.30649, 38.58885 ], [ 23.2933, 38.57909 ], [ 23.28541, 38.55646 ], [ 23.29542, 38.5681 ], [ 23.30738, 38.56855 ], [ 23.31959, 38.562 ], [ 23.34059, 38.54556 ], [ 23.36744, 38.54047 ], [ 23.3816, 38.53535 ], [ 23.3816, 38.52855 ], [ 23.37281, 38.52595 ], [ 23.34986, 38.52558 ], [ 23.3401, 38.52237 ], [ 23.3318, 38.51488 ], [ 23.32927, 38.50837 ], [ 23.33497, 38.50361 ], [ 23.3506, 38.50186 ], [ 23.41847, 38.50434 ], [ 23.51938, 38.49067 ], [ 23.53191, 38.49811 ], [ 23.54298, 38.5117 ], [ 23.56723, 38.50113 ], [ 23.60133, 38.47394 ], [ 23.5735, 38.46088 ], [ 23.5735, 38.45344 ], [ 23.58595, 38.45116 ], [ 23.5962, 38.44676 ], [ 23.60011, 38.44062 ], [ 23.594, 38.43293 ], [ 23.594, 38.42609 ], [ 23.62501, 38.41401 ], [ 23.67286, 38.35643 ], [ 23.70997, 38.33674 ], [ 23.72486, 38.33613 ], [ 23.78199, 38.34357 ], [ 23.80502, 38.33251 ], [ 23.81617, 38.33051 ], [ 23.91245, 38.29824 ], [ 23.93287, 38.2958 ], [ 23.95102, 38.29092 ], [ 23.96697, 38.27928 ], [ 23.99122, 38.25422 ], [ 24.03858, 38.22394 ], [ 24.0464, 38.21695 ], [ 24.05063, 38.21068 ], [ 24.06902, 38.20474 ], [ 24.07309, 38.19648 ], [ 24.06804, 38.18089 ], [ 24.06951, 38.17353 ], [ 24.08058, 38.166 ], [ 24.07, 38.16279 ], [ 24.06414, 38.1551 ], [ 24.05942, 38.13129 ], [ 24.05323, 38.14525 ], [ 24.03777, 38.14374 ], [ 23.98902, 38.12263 ], [ 23.99, 38.10212 ], [ 24.00489, 38.05927 ], [ 24.00913, 38.04059 ], [ 24.01857, 38.02668 ], [ 24.02817, 38.01618 ], [ 24.03273, 38.00776 ], [ 24.03004, 37.99844 ], [ 24.01173, 37.96686 ], [ 24.01189, 37.95832 ], [ 24.01588, 37.93745 ], [ 24.01173, 37.92524 ], [ 24.0228, 37.92573 ], [ 24.03443, 37.92292 ], [ 24.0433, 37.91645 ], [ 24.0464, 37.90599 ], [ 24.04225, 37.9007 ], [ 24.01173, 37.89175 ], [ 24.01889, 37.88516 ], [ 24.02784, 37.88032 ], [ 24.03891, 37.87788 ], [ 24.05323, 37.87808 ], [ 24.0464, 37.87059 ], [ 24.06691, 37.86441 ], [ 24.0608, 37.85562 ], [ 24.05934, 37.84854 ], [ 24.06178, 37.84252 ], [ 24.06691, 37.8371 ], [ 24.05763, 37.83218 ], [ 24.05323, 37.82282 ], [ 24.077, 37.8111 ], [ 24.08465, 37.80174 ], [ 24.08741, 37.78522 ], [ 24.08619, 37.76374 ], [ 24.08188, 37.75251 ], [ 24.05942, 37.73347 ], [ 24.07309, 37.72724 ], [ 24.07309, 37.71979 ], [ 24.05942, 37.71979 ], [ 24.05942, 37.71357 ], [ 24.06577, 37.7128 ], [ 24.06691, 37.69929 ], [ 24.06528, 37.70482 ], [ 24.06398, 37.70502 ], [ 24.05942, 37.69929 ], [ 24.07211, 37.68952 ], [ 24.06373, 37.67845 ], [ 24.0464, 37.66584 ], [ 24.03273, 37.65152 ], [ 24.02133, 37.65778 ], [ 23.98308, 37.67031 ], [ 23.9673, 37.67259 ], [ 23.94972, 37.67744 ], [ 23.94304, 37.68993 ], [ 23.94337, 37.72724 ], [ 23.93653, 37.72724 ], [ 23.9227, 37.72118 ], [ 23.91334, 37.73969 ], [ 23.90252, 37.78189 ], [ 23.88885, 37.7744 ], [ 23.8816, 37.79108 ], [ 23.86557, 37.80768 ], [ 23.8475, 37.8181 ], [ 23.83351, 37.81599 ], [ 23.82211, 37.82416 ], [ 23.81918, 37.82966 ], [ 23.813, 37.82966 ], [ 23.8073, 37.80858 ], [ 23.79721, 37.8085 ], [ 23.78663, 37.81216 ], [ 23.77898, 37.80231 ], [ 23.77662, 37.81428 ], [ 23.77361, 37.81688 ], [ 23.7645, 37.81599 ], [ 23.77084, 37.82831 ], [ 23.76645, 37.83893 ], [ 23.7448, 37.85761 ], [ 23.7422, 37.87665 ], [ 23.70053, 37.9252 ], [ 23.69703, 37.93952 ], [ 23.68019, 37.94587 ], [ 23.66334, 37.94294 ], [ 23.64601, 37.93667 ], [ 23.6281, 37.93268 ], [ 23.6281, 37.93952 ], [ 23.63771, 37.94294 ], [ 23.6408, 37.94579 ], [ 23.64177, 37.95254 ], [ 23.62664, 37.9475 ], [ 23.61801, 37.95327 ], [ 23.61036, 37.96214 ], [ 23.59767, 37.96686 ], [ 23.57106, 37.9687 ], [ 23.5608, 37.97281 ], [ 23.55299, 37.98045 ], [ 23.58888, 38.00633 ], [ 23.59791, 38.02114 ], [ 23.59059, 38.0388 ], [ 23.58131, 38.04629 ], [ 23.57455, 38.04678 ], [ 23.55983, 38.04255 ], [ 23.52182, 38.04255 ], [ 23.51149, 38.04043 ], [ 23.49985, 38.03099 ], [ 23.49464, 38.02888 ], [ 23.47088, 38.02778 ], [ 23.44996, 38.02143 ], [ 23.41188, 37.99437 ], [ 23.39527, 37.98794 ], [ 23.42945, 37.98045 ], [ 23.40895, 37.97431 ], [ 23.32984, 37.98045 ], [ 23.22682, 37.97362 ], [ 23.18922, 37.95881 ], [ 23.14234, 37.93008 ], [ 23.09409, 37.91104 ], [ 23.05201, 37.92524 ], [ 23.04274, 37.92194 ], [ 23.01515, 37.92524 ], [ 23.01149, 37.91999 ], [ 23.01026, 37.89696 ], [ 23.00148, 37.89175 ], [ 22.99513, 37.88215 ], [ 22.99952, 37.8627 ], [ 23.01254, 37.84756 ], [ 23.03224, 37.85078 ], [ 23.04965, 37.84357 ], [ 23.0735, 37.84113 ], [ 23.09718, 37.84357 ], [ 23.11411, 37.85078 ], [ 23.14625, 37.82583 ], [ 23.16383, 37.81525 ], [ 23.18238, 37.80915 ], [ 23.17799, 37.7993 ], [ 23.17644, 37.78998 ], [ 23.17799, 37.78156 ], [ 23.18238, 37.7744 ], [ 23.16871, 37.77237 ], [ 23.1504, 37.76337 ], [ 23.12818, 37.76048 ], [ 23.12501, 37.75727 ], [ 23.12094, 37.74091 ], [ 23.14584, 37.72582 ], [ 23.15935, 37.72077 ], [ 23.17555, 37.71979 ], [ 23.16627, 37.69701 ], [ 23.16383, 37.68159 ], [ 23.16725, 37.66645 ], [ 23.17555, 37.64468 ], [ 23.16188, 37.64468 ], [ 23.16456, 37.62303 ], [ 23.16863, 37.61416 ], [ 23.19011, 37.60733 ], [ 23.23024, 37.58259 ], [ 23.23764, 37.59003 ], [ 23.27467, 37.56122 ], [ 23.29225, 37.55589 ], [ 23.31235, 37.54255 ], [ 23.32301, 37.53742 ], [ 23.33668, 37.53547 ], [ 23.36036, 37.54767 ], [ 23.35914, 37.57429 ], [ 23.34059, 37.60029 ], [ 23.31219, 37.61054 ], [ 23.31219, 37.61738 ], [ 23.32911, 37.62824 ], [ 23.34783, 37.63443 ], [ 23.39869, 37.63788 ], [ 23.40903, 37.62592 ], [ 23.40431, 37.59927 ], [ 23.3908, 37.57136 ], [ 23.37428, 37.55589 ], [ 23.38429, 37.54743 ], [ 23.39503, 37.54141 ], [ 23.4074, 37.5375 ], [ 23.42205, 37.53547 ], [ 23.42205, 37.52802 ], [ 23.39527, 37.5218 ], [ 23.39527, 37.51496 ], [ 23.40211, 37.51496 ], [ 23.41066, 37.51191 ], [ 23.43629, 37.50812 ], [ 23.45883, 37.49616 ], [ 23.47918, 37.49067 ], [ 23.52565, 37.4597 ], [ 23.51889, 37.45303 ], [ 23.52565, 37.44603 ], [ 23.52565, 37.4392 ], [ 23.50538, 37.43049 ], [ 23.44654, 37.41462 ], [ 23.32325, 37.40974 ], [ 23.30592, 37.41193 ], [ 23.31219, 37.39826 ], [ 23.27605, 37.40225 ], [ 23.26271, 37.40103 ], [ 23.26441, 37.39081 ], [ 23.23024, 37.38459 ], [ 23.22999, 37.37495 ], [ 23.23707, 37.37031 ], [ 23.24741, 37.36945 ], [ 23.25758, 37.37092 ], [ 23.25131, 37.36351 ], [ 23.25131, 37.35733 ], [ 23.25896, 37.35639 ], [ 23.27801, 37.34984 ], [ 23.26238, 37.34398 ], [ 23.24399, 37.34243 ], [ 23.20672, 37.3437 ], [ 23.18605, 37.34064 ], [ 23.18539, 37.33218 ], [ 23.20362, 37.30268 ], [ 23.18287, 37.29926 ], [ 23.16863, 37.29951 ], [ 23.14145, 37.30952 ], [ 23.14145, 37.31635 ], [ 23.16188, 37.31635 ], [ 23.16188, 37.32315 ], [ 23.15016, 37.32575 ], [ 23.13624, 37.32372 ], [ 23.12338, 37.32477 ], [ 23.11411, 37.33617 ], [ 23.13461, 37.32933 ], [ 23.12973, 37.33877 ], [ 23.12241, 37.34569 ], [ 23.1006, 37.35733 ], [ 23.09278, 37.35078 ], [ 23.08277, 37.35053 ], [ 23.07309, 37.35521 ], [ 23.07008, 37.3889 ], [ 23.0726, 37.40111 ], [ 23.09498, 37.38955 ], [ 23.10524, 37.39692 ], [ 23.11256, 37.41087 ], [ 23.11411, 37.4256 ], [ 23.14145, 37.41193 ], [ 23.14145, 37.41816 ], [ 23.13657, 37.42731 ], [ 23.13461, 37.44261 ], [ 23.13201, 37.44864 ], [ 23.11793, 37.45283 ], [ 23.09718, 37.46223 ], [ 23.06202, 37.45498 ], [ 23.04591, 37.4597 ], [ 23.05942, 37.46654 ], [ 23.04591, 37.48701 ], [ 23.02101, 37.47529 ], [ 23.01124, 37.46906 ], [ 23.00489, 37.4597 ], [ 22.9909, 37.49575 ], [ 22.98072, 37.50878 ], [ 22.96388, 37.5218 ], [ 22.94288, 37.5218 ], [ 22.93914, 37.52497 ], [ 22.93605, 37.53547 ], [ 22.92156, 37.54035 ], [ 22.90187, 37.54165 ], [ 22.91432, 37.5388 ], [ 22.91847, 37.53559 ], [ 22.92237, 37.52802 ], [ 22.90235, 37.53486 ], [ 22.88502, 37.53315 ], [ 22.8694, 37.52562 ], [ 22.85401, 37.51496 ], [ 22.84718, 37.52098 ], [ 22.81935, 37.53547 ], [ 22.82618, 37.54906 ], [ 22.81349, 37.55341 ], [ 22.80201, 37.56086 ], [ 22.79591, 37.56916 ], [ 22.79884, 37.5764 ], [ 22.78834, 37.58877 ], [ 22.77833, 37.59687 ], [ 22.75652, 37.58967 ], [ 22.73845, 37.58088 ], [ 22.72641, 37.56635 ], [ 22.72316, 37.54165 ], [ 22.72535, 37.53657 ], [ 22.73463, 37.52456 ], [ 22.73666, 37.51838 ], [ 22.73072, 37.50023 ], [ 22.73048, 37.49445 ], [ 22.73471, 37.48334 ], [ 22.75034, 37.46654 ], [ 22.75148, 37.46162 ], [ 22.75034, 37.44261 ], [ 22.76482, 37.43179 ], [ 22.76417, 37.42154 ], [ 22.75733, 37.40827 ], [ 22.75799, 37.39826 ], [ 22.81039, 37.34837 ], [ 22.81935, 37.3437 ], [ 22.81251, 37.32933 ], [ 22.82618, 37.32933 ], [ 22.82618, 37.32315 ], [ 22.81935, 37.32315 ], [ 22.81935, 37.31635 ], [ 22.82984, 37.30829 ], [ 22.85377, 37.27387 ], [ 22.86085, 37.25568 ], [ 22.89503, 37.20649 ], [ 22.90659, 37.19392 ], [ 22.91163, 37.18342 ], [ 22.9004, 37.17292 ], [ 22.89723, 37.15986 ], [ 22.89503, 37.13386 ], [ 22.90317, 37.12128 ], [ 22.92205, 37.11799 ], [ 22.94272, 37.1201 ], [ 22.95639, 37.12397 ], [ 22.95704, 37.11933 ], [ 22.96388, 37.1103 ], [ 22.9568, 37.10676 ], [ 22.96388, 37.10342 ], [ 22.95639, 37.09593 ], [ 22.97348, 37.09097 ], [ 22.9817, 37.08271 ], [ 22.97918, 37.07783 ], [ 22.96388, 37.08295 ], [ 22.97291, 37.06513 ], [ 22.99985, 37.03327 ], [ 22.99806, 37.02147 ], [ 23.00611, 37.00458 ], [ 23.01173, 36.98676 ], [ 22.99073, 36.98676 ], [ 23.00489, 36.96686 ], [ 23.00758, 36.97085 ], [ 23.01173, 36.97309 ], [ 23.01637, 36.95527 ], [ 23.01531, 36.94709 ], [ 23.01173, 36.93891 ], [ 23.02174, 36.92573 ], [ 23.04168, 36.88544 ], [ 23.049, 36.8769 ], [ 23.04591, 36.86909 ], [ 23.05926, 36.85151 ], [ 23.08676, 36.82909 ], [ 23.09327, 36.81826 ], [ 23.09555, 36.80703 ], [ 23.09181, 36.79833 ], [ 23.08058, 36.79499 ], [ 23.08058, 36.78876 ], [ 23.09881, 36.78693 ], [ 23.11411, 36.78132 ], [ 23.10987, 36.77367 ], [ 23.0984, 36.76667 ], [ 23.09441, 36.76081 ], [ 23.09295, 36.75519 ], [ 23.09441, 36.74372 ], [ 23.08863, 36.7329 ], [ 23.07586, 36.73383 ], [ 23.0617, 36.74055 ], [ 23.05201, 36.74714 ], [ 23.04347, 36.73603 ], [ 23.03094, 36.72557 ], [ 23.02565, 36.71564 ], [ 23.03907, 36.7062 ], [ 23.03224, 36.69257 ], [ 23.05942, 36.69257 ], [ 23.03443, 36.67487 ], [ 23.03566, 36.64907 ], [ 23.05047, 36.62246 ], [ 23.07016, 36.59699 ], [ 23.08058, 36.57929 ], [ 23.08481, 36.57616 ], [ 23.10467, 36.56932 ], [ 23.11598, 36.56224 ], [ 23.13461, 36.55537 ], [ 23.14536, 36.54194 ], [ 23.15504, 36.54108 ], [ 23.14145, 36.53425 ], [ 23.14145, 36.52802 ], [ 23.14747, 36.52237 ], [ 23.1482, 36.51716 ], [ 23.14389, 36.51227 ], [ 23.13461, 36.50755 ], [ 23.15187, 36.48729 ], [ 23.18181, 36.47232 ], [ 23.20362, 36.45612 ], [ 23.19606, 36.43252 ], [ 23.16188, 36.44619 ], [ 23.15187, 36.43561 ], [ 23.13933, 36.43407 ], [ 23.09474, 36.44318 ], [ 23.0857, 36.4536 ], [ 23.07838, 36.46528 ], [ 23.06625, 36.47346 ], [ 23.06625, 36.47964 ], [ 23.07211, 36.49311 ], [ 23.06511, 36.5091 ], [ 23.05104, 36.52245 ], [ 23.03566, 36.52802 ], [ 22.99269, 36.52033 ], [ 22.97242, 36.52021 ], [ 22.96388, 36.53115 ], [ 22.95924, 36.54743 ], [ 22.93678, 36.58617 ], [ 22.92921, 36.59634 ], [ 22.91782, 36.60517 ], [ 22.87469, 36.63052 ], [ 22.88893, 36.64248 ], [ 22.88429, 36.65424 ], [ 22.84254, 36.685 ], [ 22.83717, 36.68651 ], [ 22.83318, 36.6789 ], [ 22.81935, 36.66523 ], [ 22.81495, 36.67056 ], [ 22.81373, 36.67939 ], [ 22.81935, 36.70279 ], [ 22.81715, 36.71796 ], [ 22.80787, 36.73957 ], [ 22.80079, 36.77578 ], [ 22.78688, 36.79344 ], [ 22.76515, 36.80419 ], [ 22.73666, 36.80858 ], [ 22.68556, 36.80948 ], [ 22.62257, 36.80345 ], [ 22.5774, 36.78303 ], [ 22.57911, 36.74038 ], [ 22.54615, 36.72142 ], [ 22.53346, 36.70722 ], [ 22.52508, 36.68513 ], [ 22.54029, 36.68521 ], [ 22.54982, 36.67829 ], [ 22.55372, 36.66621 ], [ 22.5525, 36.65095 ], [ 22.54566, 36.65095 ], [ 22.54005, 36.66527 ], [ 22.53386, 36.67056 ], [ 22.52508, 36.67145 ], [ 22.51677, 36.66616 ], [ 22.5114, 36.65689 ], [ 22.51002, 36.64802 ], [ 22.53102, 36.6328 ], [ 22.52605, 36.61237 ], [ 22.51271, 36.60277 ], [ 22.50465, 36.62425 ], [ 22.49, 36.61701 ], [ 22.48406, 36.60663 ], [ 22.48357, 36.54792 ], [ 22.48658, 36.52509 ], [ 22.49269, 36.50629 ], [ 22.51149, 36.46662 ], [ 22.50733, 36.46109 ], [ 22.51149, 36.45234 ], [ 22.4983, 36.44526 ], [ 22.49391, 36.43476 ], [ 22.49676, 36.42276 ], [ 22.50465, 36.41136 ], [ 22.50465, 36.40453 ], [ 22.49545, 36.40534 ], [ 22.49301, 36.40249 ], [ 22.49098, 36.39094 ], [ 22.47975, 36.40204 ], [ 22.47633, 36.41926 ], [ 22.47511, 36.43757 ], [ 22.4699, 36.45234 ], [ 22.45533, 36.46223 ], [ 22.42042, 36.47354 ], [ 22.40838, 36.48713 ], [ 22.40162, 36.48713 ], [ 22.39137, 36.4785 ], [ 22.38136, 36.48045 ], [ 22.36402, 36.49702 ], [ 22.3545, 36.51191 ], [ 22.35532, 36.52294 ], [ 22.36744, 36.54792 ], [ 22.38356, 36.54418 ], [ 22.38819, 36.55606 ], [ 22.38404, 36.5725 ], [ 22.37371, 36.58271 ], [ 22.37867, 36.58759 ], [ 22.38795, 36.60253 ], [ 22.36744, 36.60253 ], [ 22.36931, 36.61538 ], [ 22.36793, 36.63085 ], [ 22.37135, 36.64273 ], [ 22.38795, 36.64411 ], [ 22.38795, 36.65095 ], [ 22.36842, 36.65648 ], [ 22.37062, 36.67357 ], [ 22.38795, 36.7062 ], [ 22.35857, 36.70209 ], [ 22.33937, 36.72647 ], [ 22.32374, 36.75788 ], [ 22.30543, 36.77509 ], [ 22.30698, 36.79458 ], [ 22.29168, 36.82014 ], [ 22.22153, 36.89753 ], [ 22.20021, 36.9064 ], [ 22.17506, 36.89118 ], [ 22.14869, 36.90717 ], [ 22.13787, 36.91714 ], [ 22.13347, 36.93211 ], [ 22.13575, 36.93163 ], [ 22.14064, 36.93716 ], [ 22.14536, 36.94611 ], [ 22.14772, 36.95604 ], [ 22.14877, 36.96743 ], [ 22.15358, 36.98688 ], [ 22.15512, 37.01411 ], [ 22.15317, 37.02119 ], [ 22.08562, 37.03339 ], [ 22.04811, 37.03514 ], [ 22.03004, 37.03095 ], [ 21.9922, 37.01211 ], [ 21.9546, 37.00365 ], [ 21.94313, 36.99331 ], [ 21.93735, 36.97997 ], [ 21.92726, 36.88447 ], [ 21.92221, 36.8723 ], [ 21.92172, 36.86323 ], [ 21.92595, 36.85171 ], [ 21.93214, 36.843 ], [ 21.93491, 36.83421 ], [ 21.92856, 36.82225 ], [ 21.94565, 36.80903 ], [ 21.95623, 36.80345 ], [ 21.97023, 36.80174 ], [ 21.97023, 36.79499 ], [ 21.9568, 36.79413 ], [ 21.94508, 36.78994 ], [ 21.93881, 36.78319 ], [ 21.94223, 36.77509 ], [ 21.93588, 36.76602 ], [ 21.88258, 36.72655 ], [ 21.87403, 36.72671 ], [ 21.85678, 36.75507 ], [ 21.85353, 36.75739 ], [ 21.82276, 36.80858 ], [ 21.80486, 36.8076 ], [ 21.78972, 36.80475 ], [ 21.76417, 36.79499 ], [ 21.75229, 36.805 ], [ 21.72877, 36.81265 ], [ 21.7225, 36.82225 ], [ 21.71632, 36.82225 ], [ 21.70737, 36.81802 ], [ 21.70191, 36.82563 ], [ 21.69663, 36.83845 ], [ 21.68849, 36.84955 ], [ 21.69239, 36.85904 ], [ 21.68849, 36.89118 ], [ 21.69158, 36.9003 ], [ 21.70476, 36.91714 ], [ 21.70948, 36.92593 ], [ 21.70997, 36.94269 ], [ 21.70265, 36.95726 ], [ 21.68816, 36.96454 ], [ 21.66798, 36.95942 ], [ 21.67742, 36.96328 ], [ 21.68043, 36.96646 ], [ 21.68165, 36.97309 ], [ 21.6727, 36.97358 ], [ 21.66774, 36.97093 ], [ 21.66179, 36.95942 ], [ 21.6548, 36.9947 ], [ 21.62924, 37.0209 ], [ 21.59929, 37.04572 ], [ 21.57862, 37.07673 ], [ 21.56967, 37.1162 ], [ 21.56756, 37.15632 ], [ 21.57439, 37.19237 ], [ 21.59213, 37.22016 ], [ 21.65496, 37.26073 ], [ 21.6823, 37.28392 ], [ 21.69581, 37.31635 ], [ 21.69142, 37.35663 ], [ 21.67482, 37.39598 ], [ 21.60711, 37.4995 ], [ 21.56902, 37.54536 ], [ 21.54998, 37.56147 ], [ 21.46363, 37.61026 ], [ 21.44304, 37.6186 ], [ 21.43181, 37.62763 ], [ 21.41236, 37.64802 ], [ 21.40219, 37.65542 ], [ 21.34327, 37.66934 ], [ 21.32374, 37.66494 ], [ 21.31853, 37.63788 ], [ 21.31227, 37.63788 ], [ 21.30828, 37.66625 ], [ 21.29868, 37.67259 ], [ 21.31105, 37.6931 ], [ 21.31471, 37.70954 ], [ 21.31186, 37.7263 ], [ 21.29526, 37.77167 ], [ 21.28492, 37.7851 ], [ 21.27101, 37.7934 ], [ 21.22731, 37.81192 ], [ 21.12208, 37.83739 ], [ 21.11305, 37.84333 ], [ 21.1076, 37.85545 ], [ 21.11158, 37.87043 ], [ 21.10621, 37.87808 ], [ 21.13356, 37.94636 ], [ 21.14039, 37.94636 ], [ 21.1644, 37.92963 ], [ 21.20777, 37.94603 ], [ 21.25164, 37.97622 ], [ 21.27752, 38.00096 ], [ 21.29151, 37.99722 ], [ 21.30348, 38.00332 ], [ 21.32594, 38.02143 ], [ 21.32594, 38.02888 ], [ 21.31853, 38.0351 ], [ 21.29908, 38.02652 ], [ 21.28435, 38.01529 ], [ 21.32936, 38.06989 ], [ 21.33131, 38.0764 ], [ 21.36704, 38.12108 ], [ 21.37143, 38.1315 ], [ 21.37371, 38.14448 ], [ 21.37574, 38.20429 ], [ 21.37428, 38.22065 ], [ 21.38494, 38.21113 ], [ 21.39829, 38.19294 ], [ 21.40854, 38.18594 ], [ 21.40528, 38.20746 ], [ 21.40089, 38.21479 ], [ 21.4061, 38.2084 ], [ 21.42066, 38.20234 ], [ 21.45973, 38.20018 ], [ 21.47397, 38.19603 ], [ 21.52394, 38.166 ], [ 21.60304, 38.1518 ], [ 21.62233, 38.15477 ], [ 21.64234, 38.1621 ], [ 21.67482, 38.17967 ], [ 21.70135, 38.20527 ], [ 21.74155, 38.26972 ], [ 21.76417, 38.2958 ], [ 21.84051, 38.33364 ], [ 21.84946, 38.34129 ], [ 21.91554, 38.33051 ], [ 21.93702, 38.33063 ], [ 21.94654, 38.33234 ], [ 21.9559, 38.33674 ], [ 21.97804, 38.32355 ], [ 21.99252, 38.31875 ], [ 22.00782, 38.31688 ], [ 22.02036, 38.31322 ], [ 22.02662, 38.30435 ], [ 22.03077, 38.29295 ], [ 22.03785, 38.28213 ], [ 22.04884, 38.27481 ], [ 22.07862, 38.26341 ], [ 22.08937, 38.26166 ], [ 22.11362, 38.26781 ], [ 22.12892, 38.25629 ], [ 22.13722, 38.25422 ], [ 22.14332, 38.24909 ], [ 22.15406, 38.22346 ], [ 22.16139, 38.2132 ], [ 22.16969, 38.2097 ], [ 22.20607, 38.20018 ], [ 22.21852, 38.18818 ], [ 22.22657, 38.18594 ], [ 22.25758, 38.18594 ], [ 22.30079, 38.17748 ], [ 22.31284, 38.17227 ], [ 22.33123, 38.1789 ], [ 22.34685, 38.1708 ], [ 22.36345, 38.15827 ], [ 22.39422, 38.14842 ], [ 22.40431, 38.14191 ], [ 22.41481, 38.13788 ], [ 22.43279, 38.14326 ], [ 22.51149, 38.1293 ], [ 22.62062, 38.08348 ], [ 22.68043, 38.0666 ], [ 22.68898, 38.05927 ], [ 22.6985, 38.05671 ], [ 22.77833, 38.00096 ], [ 22.7964, 37.97679 ], [ 22.80226, 37.97362 ], [ 22.8213, 37.96918 ], [ 22.85239, 37.9475 ], [ 22.8672, 37.93952 ], [ 22.88266, 37.93757 ], [ 22.8982, 37.93976 ], [ 22.92237, 37.94636 ], [ 22.9463, 37.94623 ], [ 22.95297, 37.94941 ], [ 22.97316, 37.97362 ], [ 22.97535, 37.97899 ], [ 22.96551, 37.99071 ], [ 22.95094, 38.00243 ], [ 22.93946, 38.00776 ], [ 22.92384, 38.01179 ], [ 22.89918, 38.02778 ], [ 22.88087, 38.02888 ], [ 22.88746, 38.03364 ], [ 22.85401, 38.0351 ], [ 22.8755, 38.0493 ], [ 22.88543, 38.05427 ], [ 22.91163, 38.06013 ], [ 22.93377, 38.07827 ], [ 22.94288, 38.08348 ], [ 22.96974, 38.08198 ], [ 23.01905, 38.06525 ], [ 23.03907, 38.06989 ], [ 23.06861, 38.05891 ], [ 23.10092, 38.0624 ], [ 23.17286, 38.07949 ], [ 23.18971, 38.09439 ], [ 23.20672, 38.09781 ], [ 23.21664, 38.10334 ], [ 23.2103, 38.11538 ], [ 23.19418, 38.12694 ], [ 23.17555, 38.13129 ], [ 23.17555, 38.14496 ], [ 23.2234, 38.1518 ], [ 23.2234, 38.15925 ], [ 23.14405, 38.16743 ], [ 23.12843, 38.17227 ], [ 23.14894, 38.18594 ], [ 23.12273, 38.20808 ], [ 23.10963, 38.21011 ], [ 23.07748, 38.18578 ], [ 23.06666, 38.18317 ], [ 23.03224, 38.18594 ], [ 23.03224, 38.19278 ], [ 23.05201, 38.19278 ], [ 23.03883, 38.20832 ], [ 23.02508, 38.21662 ], [ 23.01043, 38.22004 ], [ 22.95191, 38.22529 ], [ 22.93377, 38.22207 ], [ 22.92237, 38.20702 ], [ 22.93588, 38.2106 ], [ 22.95053, 38.20978 ], [ 22.96306, 38.20405 ], [ 22.96949, 38.19278 ], [ 22.95232, 38.1931 ], [ 22.92254, 38.19746 ], [ 22.9087, 38.19278 ], [ 22.89503, 38.24116 ], [ 22.88819, 38.24116 ], [ 22.88087, 38.22696 ], [ 22.87469, 38.24116 ], [ 22.85646, 38.2364 ], [ 22.82, 38.23298 ], [ 22.80567, 38.22696 ], [ 22.76482, 38.24799 ], [ 22.7732, 38.25829 ], [ 22.79127, 38.27045 ], [ 22.79884, 38.28213 ], [ 22.78028, 38.28856 ], [ 22.74236, 38.29706 ], [ 22.71941, 38.31029 ], [ 22.69646, 38.31688 ], [ 22.6753, 38.34357 ], [ 22.68442, 38.36107 ], [ 22.67018, 38.38154 ], [ 22.64649, 38.38996 ], [ 22.6268, 38.37153 ], [ 22.64487, 38.36961 ], [ 22.64617, 38.3618 ], [ 22.63673, 38.35627 ], [ 22.61232, 38.36384 ], [ 22.60092, 38.35566 ], [ 22.58717, 38.33674 ], [ 22.58717, 38.33051 ], [ 22.59913, 38.32461 ], [ 22.60646, 38.32307 ], [ 22.60646, 38.31688 ], [ 22.59913, 38.31281 ], [ 22.59816, 38.31074 ], [ 22.60027, 38.30264 ], [ 22.58863, 38.29304 ], [ 22.57643, 38.29019 ], [ 22.56251, 38.29352 ], [ 22.54566, 38.30264 ], [ 22.54526, 38.30557 ], [ 22.53395, 38.32266 ], [ 22.53199, 38.32307 ], [ 22.52622, 38.33173 ], [ 22.52833, 38.33393 ], [ 22.53883, 38.33674 ], [ 22.52516, 38.35883 ], [ 22.47731, 38.40567 ], [ 22.46844, 38.42113 ], [ 22.46306, 38.42609 ], [ 22.44825, 38.43049 ], [ 22.40162, 38.45344 ], [ 22.40838, 38.41559 ], [ 22.38111, 38.39883 ], [ 22.37371, 38.39204 ], [ 22.386, 38.38019 ], [ 22.38998, 38.38052 ], [ 22.39479, 38.38516 ], [ 22.39861, 38.37592 ], [ 22.39625, 38.36835 ], [ 22.38982, 38.36225 ], [ 22.38111, 38.35786 ], [ 22.38795, 38.35102 ], [ 22.38233, 38.34268 ], [ 22.36752, 38.34186 ], [ 22.3484, 38.34736 ], [ 22.32252, 38.35102 ], [ 22.28492, 38.34732 ], [ 22.27931, 38.35309 ], [ 22.26645, 38.35855 ], [ 22.25261, 38.36099 ], [ 22.24334, 38.35786 ], [ 22.22486, 38.36005 ], [ 22.20932, 38.35293 ], [ 22.19597, 38.33954 ], [ 22.18922, 38.32307 ], [ 22.18092, 38.32998 ], [ 22.1753, 38.34333 ], [ 22.16879, 38.35102 ], [ 22.15952, 38.35395 ], [ 22.15073, 38.35277 ], [ 22.14576, 38.35399 ], [ 22.14772, 38.36408 ], [ 22.13258, 38.37275 ], [ 22.10076, 38.38032 ], [ 22.04908, 38.3985 ], [ 22.02955, 38.39924 ], [ 22.01124, 38.39204 ], [ 21.98764, 38.41059 ], [ 21.95786, 38.41169 ], [ 21.92897, 38.4029 ], [ 21.88852, 38.37979 ], [ 21.87924, 38.378 ], [ 21.86411, 38.37767 ], [ 21.85613, 38.38093 ], [ 21.8462, 38.39533 ], [ 21.84051, 38.39887 ], [ 21.83123, 38.39667 ], [ 21.78224, 38.36367 ], [ 21.77459, 38.35261 ], [ 21.77166, 38.33364 ], [ 21.76254, 38.32836 ], [ 21.74301, 38.33784 ], [ 21.71632, 38.35786 ], [ 21.65797, 38.35786 ], [ 21.64161, 38.35444 ], [ 21.62713, 38.34813 ], [ 21.61354, 38.34496 ], [ 21.59962, 38.35102 ], [ 21.53541, 38.31395 ], [ 21.52394, 38.2958 ], [ 21.51775, 38.2958 ], [ 21.50847, 38.30223 ], [ 21.47608, 38.30606 ], [ 21.46925, 38.31293 ], [ 21.4284, 38.33051 ], [ 21.44532, 38.33405 ], [ 21.46119, 38.32697 ], [ 21.47608, 38.31635 ], [ 21.48976, 38.30948 ], [ 21.48976, 38.31688 ], [ 21.48268, 38.32461 ], [ 21.48373, 38.32905 ], [ 21.48976, 38.33674 ], [ 21.47608, 38.34357 ], [ 21.47608, 38.35102 ], [ 21.48976, 38.35786 ], [ 21.46998, 38.35786 ], [ 21.47608, 38.37153 ], [ 21.45851, 38.36636 ], [ 21.45045, 38.36742 ], [ 21.44264, 38.37153 ], [ 21.43686, 38.36766 ], [ 21.42213, 38.36408 ], [ 21.42848, 38.38373 ], [ 21.41627, 38.39411 ], [ 21.39584, 38.39814 ], [ 21.37745, 38.39887 ], [ 21.36988, 38.40819 ], [ 21.36012, 38.46772 ], [ 21.33904, 38.48753 ], [ 21.32252, 38.49628 ], [ 21.3086, 38.49437 ], [ 21.31202, 38.48656 ], [ 21.35328, 38.43293 ], [ 21.33904, 38.43293 ], [ 21.34116, 38.42927 ], [ 21.34645, 38.42609 ], [ 21.3366, 38.3957 ], [ 21.32936, 38.39204 ], [ 21.3191, 38.3902 ], [ 21.29119, 38.37767 ], [ 21.29363, 38.37368 ], [ 21.29868, 38.37153 ], [ 21.29119, 38.36408 ], [ 21.27768, 38.37092 ], [ 21.26954, 38.36787 ], [ 21.26637, 38.3614 ], [ 21.26759, 38.35786 ], [ 21.27223, 38.35444 ], [ 21.2649, 38.34691 ], [ 21.25025, 38.33674 ], [ 21.23927, 38.33112 ], [ 21.23243, 38.32941 ], [ 21.21266, 38.33051 ], [ 21.2046, 38.33417 ], [ 21.19711, 38.34016 ], [ 21.18963, 38.34138 ], [ 21.18133, 38.33051 ], [ 21.19256, 38.32412 ], [ 21.19996, 38.32307 ], [ 21.18287, 38.31916 ], [ 21.17506, 38.3133 ], [ 21.17449, 38.30264 ], [ 21.15561, 38.3039 ], [ 21.14861, 38.31403 ], [ 21.14584, 38.32705 ], [ 21.14039, 38.33674 ], [ 21.12843, 38.34016 ], [ 21.09791, 38.34073 ], [ 21.08522, 38.34357 ], [ 21.10572, 38.35297 ], [ 21.10939, 38.36042 ], [ 21.10621, 38.37153 ], [ 21.09254, 38.36408 ], [ 21.10133, 38.37971 ], [ 21.10621, 38.38516 ], [ 21.10328, 38.37816 ], [ 21.11354, 38.37393 ], [ 21.12501, 38.37995 ], [ 21.13364, 38.38866 ], [ 21.14039, 38.39887 ], [ 21.12241, 38.41035 ], [ 21.11476, 38.40961 ], [ 21.10621, 38.39887 ], [ 21.09474, 38.40298 ], [ 21.08676, 38.41047 ], [ 21.0818, 38.42072 ], [ 21.07895, 38.43293 ], [ 21.08302, 38.43504 ], [ 21.08522, 38.44038 ], [ 21.09523, 38.43024 ], [ 21.10678, 38.42544 ], [ 21.11622, 38.42805 ], [ 21.11988, 38.44038 ], [ 21.10621, 38.43293 ], [ 21.11085, 38.44611 ], [ 21.10141, 38.46475 ], [ 21.10621, 38.47394 ], [ 21.10621, 38.48139 ], [ 21.09669, 38.48143 ], [ 21.07895, 38.48753 ], [ 21.09262, 38.4936 ], [ 21.09938, 38.49437 ], [ 21.08522, 38.50186 ], [ 21.09474, 38.51789 ], [ 21.09742, 38.52595 ], [ 21.09596, 38.53193 ], [ 21.08668, 38.53644 ], [ 21.07887, 38.53242 ], [ 21.07106, 38.52582 ], [ 21.06178, 38.52237 ], [ 21.04721, 38.51138 ], [ 21.03582, 38.5069 ], [ 21.03053, 38.51142 ], [ 21.02833, 38.52058 ], [ 21.01905, 38.53498 ], [ 21.01686, 38.54588 ], [ 21.02459, 38.58674 ], [ 21.02467, 38.60847 ], [ 21.00367, 38.62645 ], [ 20.98813, 38.66401 ], [ 20.97901, 38.67255 ], [ 20.94011, 38.67292 ], [ 20.92661, 38.67674 ], [ 20.9144, 38.68622 ], [ 20.9074, 38.69855 ], [ 20.88315, 38.77936 ], [ 20.87338, 38.79531 ], [ 20.85987, 38.80353 ], [ 20.84523, 38.79963 ], [ 20.83058, 38.78779 ], [ 20.81137, 38.76252 ], [ 20.80405, 38.77338 ], [ 20.79811, 38.77155 ], [ 20.79184, 38.76655 ], [ 20.78403, 38.76813 ], [ 20.77329, 38.76093 ], [ 20.7693, 38.76504 ], [ 20.76743, 38.77412 ], [ 20.76368, 38.78172 ], [ 20.72934, 38.80353 ], [ 20.72934, 38.80976 ], [ 20.73699, 38.82258 ], [ 20.74147, 38.84089 ], [ 20.74936, 38.85725 ], [ 20.76734, 38.86433 ], [ 20.8003, 38.86457 ], [ 20.80519, 38.86774 ], [ 20.80193, 38.87409 ], [ 20.7942, 38.87979 ], [ 20.7645, 38.89179 ], [ 20.75603, 38.90689 ], [ 20.75408, 38.92495 ], [ 20.7575, 38.94009 ], [ 20.76979, 38.95897 ], [ 20.77516, 38.95161 ], [ 20.78159, 38.935 ], [ 20.7977, 38.92642 ], [ 20.81707, 38.92137 ], [ 20.83595, 38.9289 ], [ 20.84978, 38.94367 ], [ 20.85987, 38.96052 ], [ 20.86671, 38.96052 ], [ 20.8711, 38.94725 ], [ 20.87013, 38.94343 ], [ 20.86671, 38.94009 ], [ 20.87159, 38.93635 ], [ 20.87224, 38.93281 ], [ 20.86671, 38.92642 ], [ 20.88697, 38.92617 ], [ 20.90382, 38.92805 ], [ 20.91578, 38.9361 ], [ 20.92066, 38.95433 ], [ 20.9275, 38.95433 ], [ 20.93719, 38.94404 ], [ 20.94728, 38.94359 ], [ 20.95948, 38.94672 ], [ 20.97535, 38.94684 ], [ 21.00945, 38.93423 ], [ 21.02735, 38.9326 ], [ 21.02996, 38.92621 ], [ 21.0267, 38.91218 ], [ 21.02556, 38.89802 ], [ 21.03395, 38.89167 ], [ 21.04754, 38.88898 ], [ 21.0608, 38.88223 ], [ 21.08522, 38.86433 ], [ 21.08644, 38.87336 ], [ 21.08888, 38.87849 ], [ 21.09938, 38.88544 ], [ 21.09938, 38.89167 ], [ 21.09164, 38.90453 ], [ 21.10231, 38.91083 ], [ 21.12086, 38.91022 ], [ 21.13697, 38.90253 ], [ 21.16041, 38.88068 ], [ 21.16082, 38.878 ], [ 21.17262, 38.87352 ], [ 21.17742, 38.87604 ], [ 21.18133, 38.88544 ], [ 21.17311, 38.89118 ], [ 21.16969, 38.89582 ], [ 21.16684, 38.91087 ], [ 21.15886, 38.91083 ], [ 21.15455, 38.9134 ], [ 21.14186, 38.93081 ], [ 21.14015, 38.94131 ], [ 21.14723, 38.95433 ], [ 21.14194, 38.96239 ], [ 21.14503, 38.97138 ], [ 21.1526, 38.97671 ], [ 21.16082, 38.97419 ], [ 21.15992, 38.99775 ], [ 21.13559, 39.02338 ], [ 21.08522, 39.06293 ], [ 21.07814, 39.05655 ], [ 21.07439, 39.05003 ], [ 21.07447, 39.04336 ], [ 21.07895, 39.03628 ], [ 21.06528, 39.04051 ], [ 21.05519, 39.0375 ], [ 21.03736, 39.02196 ], [ 21.05836, 39.00898 ], [ 21.00318, 39.01512 ], [ 21.00318, 39.02196 ], [ 20.9909, 39.02424 ], [ 20.96567, 39.03937 ], [ 20.95379, 39.03417 ], [ 20.94418, 39.03856 ], [ 20.93751, 39.04767 ], [ 20.93483, 39.05671 ], [ 20.93678, 39.05671 ], [ 20.93979, 39.06102 ], [ 20.9485, 39.06293 ], [ 20.9485, 39.06977 ], [ 20.94109, 39.06977 ], [ 20.93141, 39.06476 ], [ 20.92018, 39.06452 ], [ 20.90943, 39.06867 ], [ 20.90138, 39.07722 ], [ 20.89389, 39.07722 ], [ 20.88819, 39.06721 ], [ 20.87037, 39.05931 ], [ 20.86671, 39.05305 ], [ 20.87094, 39.04312 ], [ 20.88201, 39.04121 ], [ 20.88649, 39.03644 ], [ 20.8449, 39.03693 ], [ 20.85987, 39.04247 ], [ 20.85776, 39.05891 ], [ 20.85499, 39.0655 ], [ 20.8462, 39.06293 ], [ 20.8449, 39.07087 ], [ 20.84653, 39.07209 ], [ 20.8462, 39.07722 ], [ 20.83766, 39.07831 ], [ 20.83237, 39.07689 ], [ 20.82569, 39.06977 ], [ 20.83806, 39.09174 ], [ 20.83416, 39.10847 ], [ 20.82244, 39.11449 ], [ 20.81137, 39.10456 ], [ 20.80519, 39.1114 ], [ 20.80128, 39.10419 ], [ 20.79542, 39.09862 ], [ 20.77719, 39.09089 ], [ 20.77719, 39.08344 ], [ 20.79184, 39.0808 ], [ 20.78793, 39.07246 ], [ 20.78761, 39.06102 ], [ 20.78403, 39.04926 ], [ 20.7767, 39.04194 ], [ 20.76157, 39.03242 ], [ 20.7575, 39.02196 ], [ 20.74317, 39.02949 ], [ 20.74537, 39.01472 ], [ 20.7575, 39.01512 ], [ 20.80388, 38.9853 ], [ 20.8235, 38.97785 ], [ 20.8296, 38.97077 ], [ 20.8318, 38.96369 ], [ 20.82879, 38.96052 ], [ 20.82008, 38.96223 ], [ 20.80209, 38.97065 ], [ 20.77272, 38.97826 ], [ 20.76637, 38.97761 ], [ 20.7575, 38.97419 ], [ 20.75701, 38.96979 ], [ 20.74692, 38.95795 ], [ 20.73512, 38.9501 ], [ 20.72934, 38.95746 ], [ 20.72633, 38.96678 ], [ 20.71217, 38.97907 ], [ 20.70899, 38.98444 ], [ 20.70786, 38.99038 ], [ 20.70216, 38.99836 ], [ 20.70436, 39.00495 ], [ 20.71388, 39.01191 ], [ 20.71583, 39.01512 ], [ 20.70574, 39.04857 ], [ 20.68653, 39.07246 ], [ 20.66, 39.08999 ], [ 20.6277, 39.10456 ], [ 20.59588, 39.12385 ], [ 20.51783, 39.20075 ], [ 20.48829, 39.21662 ], [ 20.47885, 39.22517 ], [ 20.48243, 39.23428 ], [ 20.47739, 39.24339 ], [ 20.47511, 39.25507 ], [ 20.47641, 39.26659 ], [ 20.48243, 39.27521 ], [ 20.48243, 39.28266 ], [ 20.47039, 39.27847 ], [ 20.46022, 39.27729 ], [ 20.45281, 39.28046 ], [ 20.44825, 39.2895 ], [ 20.43344, 39.28286 ], [ 20.4192, 39.28335 ], [ 20.40577, 39.2888 ], [ 20.39357, 39.29694 ], [ 20.36557, 39.28767 ], [ 20.32488, 39.30378 ], [ 20.29282, 39.33344 ], [ 20.2907, 39.36465 ], [ 20.27719, 39.3747 ], [ 20.2697, 39.38736 ], [ 20.25896, 39.39728 ], [ 20.23601, 39.39936 ], [ 20.23601, 39.4062 ], [ 20.24285, 39.4062 ], [ 20.24285, 39.41242 ], [ 20.23471, 39.42036 ], [ 20.22364, 39.43586 ], [ 20.21559, 39.44033 ], [ 20.23276, 39.44465 ], [ 20.25359, 39.44416 ], [ 20.26734, 39.44693 ], [ 20.26393, 39.46076 ], [ 20.25424, 39.46882 ], [ 20.21559, 39.48871 ], [ 20.21559, 39.49494 ], [ 20.23292, 39.49421 ], [ 20.24537, 39.49164 ], [ 20.25506, 39.49238 ], [ 20.26393, 39.50178 ], [ 20.26393, 39.50861 ], [ 20.25359, 39.51423 ], [ 20.23601, 39.52082 ], [ 20.22202, 39.52131 ], [ 20.22242, 39.50861 ], [ 20.21363, 39.51496 ], [ 20.20216, 39.52041 ], [ 20.19068, 39.52167 ], [ 20.20191, 39.52973 ], [ 20.18312, 39.53327 ], [ 20.16578, 39.53474 ], [ 20.14959, 39.53364 ], [ 20.13356, 39.52973 ], [ 20.14129, 39.53783 ], [ 20.14552, 39.54706 ], [ 20.14715, 39.55781 ], [ 20.14666, 39.57071 ], [ 20.15406, 39.56391 ], [ 20.1609, 39.56436 ], [ 20.17457, 39.57685 ], [ 20.17457, 39.59797 ], [ 20.18824, 39.60419 ], [ 20.18181, 39.62446 ], [ 20.16521, 39.63361 ], [ 20.1482, 39.63752 ], [ 20.12135, 39.65681 ], [ 20.10483, 39.66108 ], [ 20.09653, 39.66596 ], [ 20.08888, 39.67308 ], [ 20.04461, 39.68089 ], [ 20.02166, 39.68769 ], [ 20.01002, 39.69355 ], [ 19.99684, 39.69257 ], [ 19.99586, 39.68671 ], [ 19.98902, 39.68671 ], [ 19.98357, 39.70136 ], [ 19.98699, 39.71796 ], [ 20.0027, 39.74824 ], [ 19.98561, 39.75373 ], [ 19.98064, 39.75731 ], [ 19.99586, 39.78295 ], [ 20.01417, 39.83295 ], [ 20.01629, 39.84504 ], [ 20.00978, 39.86567 ], [ 19.99928, 39.87141 ], [ 19.98373, 39.87238 ], [ 19.96168, 39.87857 ], [ 19.95883, 39.88935 ], [ 19.95484, 39.89281 ], [ 19.94117, 39.89899 ], [ 19.93116, 39.90192 ], [ 19.91407, 39.90241 ], [ 19.90642, 39.90644 ], [ 19.90642, 39.91267 ], [ 19.92123, 39.92695 ], [ 19.94117, 39.94001 ], [ 19.92384, 39.95283 ], [ 19.8768, 40.02237 ], [ 19.86345, 40.04536 ], [ 19.85524, 40.04987 ], [ 19.82325, 40.0506 ], [ 19.80738, 40.05288 ], [ 19.79656, 40.05732 ], [ 19.80454, 40.06346 ], [ 19.77735, 40.07779 ], [ 19.77166, 40.0683 ], [ 19.77052, 40.06346 ], [ 19.76726, 40.07246 ], [ 19.74936, 40.08462 ], [ 19.7409, 40.10041 ], [ 19.73268, 40.11026 ], [ 19.72901, 40.10822 ], [ 19.71909, 40.11603 ], [ 19.65317, 40.13239 ], [ 19.59783, 40.1577 ], [ 19.56577, 40.17984 ], [ 19.50929, 40.19448 ], [ 19.47625, 40.21369 ], [ 19.38111, 40.29523 ], [ 19.36508, 40.31737 ], [ 19.35157, 40.36205 ], [ 19.34425, 40.37434 ], [ 19.30926, 40.40082 ], [ 19.29689, 40.41356 ], [ 19.29518, 40.41869 ], [ 19.28956, 40.4204 ], [ 19.28956, 40.42723 ], [ 19.31617, 40.43781 ], [ 19.33253, 40.43891 ], [ 19.34816, 40.43065 ], [ 19.3838, 40.39741 ], [ 19.39324, 40.3863 ], [ 19.4065, 40.36262 ], [ 19.41196, 40.34809 ], [ 19.41424, 40.33442 ], [ 19.42359, 40.33002 ], [ 19.44459, 40.33381 ], [ 19.46559, 40.3415 ], [ 19.47495, 40.34837 ], [ 19.48162, 40.43911 ], [ 19.47877, 40.45392 ], [ 19.45314, 40.46532 ], [ 19.41879, 40.49189 ], [ 19.39137, 40.5218 ], [ 19.3864, 40.54328 ], [ 19.39324, 40.53705 ], [ 19.39861, 40.52094 ], [ 19.41424, 40.52277 ], [ 19.4336, 40.50593 ], [ 19.44606, 40.51114 ], [ 19.45265, 40.52985 ], [ 19.4546, 40.55386 ], [ 19.44215, 40.57307 ], [ 19.4157, 40.58348 ], [ 19.39161, 40.57831 ], [ 19.3864, 40.55073 ], [ 19.37924, 40.56615 ], [ 19.30983, 40.64435 ], [ 19.30437, 40.65314 ], [ 19.30934, 40.66503 ], [ 19.33904, 40.68407 ], [ 19.35157, 40.69416 ], [ 19.36052, 40.70978 ], [ 19.36451, 40.72651 ], [ 19.36557, 40.78596 ], [ 19.36883, 40.80215 ], [ 19.37778, 40.81297 ], [ 19.40675, 40.82075 ], [ 19.40406, 40.82929 ], [ 19.39324, 40.84492 ], [ 19.39763, 40.85297 ], [ 19.41424, 40.86884 ], [ 19.40626, 40.88032 ], [ 19.39112, 40.89525 ], [ 19.3812, 40.90827 ], [ 19.38982, 40.9138 ], [ 19.40496, 40.91816 ], [ 19.42457, 40.93964 ], [ 19.44093, 40.94864 ], [ 19.42701, 40.93684 ], [ 19.43539, 40.9134 ], [ 19.42726, 40.89338 ], [ 19.42726, 40.87226 ], [ 19.43474, 40.87226 ], [ 19.43784, 40.88654 ], [ 19.44093, 40.87226 ], [ 19.45411, 40.88581 ], [ 19.5066, 40.9051 ], [ 19.52345, 40.92064 ], [ 19.52516, 40.94526 ], [ 19.51466, 40.96491 ], [ 19.50148, 40.98298 ], [ 19.49545, 41.00263 ], [ 19.49204, 40.97696 ], [ 19.47967, 40.95392 ], [ 19.45387, 40.92398 ], [ 19.45346, 40.92837 ], [ 19.44776, 40.93431 ], [ 19.45851, 40.94261 ], [ 19.46998, 40.95673 ], [ 19.47722, 40.975 ], [ 19.47495, 40.99579 ], [ 19.46998, 41.00072 ], [ 19.45379, 41.00585 ], [ 19.44776, 41.00947 ], [ 19.4406, 41.02066 ], [ 19.44125, 41.02603 ], [ 19.44549, 41.03071 ], [ 19.45639, 41.10668 ], [ 19.45118, 41.12271 ], [ 19.44117, 41.13736 ], [ 19.44191, 41.14387 ], [ 19.46372, 41.15131 ], [ 19.46713, 41.16267 ], [ 19.46876, 41.18757 ], [ 19.50953, 41.23729 ], [ 19.51661, 41.25642 ], [ 19.51336, 41.27668 ], [ 19.50294, 41.29413 ], [ 19.48805, 41.30646 ], [ 19.47193, 41.3111 ], [ 19.45004, 41.3111 ], [ 19.43165, 41.31371 ], [ 19.41896, 41.32258 ], [ 19.41424, 41.3415 ], [ 19.41424, 41.3828 ], [ 19.41082, 41.39167 ], [ 19.39601, 41.40204 ], [ 19.39324, 41.41352 ], [ 19.40642, 41.40038 ], [ 19.42872, 41.40131 ], [ 19.44516, 41.41519 ], [ 19.44093, 41.44086 ], [ 19.46461, 41.45087 ], [ 19.48927, 41.46613 ], [ 19.50864, 41.48688 ], [ 19.51661, 41.51341 ], [ 19.51417, 41.52997 ], [ 19.50717, 41.53628 ], [ 19.48243, 41.54385 ], [ 19.46803, 41.55427 ], [ 19.452, 41.57477 ], [ 19.44093, 41.58539 ], [ 19.52809, 41.57656 ], [ 19.5652, 41.58511 ], [ 19.58481, 41.61957 ], [ 19.59164, 41.61957 ], [ 19.5923, 41.60859 ], [ 19.59604, 41.60273 ], [ 19.60304, 41.60175 ], [ 19.61297, 41.60529 ], [ 19.60499, 41.63215 ], [ 19.60011, 41.63911 ], [ 19.59164, 41.63264 ], [ 19.58709, 41.64069 ], [ 19.55763, 41.66055 ], [ 19.57814, 41.68765 ], [ 19.57635, 41.71894 ], [ 19.57114, 41.75239 ], [ 19.5713, 41.77041 ], [ 19.58953, 41.76569 ], [ 19.59897, 41.77871 ], [ 19.59978, 41.79975 ], [ 19.59164, 41.81879 ], [ 19.58522, 41.81855 ], [ 19.46551, 41.85545 ], [ 19.45118, 41.86253 ], [ 19.43295, 41.8686 ], [ 19.36508, 41.85236 ], [ 19.34693, 41.86396 ], [ 19.31023, 41.89452 ], [ 19.29322, 41.90078 ], [ 19.22023, 41.91885 ], [ 19.20297, 41.92707 ], [ 19.17848, 41.93391 ], [ 19.17026, 41.93797 ], [ 19.16228, 41.94794 ], [ 19.16326, 41.95897 ], [ 19.16033, 41.96898 ], [ 19.14527, 41.97761 ], [ 19.13795, 41.9853 ], [ 19.14291, 41.98884 ], [ 19.14357, 41.99307 ], [ 19.13917, 42.04243 ], [ 19.08253, 42.0812 ], [ 19.07472, 42.09565 ], [ 19.08383, 42.11009 ], [ 19.07643, 42.11595 ], [ 19.06398, 42.12018 ], [ 19.04868, 42.1402 ], [ 19.01059, 42.13955 ], [ 19.00213, 42.15021 ], [ 18.99985, 42.16108 ], [ 18.9948, 42.16364 ], [ 18.98805, 42.16372 ], [ 18.98162, 42.16706 ], [ 18.96803, 42.18871 ], [ 18.95346, 42.19986 ], [ 18.91334, 42.22224 ], [ 18.9017, 42.23749 ], [ 18.8947, 42.27049 ], [ 18.886, 42.28437 ], [ 18.87159, 42.29047 ], [ 18.85401, 42.29047 ], [ 18.83888, 42.28571 ], [ 18.83139, 42.27753 ], [ 18.82049, 42.28669 ], [ 18.81764, 42.29116 ], [ 18.80152, 42.28437 ], [ 18.78639, 42.27412 ], [ 18.77858, 42.27147 ], [ 18.77198, 42.27692 ], [ 18.76246, 42.29116 ], [ 18.7295, 42.31159 ], [ 18.71453, 42.32526 ], [ 18.71412, 42.33893 ], [ 18.69361, 42.35322 ], [ 18.69581, 42.37377 ], [ 18.67848, 42.38597 ], [ 18.65854, 42.38662 ], [ 18.65317, 42.36628 ], [ 18.64649, 42.36628 ], [ 18.63844, 42.37031 ], [ 18.61671, 42.36807 ], [ 18.61232, 42.36994 ], [ 18.60711, 42.37641 ], [ 18.5949, 42.38373 ], [ 18.57065, 42.39297 ], [ 18.57309, 42.39753 ], [ 18.57814, 42.40038 ], [ 18.55299, 42.41364 ], [ 18.54518, 42.42357 ], [ 18.55014, 42.43513 ], [ 18.56284, 42.43854 ], [ 18.6565, 42.41551 ], [ 18.68556, 42.404 ], [ 18.70045, 42.39297 ], [ 18.70818, 42.40851 ], [ 18.70655, 42.42105 ], [ 18.68385, 42.45881 ], [ 18.68328, 42.46809 ], [ 18.68735, 42.4829 ], [ 18.65414, 42.45181 ], [ 18.60865, 42.44538 ], [ 18.50245, 42.45563 ], [ 18.50245, 42.44819 ], [ 18.52125, 42.43797 ], [ 18.51295, 42.409 ], [ 18.5298, 42.40038 ], [ 18.51026, 42.40526 ], [ 18.49643, 42.41633 ], [ 18.47446, 42.44135 ], [ 18.46095, 42.44794 ], [ 18.42758, 42.45527 ], [ 18.4131, 42.46186 ], [ 18.41188, 42.47602 ], [ 18.23894, 42.55907 ], [ 18.22055, 42.57917 ], [ 18.22348, 42.61469 ], [ 18.21754, 42.6201 ], [ 18.16603, 42.62694 ], [ 18.12485, 42.6446 ], [ 18.07602, 42.65131 ], [ 18.06398, 42.65762 ], [ 18.05738, 42.66791 ], [ 18.07732, 42.66791 ], [ 18.05592, 42.68301 ], [ 18.04786, 42.69062 ], [ 18.04322, 42.70205 ], [ 18.02833, 42.69131 ], [ 18.00327, 42.70067 ], [ 17.96119, 42.7294 ], [ 17.90162, 42.7519 ], [ 17.88071, 42.76874 ], [ 17.89283, 42.79084 ], [ 17.86508, 42.78994 ], [ 17.83497, 42.8072 ], [ 17.80665, 42.81192 ], [ 17.79233, 42.80854 ], [ 17.78566, 42.80516 ], [ 17.78012, 42.79694 ], [ 17.77377, 42.79857 ], [ 17.73512, 42.82197 ], [ 17.72096, 42.82624 ], [ 17.73959, 42.81306 ], [ 17.74871, 42.80341 ], [ 17.76189, 42.77871 ], [ 17.76189, 42.77432 ], [ 17.75514, 42.77094 ], [ 17.74871, 42.77204 ], [ 17.75025, 42.78571 ], [ 17.74887, 42.79084 ], [ 17.72877, 42.80077 ], [ 17.67856, 42.81623 ], [ 17.63347, 42.82294 ], [ 17.58009, 42.84125 ], [ 17.52524, 42.84862 ], [ 17.44044, 42.87336 ], [ 17.44272, 42.89863 ], [ 17.41725, 42.9112 ], [ 17.35092, 42.92178 ], [ 17.27133, 42.96336 ], [ 17.23748, 42.97138 ], [ 17.21388, 42.98261 ], [ 17.20191, 42.98432 ], [ 17.09539, 42.98444 ], [ 17.06251, 42.99006 ], [ 17.04615, 42.99506 ], [ 17.02752, 43.00357 ], [ 17.01791, 43.01382 ], [ 17.02817, 43.02416 ], [ 17.02817, 43.03099 ], [ 17.01881, 43.03408 ], [ 17.00164, 43.0515 ], [ 17.02312, 43.04865 ], [ 17.05567, 43.02896 ], [ 17.07325, 43.02416 ], [ 17.1587, 43.03099 ], [ 17.24024, 43.02277 ], [ 17.39047, 42.97773 ], [ 17.42579, 42.96088 ], [ 17.45411, 42.94229 ], [ 17.4568, 42.92699 ], [ 17.46022, 42.92178 ], [ 17.46485, 42.92072 ], [ 17.48146, 42.92178 ], [ 17.49928, 42.91185 ], [ 17.50766, 42.90908 ], [ 17.51889, 42.90815 ], [ 17.52263, 42.91022 ], [ 17.52215, 42.91962 ], [ 17.52613, 42.92178 ], [ 17.53207, 42.9206 ], [ 17.54151, 42.91547 ], [ 17.55893, 42.91283 ], [ 17.58375, 42.9007 ], [ 17.62289, 42.8913 ], [ 17.64161, 42.88447 ], [ 17.65268, 42.87336 ], [ 17.67368, 42.87507 ], [ 17.71599, 42.84418 ], [ 17.74147, 42.83926 ], [ 17.71095, 42.85663 ], [ 17.70191, 42.86848 ], [ 17.71363, 42.8808 ], [ 17.70737, 42.88703 ], [ 17.67872, 42.87938 ], [ 17.55649, 42.93476 ], [ 17.57399, 42.93427 ], [ 17.60108, 42.92524 ], [ 17.61793, 42.92178 ], [ 17.60304, 42.93256 ], [ 17.54965, 42.95531 ], [ 17.53452, 42.95063 ], [ 17.51564, 42.95889 ], [ 17.49855, 42.97215 ], [ 17.48829, 42.98261 ], [ 17.47462, 43.00117 ], [ 17.47088, 43.01341 ], [ 17.47918, 43.02241 ], [ 17.50196, 43.03099 ], [ 17.48797, 43.03498 ], [ 17.4336, 43.0174 ], [ 17.46022, 43.03099 ], [ 17.44068, 43.03229 ], [ 17.4323, 43.0362 ], [ 17.42612, 43.04462 ], [ 17.4336, 43.0515 ], [ 17.42612, 43.06517 ], [ 17.40455, 43.0515 ], [ 17.37086, 43.07388 ], [ 17.31625, 43.12726 ], [ 17.17237, 43.18183 ], [ 17.13803, 43.20234 ], [ 17.11394, 43.2132 ], [ 17.10776, 43.22639 ], [ 17.10027, 43.23168 ], [ 17.0735, 43.23896 ], [ 17.05633, 43.25698 ], [ 17.04949, 43.27802 ], [ 17.02817, 43.28425 ], [ 16.93393, 43.3736 ], [ 16.90602, 43.38727 ], [ 16.88063, 43.40595 ], [ 16.75245, 43.4195 ], [ 16.69386, 43.4383 ], [ 16.62582, 43.44904 ], [ 16.53484, 43.49714 ], [ 16.53004, 43.50878 ], [ 16.52467, 43.51081 ], [ 16.50441, 43.50397 ], [ 16.46656, 43.51081 ], [ 16.39145, 43.51081 ], [ 16.39145, 43.51765 ], [ 16.41139, 43.51781 ], [ 16.43426, 43.52188 ], [ 16.4559, 43.52896 ], [ 16.4734, 43.53815 ], [ 16.4568, 43.54588 ], [ 16.43385, 43.54975 ], [ 16.33676, 43.55117 ], [ 16.32496, 43.54853 ], [ 16.29933, 43.53815 ], [ 16.2811, 43.53604 ], [ 16.23959, 43.52656 ], [ 16.11769, 43.52448 ], [ 16.11769, 43.51765 ], [ 16.15073, 43.51138 ], [ 16.16489, 43.5041 ], [ 16.17237, 43.48969 ], [ 16.11085, 43.48969 ], [ 16.11313, 43.47891 ], [ 16.09848, 43.48005 ], [ 16.06617, 43.48969 ], [ 16.03956, 43.49079 ], [ 16.02833, 43.49494 ], [ 16.01401, 43.50397 ], [ 16.00782, 43.50397 ], [ 16.00782, 43.49714 ], [ 15.99578, 43.50336 ], [ 15.97348, 43.50312 ], [ 15.96632, 43.51081 ], [ 15.96437, 43.50389 ], [ 15.95948, 43.50397 ], [ 15.96127, 43.51504 ], [ 15.96656, 43.51691 ], [ 15.97438, 43.51675 ], [ 15.98365, 43.52106 ], [ 15.98699, 43.52729 ], [ 15.98227, 43.5373 ], [ 15.98732, 43.54491 ], [ 15.97096, 43.54352 ], [ 15.9651, 43.54194 ], [ 15.95948, 43.53815 ], [ 15.95623, 43.54792 ], [ 15.94809, 43.55288 ], [ 15.9253, 43.55858 ], [ 15.94191, 43.56 ], [ 15.94418, 43.56672 ], [ 15.93539, 43.57294 ], [ 15.91798, 43.5729 ], [ 15.91798, 43.57909 ], [ 15.93214, 43.58657 ], [ 15.91798, 43.59333 ], [ 15.9253, 43.59955 ], [ 15.91798, 43.60639 ], [ 15.9253, 43.61384 ], [ 15.91896, 43.62873 ], [ 15.92954, 43.63422 ], [ 15.96632, 43.63373 ], [ 15.96632, 43.64118 ], [ 15.9214, 43.64814 ], [ 15.9048, 43.64802 ], [ 15.91676, 43.65363 ], [ 15.92661, 43.65302 ], [ 15.94239, 43.64802 ], [ 15.95297, 43.65086 ], [ 15.95143, 43.65742 ], [ 15.94264, 43.66429 ], [ 15.93214, 43.66844 ], [ 15.94597, 43.67231 ], [ 15.9524, 43.67975 ], [ 15.95045, 43.68854 ], [ 15.93898, 43.69644 ], [ 15.93971, 43.67764 ], [ 15.93116, 43.6765 ], [ 15.89291, 43.70051 ], [ 15.87078, 43.70319 ], [ 15.844, 43.72993 ], [ 15.80348, 43.74641 ], [ 15.79217, 43.75446 ], [ 15.77101, 43.75996 ], [ 15.70631, 43.76341 ], [ 15.69264, 43.7746 ], [ 15.68214, 43.79719 ], [ 15.65846, 43.80508 ], [ 15.63299, 43.81045 ], [ 15.61744, 43.82551 ], [ 15.64731, 43.81586 ], [ 15.6631, 43.81297 ], [ 15.67888, 43.81184 ], [ 15.67888, 43.81928 ], [ 15.67302, 43.82123 ], [ 15.66578, 43.81928 ], [ 15.63885, 43.83613 ], [ 15.57407, 43.85952 ], [ 15.54518, 43.87763 ], [ 15.52491, 43.90046 ], [ 15.51222, 43.91108 ], [ 15.49773, 43.91551 ], [ 15.47364, 43.91913 ], [ 15.45509, 43.92805 ], [ 15.43873, 43.94965 ], [ 15.38404, 43.99738 ], [ 15.35808, 44.0257 ], [ 15.33961, 44.03937 ], [ 15.31951, 44.04523 ], [ 15.30532, 44.0578 ], [ 28.65355, 44.0578 ] ] ], [ [ [ 12.63136, 44.0301 ], [ 12.6609, 44.00829 ], [ 12.69158, 43.99063 ], [ 12.7103, 43.9829 ], [ 12.75611, 43.97187 ], [ 12.80397, 43.96686 ], [ 12.82301, 43.95856 ], [ 12.86215, 43.93537 ], [ 12.92888, 43.91584 ], [ 12.93865, 43.90461 ], [ 12.94728, 43.89761 ], [ 13.25327, 43.70319 ], [ 13.37013, 43.65046 ], [ 13.38982, 43.6446 ], [ 13.39967, 43.63565 ], [ 13.44663, 43.62372 ], [ 13.4734, 43.61201 ], [ 13.48316, 43.61628 ], [ 13.49073, 43.6236 ], [ 13.50441, 43.63276 ], [ 13.51026, 43.63373 ], [ 13.51612, 43.63174 ], [ 13.52101, 43.62271 ], [ 13.54322, 43.61323 ], [ 13.55779, 43.59675 ], [ 13.56918, 43.58031 ], [ 13.57887, 43.5729 ], [ 13.59791, 43.56953 ], [ 13.61557, 43.56049 ], [ 13.62452, 43.54719 ], [ 13.61695, 43.53132 ], [ 13.76026, 43.26374 ], [ 13.78028, 43.23652 ], [ 13.78663, 43.20059 ], [ 13.79078, 43.19208 ], [ 13.80274, 43.17821 ], [ 13.83481, 43.12726 ], [ 13.84864, 43.09174 ], [ 13.86541, 43.00731 ], [ 13.94467, 42.79829 ], [ 13.98048, 42.73037 ], [ 14.00123, 42.69843 ], [ 14.06324, 42.62482 ], [ 14.06886, 42.60956 ], [ 14.07537, 42.59882 ], [ 14.22055, 42.47016 ], [ 14.28419, 42.42829 ], [ 14.35621, 42.39297 ], [ 14.38738, 42.37295 ], [ 14.42905, 42.32172 ], [ 14.56023, 42.22565 ], [ 14.59588, 42.20856 ], [ 14.65349, 42.19107 ], [ 14.6937, 42.18537 ], [ 14.70924, 42.17548 ], [ 14.71705, 42.16006 ], [ 14.72283, 42.1188 ], [ 14.7295, 42.09911 ], [ 14.74073, 42.08462 ], [ 14.7575, 42.07884 ], [ 14.78012, 42.07526 ], [ 14.79982, 42.06635 ], [ 14.83546, 42.04413 ], [ 14.8711, 42.03181 ], [ 14.952, 42.02106 ], [ 14.99366, 42.01065 ], [ 15.00733, 42.00137 ], [ 15.03452, 41.9746 ], [ 15.04518, 41.96898 ], [ 15.06316, 41.9643 ], [ 15.10434, 41.94188 ], [ 15.12338, 41.93427 ], [ 15.16538, 41.9278 ], [ 15.28175, 41.92805 ], [ 15.40056, 41.90778 ], [ 15.44606, 41.90693 ], [ 15.61134, 41.92805 ], [ 15.77442, 41.92121 ], [ 16.02711, 41.94408 ], [ 16.11085, 41.92805 ], [ 16.11199, 41.92634 ], [ 16.14047, 41.91991 ], [ 16.1609, 41.89265 ], [ 16.17921, 41.8933 ], [ 16.17604, 41.87739 ], [ 16.1836, 41.85847 ], [ 16.19223, 41.82136 ], [ 16.19304, 41.80842 ], [ 16.19288, 41.79092 ], [ 16.18434, 41.77961 ], [ 16.16668, 41.76341 ], [ 16.14576, 41.74885 ], [ 16.12761, 41.7425 ], [ 16.10719, 41.73762 ], [ 16.08969, 41.72602 ], [ 16.06316, 41.70148 ], [ 16.02752, 41.67992 ], [ 15.9253, 41.64004 ], [ 15.90008, 41.61465 ], [ 15.89137, 41.57685 ], [ 15.89633, 41.53644 ], [ 15.91179, 41.50288 ], [ 15.9336, 41.47944 ], [ 15.96111, 41.45946 ], [ 16.02166, 41.4278 ], [ 16.08513, 41.41267 ], [ 16.10035, 41.40355 ], [ 16.11411, 41.39289 ], [ 16.30144, 41.32787 ], [ 16.4603, 41.26264 ], [ 16.52068, 41.25015 ], [ 16.53858, 41.23941 ], [ 16.55437, 41.22748 ], [ 16.59392, 41.20698 ], [ 16.83058, 41.14631 ], [ 16.85141, 41.13296 ], [ 16.85816, 41.13296 ], [ 16.85816, 41.14037 ], [ 16.86443, 41.14037 ], [ 16.88526, 41.12397 ], [ 17.05714, 41.08185 ], [ 17.20314, 41.02098 ], [ 17.27638, 40.98021 ], [ 17.31007, 40.95478 ], [ 17.34791, 40.9121 ], [ 17.36118, 40.9064 ], [ 17.3777, 40.90229 ], [ 17.41358, 40.88109 ], [ 17.47608, 40.83015 ], [ 17.49195, 40.82445 ], [ 17.51222, 40.8203 ], [ 17.54835, 40.80195 ], [ 17.63453, 40.78498 ], [ 17.64527, 40.77977 ], [ 17.74838, 40.74763 ], [ 17.84392, 40.69416 ], [ 17.92189, 40.68301 ], [ 17.95582, 40.67048 ], [ 17.95493, 40.64692 ], [ 17.96632, 40.6468 ], [ 17.99195, 40.65314 ], [ 18.00701, 40.6507 ], [ 18.01108, 40.64419 ], [ 18.01149, 40.63524 ], [ 18.0158, 40.62519 ], [ 18.03924, 40.60822 ], [ 18.04322, 40.602 ], [ 18.03745, 40.55695 ], [ 18.11997, 40.50458 ], [ 18.21168, 40.46475 ], [ 18.23146, 40.46137 ], [ 18.23829, 40.45767 ], [ 18.2588, 40.43065 ], [ 18.27019, 40.42121 ], [ 18.30323, 40.39989 ], [ 18.32911, 40.36669 ], [ 18.34376, 40.35163 ], [ 18.3615, 40.34528 ], [ 18.37045, 40.33869 ], [ 18.43727, 40.26789 ], [ 18.50001, 40.15249 ], [ 18.50945, 40.14183 ], [ 18.51612, 40.13923 ], [ 18.51108, 40.12759 ], [ 18.51743, 40.11416 ], [ 18.51612, 40.10448 ], [ 18.50807, 40.09455 ], [ 18.49187, 40.08466 ], [ 18.48357, 40.05516 ], [ 18.47039, 40.04344 ], [ 18.43409, 40.02253 ], [ 18.41139, 39.97883 ], [ 18.40789, 39.96849 ], [ 18.40406, 39.9475 ], [ 18.39479, 39.9256 ], [ 18.39259, 39.91608 ], [ 18.39967, 39.89033 ], [ 18.40008, 39.87857 ], [ 18.38649, 39.82534 ], [ 18.38917, 39.81708 ], [ 18.38396, 39.81391 ], [ 18.37371, 39.79979 ], [ 18.36834, 39.79662 ], [ 18.34653, 39.79804 ], [ 18.33839, 39.80012 ], [ 18.33041, 39.80341 ], [ 18.28207, 39.8332 ], [ 18.26564, 39.83759 ], [ 18.22438, 39.83759 ], [ 18.21127, 39.83934 ], [ 18.18653, 39.85187 ], [ 18.16188, 39.86054 ], [ 18.13063, 39.88349 ], [ 18.09425, 39.90274 ], [ 18.0809, 39.90644 ], [ 18.07154, 39.91153 ], [ 18.00733, 39.98607 ], [ 17.99537, 39.99527 ], [ 17.99537, 40.00267 ], [ 18.01108, 40.00336 ], [ 18.02027, 40.0102 ], [ 18.02215, 40.02167 ], [ 18.0158, 40.0362 ], [ 18.00514, 40.04487 ], [ 17.97836, 40.05166 ], [ 17.96746, 40.05732 ], [ 18.00294, 40.07445 ], [ 18.011, 40.09601 ], [ 17.99724, 40.12043 ], [ 17.96746, 40.14606 ], [ 17.94068, 40.16303 ], [ 17.92604, 40.17626 ], [ 17.91961, 40.19074 ], [ 17.917, 40.22687 ], [ 17.91114, 40.2403 ], [ 17.89967, 40.24909 ], [ 17.91277, 40.24909 ], [ 17.91277, 40.25532 ], [ 17.86313, 40.28563 ], [ 17.84767, 40.29003 ], [ 17.51205, 40.3037 ], [ 17.49391, 40.30744 ], [ 17.44044, 40.331 ], [ 17.39942, 40.331 ], [ 17.37469, 40.34858 ], [ 17.36817, 40.35151 ], [ 17.35125, 40.3548 ], [ 17.2964, 40.37946 ], [ 17.24, 40.39533 ], [ 17.2129, 40.4062 ], [ 17.20021, 40.4204 ], [ 17.22348, 40.42841 ], [ 17.24301, 40.44139 ], [ 17.24789, 40.45734 ], [ 17.22755, 40.47443 ], [ 17.24741, 40.48029 ], [ 17.29575, 40.47321 ], [ 17.31625, 40.48188 ], [ 17.32325, 40.49848 ], [ 17.30405, 40.49946 ], [ 17.26173, 40.48871 ], [ 17.26857, 40.49616 ], [ 17.24741, 40.50283 ], [ 17.22901, 40.49689 ], [ 17.2107, 40.48701 ], [ 17.18995, 40.48188 ], [ 17.18181, 40.4853 ], [ 17.16619, 40.50918 ], [ 17.15602, 40.5124 ], [ 17.13347, 40.51264 ], [ 17.12452, 40.51533 ], [ 17.04957, 40.51911 ], [ 16.97608, 40.49262 ], [ 16.91212, 40.44522 ], [ 16.78273, 40.30158 ], [ 16.7614, 40.2696 ], [ 16.73756, 40.211 ], [ 16.73072, 40.20067 ], [ 16.71599, 40.19359 ], [ 16.67945, 40.14606 ], [ 16.62452, 40.10798 ], [ 16.60475, 40.08446 ], [ 16.59693, 40.04678 ], [ 16.59938, 40.03413 ], [ 16.61362, 39.99665 ], [ 16.6316, 39.96621 ], [ 16.62176, 39.95356 ], [ 16.60548, 39.94294 ], [ 16.5892, 39.91983 ], [ 16.54225, 39.8854 ], [ 16.50815, 39.83759 ], [ 16.49171, 39.80549 ], [ 16.48976, 39.77521 ], [ 16.50213, 39.74706 ], [ 16.52858, 39.7215 ], [ 16.52858, 39.71467 ], [ 16.51564, 39.6896 ], [ 16.54591, 39.66087 ], [ 16.59148, 39.63679 ], [ 16.62485, 39.62531 ], [ 16.74977, 39.62002 ], [ 16.78248, 39.61164 ], [ 16.79811, 39.60346 ], [ 16.81609, 39.59105 ], [ 16.8309, 39.57616 ], [ 16.83717, 39.56045 ], [ 16.8462, 39.55268 ], [ 16.90602, 39.52973 ], [ 16.95297, 39.49921 ], [ 16.97088, 39.49494 ], [ 16.99537, 39.49274 ], [ 17.01149, 39.48615 ], [ 17.02345, 39.47541 ], [ 17.03582, 39.46076 ], [ 17.05714, 39.44164 ], [ 17.08855, 39.42259 ], [ 17.1242, 39.409 ], [ 17.1587, 39.4062 ], [ 17.12224, 39.33832 ], [ 17.11492, 39.28278 ], [ 17.11451, 39.26935 ], [ 17.11769, 39.25601 ], [ 17.1421, 39.22232 ], [ 17.14568, 39.21068 ], [ 17.14039, 39.1789 ], [ 17.12224, 39.12104 ], [ 17.12452, 39.09089 ], [ 17.15187, 39.04588 ], [ 17.15846, 39.04047 ], [ 17.19256, 39.03107 ], [ 17.20639, 39.02949 ], [ 17.17661, 39.01211 ], [ 17.17237, 39.00519 ], [ 17.17237, 38.96052 ], [ 17.13885, 38.93671 ], [ 17.13502, 38.9326 ], [ 17.1277, 38.92878 ], [ 17.11891, 38.91966 ], [ 17.10401, 38.89907 ], [ 17.09498, 38.91913 ], [ 17.07057, 38.9228 ], [ 17.04225, 38.91625 ], [ 17.02198, 38.90595 ], [ 16.99635, 38.92951 ], [ 16.98129, 38.9372 ], [ 16.95729, 38.94009 ], [ 16.93507, 38.93871 ], [ 16.83855, 38.9182 ], [ 16.72779, 38.87885 ], [ 16.68775, 38.85586 ], [ 16.67075, 38.84064 ], [ 16.61061, 38.81656 ], [ 16.58562, 38.79784 ], [ 16.57439, 38.78506 ], [ 16.56373, 38.75674 ], [ 16.55095, 38.7414 ], [ 16.53883, 38.72333 ], [ 16.53484, 38.6999 ], [ 16.54689, 38.69318 ], [ 16.54908, 38.68993 ], [ 16.54851, 38.67206 ], [ 16.55885, 38.59601 ], [ 16.577, 38.52855 ], [ 16.57716, 38.50288 ], [ 16.56959, 38.42951 ], [ 16.56137, 38.41633 ], [ 16.52198, 38.38715 ], [ 16.50815, 38.37153 ], [ 16.49757, 38.36929 ], [ 16.46705, 38.3487 ], [ 16.43507, 38.33999 ], [ 16.33985, 38.30085 ], [ 16.30633, 38.27709 ], [ 16.16944, 38.14322 ], [ 16.15187, 38.11083 ], [ 16.1255, 38.00483 ], [ 16.11085, 37.97362 ], [ 16.10133, 37.96052 ], [ 16.09002, 37.9492 ], [ 16.07716, 37.93989 ], [ 16.06316, 37.93268 ], [ 16.01588, 37.92471 ], [ 16.00099, 37.91901 ], [ 15.94215, 37.93309 ], [ 15.76149, 37.92524 ], [ 15.73487, 37.93098 ], [ 15.70826, 37.94099 ], [ 15.68442, 37.95352 ], [ 15.66578, 37.96686 ], [ 15.64552, 37.98835 ], [ 15.6351, 38.0091 ], [ 15.63836, 38.02774 ], [ 15.65846, 38.04255 ], [ 15.63266, 38.0742 ], [ 15.62403, 38.09211 ], [ 15.62745, 38.10737 ], [ 15.64161, 38.12592 ], [ 15.6478, 38.14313 ], [ 15.64649, 38.1621 ], [ 15.63795, 38.18594 ], [ 15.63282, 38.22028 ], [ 15.65056, 38.24103 ], [ 15.68426, 38.25312 ], [ 15.78647, 38.27802 ], [ 15.79566, 38.28555 ], [ 15.79868, 38.29072 ], [ 15.81284, 38.3006 ], [ 15.81617, 38.30606 ], [ 15.82976, 38.35102 ], [ 15.9048, 38.47394 ], [ 15.91782, 38.51679 ], [ 15.91603, 38.55036 ], [ 15.90008, 38.57827 ], [ 15.87078, 38.60423 ], [ 15.84995, 38.61335 ], [ 15.844, 38.61791 ], [ 15.83546, 38.62824 ], [ 15.83367, 38.63378 ], [ 15.8366, 38.64899 ], [ 15.84449, 38.66039 ], [ 15.86313, 38.66828 ], [ 15.9048, 38.67939 ], [ 15.96803, 38.71259 ], [ 16.00261, 38.72541 ], [ 16.04884, 38.72773 ], [ 16.12086, 38.72093 ], [ 16.136, 38.72382 ], [ 16.1526, 38.7309 ], [ 16.17921, 38.74828 ], [ 16.20094, 38.77643 ], [ 16.2151, 38.81415 ], [ 16.22169, 38.85659 ], [ 16.22006, 38.89907 ], [ 16.21469, 38.91901 ], [ 16.2046, 38.93407 ], [ 16.18963, 38.94355 ], [ 16.16896, 38.94684 ], [ 16.15431, 38.95502 ], [ 16.13966, 38.97378 ], [ 16.08302, 39.07526 ], [ 16.042, 39.31061 ], [ 16.03403, 39.34524 ], [ 15.9954, 39.43877 ], [ 15.95808, 39.47756 ], [ 15.93312, 39.51366 ], [ 15.9048, 39.53596 ], [ 15.87623, 39.55146 ], [ 15.86752, 39.56391 ], [ 15.8366, 39.65266 ], [ 15.81568, 39.6789 ], [ 15.80641, 39.6955 ], [ 15.78875, 39.79662 ], [ 15.78875, 39.79035 ], [ 15.78395, 39.81 ], [ 15.77882, 39.82014 ], [ 15.77133, 39.82453 ], [ 15.7697, 39.83015 ], [ 15.78191, 39.8686 ], [ 15.77442, 39.8911 ], [ 15.74155, 39.92959 ], [ 15.73414, 39.94375 ], [ 15.72804, 39.96418 ], [ 15.71315, 39.98102 ], [ 15.67888, 40.00886 ], [ 15.65162, 40.04365 ], [ 15.63038, 40.05768 ], [ 15.62469, 40.06489 ], [ 15.62428, 40.07779 ], [ 15.6102, 40.07319 ], [ 15.53492, 40.07779 ], [ 15.51313, 40.06768 ], [ 15.49531, 40.04672 ], [ 15.45981, 40.02936 ], [ 15.4296, 39.99979 ], [ 15.4101, 39.99397 ], [ 15.36094, 39.99889 ], [ 15.34316, 40.00415 ], [ 15.3143, 40.03376 ], [ 15.30274, 40.0362 ], [ 15.28305, 40.02985 ], [ 15.26124, 40.02936 ], [ 15.26124, 40.0362 ], [ 15.27914, 40.04767 ], [ 15.26344, 40.07372 ], [ 15.2339, 40.1 ], [ 15.20965, 40.11188 ], [ 15.18995, 40.11913 ], [ 15.12721, 40.16962 ], [ 15.1128, 40.17479 ], [ 15.09588, 40.17308 ], [ 15.06568, 40.16657 ], [ 15.04721, 40.16893 ], [ 15.03492, 40.17536 ], [ 15.0228, 40.19563 ], [ 15.00312, 40.21026 ], [ 14.9759, 40.21931 ], [ 14.95709, 40.23155 ], [ 14.93814, 40.22784 ], [ 14.92213, 40.23802 ], [ 14.91114, 40.24164 ], [ 14.90691, 40.25861 ], [ 14.9319, 40.28555 ], [ 14.93914, 40.30707 ], [ 14.93238, 40.32429 ], [ 14.93238, 40.33373 ], [ 14.94215, 40.33784 ], [ 14.95395, 40.33991 ], [ 14.96437, 40.34516 ], [ 14.97291, 40.352 ], [ 14.99449, 40.35843 ], [ 15.00043, 40.36883 ], [ 14.99827, 40.39756 ], [ 14.97592, 40.43146 ], [ 14.88885, 40.57307 ], [ 14.8615, 40.60716 ], [ 14.83546, 40.63264 ], [ 14.80974, 40.65298 ], [ 14.78199, 40.66987 ], [ 14.75221, 40.6767 ], [ 14.71998, 40.66682 ], [ 14.69044, 40.64912 ], [ 14.67807, 40.64663 ], [ 14.62574, 40.64907 ], [ 14.61329, 40.6459 ], [ 14.5713, 40.61774 ], [ 14.5442, 40.61359 ], [ 14.51637, 40.61986 ], [ 14.48658, 40.63264 ], [ 14.47136, 40.62466 ], [ 14.42205, 40.61555 ], [ 14.40154, 40.60212 ], [ 14.3558, 40.58364 ], [ 14.34262, 40.57062 ], [ 14.32984, 40.58446 ], [ 14.32797, 40.60541 ], [ 14.33774, 40.62442 ], [ 14.35963, 40.63264 ], [ 14.37973, 40.63386 ], [ 14.38738, 40.63695 ], [ 14.39821, 40.64384 ], [ 14.4048, 40.65603 ], [ 14.44421, 40.68599 ], [ 14.47637, 40.6951 ], [ 14.47975, 40.71149 ], [ 14.47413, 40.72968 ], [ 14.46062, 40.74421 ], [ 14.44264, 40.75507 ], [ 14.42129, 40.75093 ], [ 14.39443, 40.76157 ], [ 14.38255, 40.77227 ], [ 14.36661, 40.78018 ], [ 14.31235, 40.82811 ], [ 14.2942, 40.83877 ], [ 14.27573, 40.84003 ], [ 14.24838, 40.83771 ], [ 14.22364, 40.83137 ], [ 14.21274, 40.82075 ], [ 14.20346, 40.80121 ], [ 14.1822, 40.80092 ], [ 14.1656, 40.81575 ], [ 14.13523, 40.81855 ], [ 14.1115, 40.82954 ], [ 14.09596, 40.83381 ], [ 14.08253, 40.83128 ], [ 14.07618, 40.82221 ], [ 14.08253, 40.78351 ], [ 14.07528, 40.78628 ], [ 14.0477, 40.78959 ], [ 14.04115, 40.79648 ], [ 14.05226, 40.83759 ], [ 14.04446, 40.87421 ], [ 14.02134, 40.92183 ], [ 13.96534, 40.99641 ], [ 13.93019, 41.01415 ], [ 13.91798, 41.02367 ], [ 13.91456, 41.03315 ], [ 13.91066, 41.06464 ], [ 13.88432, 41.1048 ], [ 13.85173, 41.14732 ], [ 13.79049, 41.20586 ], [ 13.72185, 41.25239 ], [ 13.70851, 41.25642 ], [ 13.67872, 41.25056 ], [ 13.66334, 41.25068 ], [ 13.65659, 41.25959 ], [ 13.59441, 41.25312 ], [ 13.56365, 41.23798 ], [ 13.57545, 41.20808 ], [ 13.54396, 41.20661 ], [ 13.53443, 41.20808 ], [ 13.52524, 41.2154 ], [ 13.51954, 41.22517 ], [ 13.51441, 41.22968 ], [ 13.50709, 41.22175 ], [ 13.49969, 41.22175 ], [ 13.48024, 41.23916 ], [ 13.32439, 41.29483 ], [ 13.28582, 41.29572 ], [ 13.20484, 41.28376 ], [ 13.18702, 41.27802 ], [ 13.15122, 41.2602 ], [ 13.11451, 41.25088 ], [ 13.09051, 41.22655 ], [ 13.06821, 41.22175 ], [ 13.04461, 41.22753 ], [ 13.03679, 41.24042 ], [ 13.03346, 41.2569 ], [ 13.02369, 41.27359 ], [ 13.01197, 41.28653 ], [ 12.99269, 41.31562 ], [ 12.9795, 41.331 ], [ 12.92384, 41.37979 ], [ 12.89357, 41.39932 ], [ 12.86215, 41.41352 ], [ 12.84156, 41.4184 ], [ 12.76295, 41.42137 ], [ 12.74855, 41.42373 ], [ 12.67856, 41.45795 ], [ 12.65398, 41.46564 ], [ 12.64243, 41.4582 ], [ 12.63526, 41.4475 ], [ 12.6194, 41.45913 ], [ 12.54558, 41.54413 ], [ 12.44801, 41.63076 ], [ 12.34278, 41.7023 ], [ 12.32716, 41.71137 ], [ 12.30063, 41.71743 ], [ 12.285, 41.7272 ], [ 12.23902, 41.73627 ], [ 12.22348, 41.75068 ], [ 12.21518, 41.76813 ], [ 12.21176, 41.78754 ], [ 12.21119, 41.80793 ], [ 12.20623, 41.82734 ], [ 12.19459, 41.84736 ], [ 12.17018, 41.87958 ], [ 12.14747, 41.90347 ], [ 12.04998, 41.96015 ], [ 12.03883, 41.96516 ], [ 12.0298, 41.97285 ], [ 12.02613, 41.98579 ], [ 12.02036, 41.99307 ], [ 11.99204, 41.99628 ], [ 11.98219, 41.99974 ], [ 11.969, 42.01142 ], [ 11.95265, 42.02228 ], [ 11.93458, 42.03148 ], [ 11.91684, 42.03791 ], [ 11.83969, 42.03644 ], [ 11.82748, 42.03417 ], [ 11.82211, 42.04678 ], [ 11.80942, 42.06635 ], [ 11.79363, 42.08446 ], [ 11.7798, 42.09252 ], [ 11.77198, 42.10627 ], [ 11.75017, 42.12792 ], [ 11.74562, 42.13662 ], [ 11.74293, 42.15229 ], [ 11.73618, 42.16889 ], [ 11.68214, 42.25214 ], [ 11.65821, 42.27936 ], [ 11.53907, 42.34886 ], [ 11.48927, 42.35936 ], [ 11.42066, 42.38662 ], [ 11.39617, 42.39297 ], [ 11.39617, 42.40038 ], [ 11.37664, 42.40689 ], [ 11.35467, 42.40721 ], [ 11.36207, 42.40038 ], [ 11.33302, 42.40058 ], [ 11.25904, 42.42084 ], [ 11.22739, 42.42219 ], [ 11.21127, 42.41889 ], [ 11.20436, 42.41096 ], [ 11.20094, 42.39545 ], [ 11.18629, 42.3793 ], [ 11.18385, 42.36628 ], [ 11.17465, 42.36933 ], [ 11.16472, 42.36933 ], [ 11.15594, 42.36628 ], [ 11.1478, 42.37141 ], [ 11.13453, 42.38418 ], [ 11.10662, 42.39126 ], [ 11.09449, 42.40274 ], [ 11.08676, 42.41836 ], [ 11.08694, 42.42946 ], [ 11.09913, 42.44286 ], [ 11.11302, 42.44636 ], [ 11.14182, 42.4388 ], [ 11.16419, 42.43983 ], [ 11.17969, 42.4565 ], [ 11.18845, 42.48027 ], [ 11.18898, 42.50471 ], [ 11.18686, 42.52082 ], [ 11.16603, 42.54621 ], [ 11.15846, 42.56403 ], [ 11.14861, 42.56318 ], [ 11.13722, 42.55891 ], [ 11.12867, 42.55805 ], [ 11.11598, 42.57197 ], [ 11.10727, 42.59077 ], [ 11.09742, 42.60688 ], [ 11.0809, 42.6127 ], [ 11.07781, 42.63223 ], [ 11.05348, 42.64704 ], [ 11.00571, 42.66791 ], [ 10.99, 42.71027 ], [ 10.98121, 42.71629 ], [ 10.97234, 42.72004 ], [ 10.94361, 42.74299 ], [ 10.89088, 42.7639 ], [ 10.73129, 42.80443 ], [ 10.75538, 42.81916 ], [ 10.7649, 42.83527 ], [ 10.76637, 42.85419 ], [ 10.76564, 42.8771 ], [ 10.76873, 42.88394 ], [ 10.77459, 42.88825 ], [ 10.77768, 42.89472 ], [ 10.77296, 42.90815 ], [ 10.76352, 42.91828 ], [ 10.75074, 42.92528 ], [ 10.68141, 42.94904 ], [ 10.6325, 42.95848 ], [ 10.58326, 42.9597 ], [ 10.53907, 42.94912 ], [ 10.54656, 42.93476 ], [ 10.51857, 42.92528 ], [ 10.49952, 42.9405 ], [ 10.47755, 42.99006 ], [ 10.5027, 43.00556 ], [ 10.5171, 43.02391 ], [ 10.53907, 43.07941 ], [ 10.53566, 43.09138 ], [ 10.53566, 43.11262 ], [ 10.53932, 43.13418 ], [ 10.54656, 43.14712 ], [ 10.53834, 43.16425 ], [ 10.53443, 43.18529 ], [ 10.53289, 43.22622 ], [ 10.52817, 43.24677 ], [ 10.51694, 43.26679 ], [ 10.43702, 43.38858 ], [ 10.37338, 43.45319 ], [ 10.35914, 43.46528 ], [ 10.32635, 43.47687 ], [ 10.31723, 43.49262 ], [ 10.29477, 43.56855 ], [ 10.26401, 43.80939 ], [ 10.25164, 43.84663 ], [ 10.21013, 43.92023 ], [ 10.18067, 43.95527 ], [ 10.13649, 43.97871 ], [ 10.1058, 44.01675 ], [ 10.09059, 44.02538 ], [ 10.07203, 44.02953 ], [ 10.03533, 44.04784 ], [ 10.02628, 44.0497 ], [ 10.02628, 44.0578 ], [ 12.60284, 44.0578 ], [ 12.63136, 44.0301 ] ] ], [ [ [ 24.57895, 38.10932 ], [ 24.57993, 38.08421 ], [ 24.59449, 38.0624 ], [ 24.58619, 38.04833 ], [ 24.57553, 38.00446 ], [ 24.56666, 37.98794 ], [ 24.55209, 37.97818 ], [ 24.53175, 37.96918 ], [ 24.50929, 37.96255 ], [ 24.48805, 37.96003 ], [ 24.4769, 37.96247 ], [ 24.47291, 37.96841 ], [ 24.47096, 37.98045 ], [ 24.44776, 38.01057 ], [ 24.4437, 38.01154 ], [ 24.4297, 38.02119 ], [ 24.40309, 38.01191 ], [ 24.3864, 37.99653 ], [ 24.40211, 37.98794 ], [ 24.40211, 37.98045 ], [ 24.38689, 37.97036 ], [ 24.37176, 37.97191 ], [ 24.35719, 37.98045 ], [ 24.33863, 37.99673 ], [ 24.327, 38.01529 ], [ 24.31381, 38.02924 ], [ 24.31398, 38.0351 ], [ 24.327, 38.04255 ], [ 24.31479, 38.06489 ], [ 24.30567, 38.07176 ], [ 24.29225, 38.06989 ], [ 24.28631, 38.08625 ], [ 24.2693, 38.0954 ], [ 24.24871, 38.09687 ], [ 24.23146, 38.09032 ], [ 24.21778, 38.09687 ], [ 24.21258, 38.09589 ], [ 24.20395, 38.09032 ], [ 24.20476, 38.09683 ], [ 24.21079, 38.09781 ], [ 24.21079, 38.12446 ], [ 24.20281, 38.13007 ], [ 24.18605, 38.12739 ], [ 24.18295, 38.135 ], [ 24.18719, 38.14216 ], [ 24.2059, 38.15689 ], [ 24.21079, 38.166 ], [ 24.20875, 38.17862 ], [ 24.19402, 38.19212 ], [ 24.18531, 38.21796 ], [ 24.1727, 38.22655 ], [ 24.15699, 38.22956 ], [ 24.14259, 38.22696 ], [ 24.14877, 38.2132 ], [ 24.12623, 38.21747 ], [ 24.13111, 38.23583 ], [ 24.14861, 38.25658 ], [ 24.1631, 38.26781 ], [ 24.15349, 38.28132 ], [ 24.14552, 38.28091 ], [ 24.12843, 38.26781 ], [ 24.12672, 38.26508 ], [ 24.12574, 38.25609 ], [ 24.11817, 38.25422 ], [ 24.10939, 38.25629 ], [ 24.1089, 38.26073 ], [ 24.11476, 38.26781 ], [ 24.11476, 38.2753 ], [ 24.10092, 38.2753 ], [ 24.12159, 38.30948 ], [ 24.10108, 38.31875 ], [ 24.07944, 38.32538 ], [ 24.05486, 38.32929 ], [ 24.0254, 38.33051 ], [ 24.04965, 38.33649 ], [ 24.05974, 38.34125 ], [ 24.06691, 38.35102 ], [ 24.05909, 38.36005 ], [ 24.05714, 38.36896 ], [ 24.05942, 38.37767 ], [ 24.04908, 38.39452 ], [ 24.04225, 38.40152 ], [ 24.03891, 38.39541 ], [ 23.9808, 38.39887 ], [ 23.91236, 38.39204 ], [ 23.89234, 38.39411 ], [ 23.85808, 38.40351 ], [ 23.84376, 38.40567 ], [ 23.82447, 38.40412 ], [ 23.79396, 38.3985 ], [ 23.77898, 38.39887 ], [ 23.70997, 38.4125 ], [ 23.69516, 38.4112 ], [ 23.66334, 38.4042 ], [ 23.64918, 38.40567 ], [ 23.63852, 38.41551 ], [ 23.61443, 38.46088 ], [ 23.60743, 38.4538 ], [ 23.60231, 38.45238 ], [ 23.594, 38.45344 ], [ 23.60401, 38.46841 ], [ 23.62281, 38.48481 ], [ 23.63575, 38.50092 ], [ 23.6281, 38.51488 ], [ 23.6281, 38.52237 ], [ 23.63551, 38.52237 ], [ 23.63551, 38.52855 ], [ 23.61411, 38.55793 ], [ 23.59995, 38.57136 ], [ 23.58375, 38.57697 ], [ 23.54005, 38.58226 ], [ 23.51881, 38.58869 ], [ 23.50514, 38.5974 ], [ 23.50172, 38.60505 ], [ 23.50074, 38.62263 ], [ 23.49773, 38.63101 ], [ 23.47438, 38.6457 ], [ 23.4673, 38.65229 ], [ 23.46022, 38.65375 ], [ 23.45314, 38.65803 ], [ 23.44996, 38.66942 ], [ 23.44597, 38.67674 ], [ 23.4367, 38.68325 ], [ 23.4065, 38.69807 ], [ 23.3816, 38.70726 ], [ 23.35336, 38.73139 ], [ 23.34376, 38.73456 ], [ 23.33766, 38.73896 ], [ 23.32797, 38.75821 ], [ 23.32301, 38.76252 ], [ 23.30006, 38.77216 ], [ 23.20232, 38.8299 ], [ 23.16814, 38.84447 ], [ 23.14357, 38.85065 ], [ 23.11411, 38.85065 ], [ 23.08351, 38.84565 ], [ 23.0691, 38.84658 ], [ 23.05584, 38.85444 ], [ 23.03639, 38.87446 ], [ 23.02866, 38.87739 ], [ 22.99879, 38.8808 ], [ 22.96941, 38.88911 ], [ 22.95639, 38.88544 ], [ 22.95639, 38.878 ], [ 22.97047, 38.87767 ], [ 22.9839, 38.87352 ], [ 22.99195, 38.86469 ], [ 22.99073, 38.85065 ], [ 22.98178, 38.84504 ], [ 22.96551, 38.84097 ], [ 22.8558, 38.83295 ], [ 22.83302, 38.82274 ], [ 22.83229, 38.83389 ], [ 22.83375, 38.8454 ], [ 22.83741, 38.85448 ], [ 22.87485, 38.8749 ], [ 22.90748, 38.88231 ], [ 22.95281, 38.9016 ], [ 22.98292, 38.90766 ], [ 23.01173, 38.91962 ], [ 23.03566, 38.92642 ], [ 23.03932, 38.92939 ], [ 23.04591, 38.94684 ], [ 23.05747, 38.94994 ], [ 23.07797, 38.95051 ], [ 23.08676, 38.95433 ], [ 23.09376, 38.96259 ], [ 23.09734, 38.97207 ], [ 23.09742, 38.98094 ], [ 23.09441, 38.98786 ], [ 23.10906, 38.99177 ], [ 23.12745, 39.0058 ], [ 23.13803, 39.00898 ], [ 23.19972, 39.00898 ], [ 23.22071, 39.01472 ], [ 23.27296, 39.03876 ], [ 23.29908, 39.04247 ], [ 23.30926, 39.03823 ], [ 23.32399, 39.02481 ], [ 23.32984, 39.02196 ], [ 23.34295, 39.0207 ], [ 23.35776, 39.01675 ], [ 23.37159, 39.01032 ], [ 23.3816, 39.00153 ], [ 23.37436, 38.98249 ], [ 23.38461, 38.96752 ], [ 23.40455, 38.95783 ], [ 23.42563, 38.95433 ], [ 23.42563, 38.94428 ], [ 23.44223, 38.89834 ], [ 23.44996, 38.88544 ], [ 23.45069, 38.87458 ], [ 23.46225, 38.85586 ], [ 23.48048, 38.83808 ], [ 23.52467, 38.82319 ], [ 23.56788, 38.79385 ], [ 23.594, 38.78925 ], [ 23.594, 38.78172 ], [ 23.59132, 38.77416 ], [ 23.594, 38.77021 ], [ 23.60011, 38.77049 ], [ 23.6076, 38.77558 ], [ 23.61997, 38.76553 ], [ 23.64845, 38.76118 ], [ 23.66228, 38.75507 ], [ 23.6727, 38.76044 ], [ 23.68336, 38.75507 ], [ 23.70265, 38.76508 ], [ 23.72267, 38.76195 ], [ 23.73845, 38.74942 ], [ 23.7448, 38.73119 ], [ 23.75359, 38.71918 ], [ 23.77369, 38.70816 ], [ 23.813, 38.69367 ], [ 23.8576, 38.68252 ], [ 23.90594, 38.67939 ], [ 23.92758, 38.67548 ], [ 23.94776, 38.66942 ], [ 23.96656, 38.67011 ], [ 23.98422, 38.68622 ], [ 24.00571, 38.67805 ], [ 24.02882, 38.67792 ], [ 24.05177, 38.68016 ], [ 24.07309, 38.67939 ], [ 24.13649, 38.66181 ], [ 24.15561, 38.65266 ], [ 24.14536, 38.64997 ], [ 24.13494, 38.64387 ], [ 24.12623, 38.6352 ], [ 24.12159, 38.62474 ], [ 24.1211, 38.6081 ], [ 24.12648, 38.59858 ], [ 24.21608, 38.53954 ], [ 24.23146, 38.52237 ], [ 24.20655, 38.50682 ], [ 24.18816, 38.47411 ], [ 24.18434, 38.43964 ], [ 24.20395, 38.41869 ], [ 24.20395, 38.4125 ], [ 24.18507, 38.40762 ], [ 24.18816, 38.39883 ], [ 24.21079, 38.37767 ], [ 24.21485, 38.33641 ], [ 24.23829, 38.31318 ], [ 24.24041, 38.30329 ], [ 24.25245, 38.29239 ], [ 24.25261, 38.26557 ], [ 24.25782, 38.25898 ], [ 24.24513, 38.24116 ], [ 24.25245, 38.22797 ], [ 24.26531, 38.21629 ], [ 24.29225, 38.20018 ], [ 24.327, 38.18594 ], [ 24.33758, 38.16283 ], [ 24.34441, 38.15925 ], [ 24.37859, 38.16446 ], [ 24.39259, 38.16401 ], [ 24.42066, 38.14737 ], [ 24.46062, 38.14403 ], [ 24.47779, 38.13874 ], [ 24.49692, 38.14631 ], [ 24.58766, 38.15925 ], [ 24.57895, 38.10932 ] ] ], [ [ [ 26.61232, 39.04926 ], [ 26.61004, 39.02294 ], [ 26.59742, 39.01195 ], [ 26.56764, 39.02196 ], [ 26.55144, 39.01504 ], [ 26.5394, 39.01935 ], [ 26.5193, 39.03628 ], [ 26.52662, 39.04247 ], [ 26.51759, 39.04751 ], [ 26.51612, 39.05264 ], [ 26.52036, 39.06631 ], [ 26.52605, 39.07722 ], [ 26.52662, 39.08344 ], [ 26.51515, 39.09101 ], [ 26.50587, 39.1092 ], [ 26.48927, 39.11367 ], [ 26.45493, 39.1114 ], [ 26.43702, 39.1035 ], [ 26.45297, 39.08641 ], [ 26.49195, 39.06293 ], [ 26.52882, 39.02106 ], [ 26.54713, 39.00898 ], [ 26.54713, 39.00153 ], [ 26.54371, 38.99738 ], [ 26.54713, 38.98786 ], [ 26.52117, 38.97895 ], [ 26.48927, 38.97256 ], [ 26.42416, 38.96735 ], [ 26.40707, 38.96947 ], [ 26.37517, 38.97891 ], [ 26.33937, 38.98286 ], [ 26.32553, 38.9877 ], [ 26.30079, 39.00153 ], [ 26.27638, 39.01065 ], [ 26.21713, 39.0207 ], [ 26.1657, 39.02241 ], [ 26.15528, 39.02497 ], [ 26.14633, 39.03213 ], [ 26.11557, 39.06672 ], [ 26.10426, 39.07465 ], [ 26.0879, 39.07722 ], [ 26.0879, 39.08344 ], [ 26.09376, 39.08527 ], [ 26.10206, 39.09089 ], [ 26.10922, 39.09268 ], [ 26.12192, 39.09089 ], [ 26.16017, 39.09772 ], [ 26.16456, 39.10065 ], [ 26.18067, 39.12128 ], [ 26.19142, 39.12759 ], [ 26.21372, 39.12934 ], [ 26.2256, 39.13182 ], [ 26.25229, 39.15233 ], [ 26.28224, 39.16987 ], [ 26.28338, 39.1728 ], [ 26.29347, 39.17715 ], [ 26.29021, 39.18675 ], [ 26.28004, 39.19644 ], [ 26.26979, 39.20075 ], [ 26.23764, 39.20685 ], [ 26.2256, 39.20759 ], [ 26.20436, 39.2058 ], [ 26.18735, 39.20205 ], [ 26.17335, 39.19501 ], [ 26.16017, 39.18334 ], [ 26.14527, 39.15567 ], [ 26.14243, 39.15575 ], [ 26.09742, 39.10566 ], [ 26.08277, 39.09516 ], [ 26.06398, 39.09089 ], [ 26.04298, 39.09321 ], [ 25.95834, 39.11766 ], [ 25.91993, 39.13711 ], [ 25.90699, 39.13866 ], [ 25.88893, 39.14472 ], [ 25.85434, 39.17206 ], [ 25.83465, 39.17963 ], [ 25.83465, 39.18708 ], [ 25.84596, 39.19038 ], [ 25.84995, 39.19941 ], [ 25.85157, 39.21088 ], [ 25.85515, 39.22126 ], [ 25.84205, 39.22801 ], [ 25.84978, 39.23216 ], [ 25.85353, 39.2364 ], [ 25.85515, 39.25226 ], [ 25.85865, 39.25922 ], [ 25.88307, 39.26899 ], [ 25.91066, 39.28962 ], [ 25.91725, 39.29694 ], [ 25.92408, 39.29694 ], [ 25.93637, 39.27656 ], [ 25.96892, 39.27863 ], [ 26.0062, 39.28632 ], [ 26.03321, 39.28266 ], [ 26.04461, 39.29686 ], [ 26.04689, 39.30317 ], [ 26.05372, 39.2895 ], [ 26.06056, 39.2895 ], [ 26.07309, 39.30321 ], [ 26.094, 39.31049 ], [ 26.1364, 39.31623 ], [ 26.16277, 39.32364 ], [ 26.17254, 39.33539 ], [ 26.17091, 39.35322 ], [ 26.16358, 39.37885 ], [ 26.34303, 39.383 ], [ 26.36215, 39.37885 ], [ 26.35475, 39.35651 ], [ 26.37338, 39.34691 ], [ 26.40024, 39.34125 ], [ 26.41749, 39.33047 ], [ 26.41139, 39.32095 ], [ 26.37965, 39.28266 ], [ 26.38217, 39.27709 ], [ 26.42416, 39.2451 ], [ 26.45834, 39.23428 ], [ 26.46632, 39.22923 ], [ 26.50473, 39.185 ], [ 26.51791, 39.17597 ], [ 26.53972, 39.16596 ], [ 26.52662, 39.15913 ], [ 26.53077, 39.15062 ], [ 26.54713, 39.13532 ], [ 26.5477, 39.12531 ], [ 26.55055, 39.11921 ], [ 26.55681, 39.11689 ], [ 26.56764, 39.11815 ], [ 26.56625, 39.09797 ], [ 26.57944, 39.07534 ], [ 26.59791, 39.05687 ], [ 26.61232, 39.04926 ] ] ] ] } },
{ "type": "Feature", "properties": { "kind": "land" }, "geometry": { "type": "MultiPolygon", "coordinates": [ [ [ [ 26.9607, 35.42959 ], [ 27.01197, 35.43769 ], [ 27.01336, 35.43134 ], [ 26.99969, 35.42451 ], [ 27.00709, 35.404 ], [ 27.00709, 35.39777 ], [ 26.99236, 35.3972 ], [ 26.96795, 35.39338 ], [ 26.95875, 35.39033 ], [ 26.92774, 35.37189 ], [ 26.91472, 35.36986 ], [ 26.90577, 35.36664 ], [ 26.88836, 35.35269 ], [ 26.87672, 35.34935 ], [ 26.86427, 35.35358 ], [ 26.85377, 35.36298 ], [ 26.8484, 35.37238 ], [ 26.8519, 35.3767 ], [ 26.86166, 35.38093 ], [ 26.87941, 35.39973 ], [ 26.89015, 35.40717 ], [ 26.89674, 35.42133 ], [ 26.90024, 35.42451 ], [ 26.90854, 35.42324 ], [ 26.91977, 35.41828 ], [ 26.92457, 35.41767 ], [ 26.9607, 35.42959 ] ] ], [ [ [ 27.38746, 36.42084 ], [ 27.39959, 36.41014 ], [ 27.42066, 36.40864 ], [ 27.43849, 36.41816 ], [ 27.44337, 36.41205 ], [ 27.44467, 36.40453 ], [ 27.43873, 36.39448 ], [ 27.42823, 36.3852 ], [ 27.41586, 36.38032 ], [ 27.40431, 36.38345 ], [ 27.39926, 36.37873 ], [ 27.39015, 36.38345 ], [ 27.37794, 36.38203 ], [ 27.36476, 36.39338 ], [ 27.35743, 36.41022 ], [ 27.3628, 36.42499 ], [ 27.34962, 36.43122 ], [ 27.33815, 36.42841 ], [ 27.32887, 36.42056 ], [ 27.32179, 36.41136 ], [ 27.31495, 36.41136 ], [ 27.30934, 36.42015 ], [ 27.29689, 36.42756 ], [ 27.29444, 36.43553 ], [ 27.29518, 36.45563 ], [ 27.30063, 36.47346 ], [ 27.31023, 36.45771 ], [ 27.32504, 36.4619 ], [ 27.34156, 36.47346 ], [ 27.3558, 36.47964 ], [ 27.3685, 36.4724 ], [ 27.38168, 36.44416 ], [ 27.39682, 36.43867 ], [ 27.38746, 36.42084 ] ] ], [ [ [ 23.57114, 37.35834 ], [ 23.5477, 37.34984 ], [ 23.52329, 37.34663 ], [ 23.50514, 37.34984 ], [ 23.5088, 37.3299 ], [ 23.49684, 37.32001 ], [ 23.47608, 37.31672 ], [ 23.45362, 37.31635 ], [ 23.39649, 37.30321 ], [ 23.37428, 37.30268 ], [ 23.37428, 37.30952 ], [ 23.46363, 37.35733 ], [ 23.48764, 37.36351 ], [ 23.53256, 37.36392 ], [ 23.55299, 37.37092 ], [ 23.58717, 37.37092 ], [ 23.57114, 37.35834 ] ] ], [ [ [ 23.56316, 37.76826 ], [ 23.55681, 37.75764 ], [ 23.54493, 37.74506 ], [ 23.54615, 37.73347 ], [ 23.53207, 37.72533 ], [ 23.52955, 37.7145 ], [ 23.53012, 37.70295 ], [ 23.52565, 37.69245 ], [ 23.51734, 37.6883 ], [ 23.49464, 37.6835 ], [ 23.48414, 37.67886 ], [ 23.47136, 37.68818 ], [ 23.45737, 37.69245 ], [ 23.45737, 37.69929 ], [ 23.469, 37.70502 ], [ 23.46827, 37.7145 ], [ 23.45932, 37.72333 ], [ 23.44654, 37.72724 ], [ 23.43442, 37.73359 ], [ 23.42709, 37.74775 ], [ 23.42449, 37.76179 ], [ 23.42563, 37.76822 ], [ 23.54615, 37.7744 ], [ 23.56316, 37.76826 ] ] ], [ [ [ 27.67335, 40.65644 ], [ 27.7024, 40.65302 ], [ 27.72779, 40.64265 ], [ 27.73268, 40.62519 ], [ 27.7142, 40.61469 ], [ 27.67644, 40.61017 ], [ 27.65756, 40.60541 ], [ 27.62452, 40.58308 ], [ 27.60475, 40.57681 ], [ 27.58253, 40.5843 ], [ 27.57154, 40.58466 ], [ 27.55177, 40.59105 ], [ 27.53598, 40.602 ], [ 27.53891, 40.62336 ], [ 27.52638, 40.63911 ], [ 27.53102, 40.65009 ], [ 27.53883, 40.65693 ], [ 27.54591, 40.66035 ], [ 27.55152, 40.6577 ], [ 27.55454, 40.64692 ], [ 27.57944, 40.65648 ], [ 27.60524, 40.66328 ], [ 27.63136, 40.66348 ], [ 27.65756, 40.65314 ], [ 27.67335, 40.65644 ] ] ], [ [ [ 16.24122, 43.07197 ], [ 16.24985, 43.07941 ], [ 16.25343, 43.07787 ], [ 16.25489, 43.06855 ], [ 16.25213, 43.0624 ], [ 16.23373, 43.0515 ], [ 16.22193, 43.04027 ], [ 16.2103, 43.03327 ], [ 16.12135, 43.01337 ], [ 16.08717, 43.01146 ], [ 16.06316, 43.0174 ], [ 16.08448, 43.02595 ], [ 16.08709, 43.04141 ], [ 16.07911, 43.05329 ], [ 16.06316, 43.0515 ], [ 16.04884, 43.06517 ], [ 16.0573, 43.07022 ], [ 16.06935, 43.07197 ], [ 16.09254, 43.08275 ], [ 16.13022, 43.08845 ], [ 16.17018, 43.08771 ], [ 16.19972, 43.07941 ], [ 16.19288, 43.07197 ], [ 16.21583, 43.07917 ], [ 16.2282, 43.07868 ], [ 16.24122, 43.07197 ] ] ], [ [ [ 16.37599, 43.33344 ], [ 16.34864, 43.33869 ], [ 16.28175, 43.36937 ], [ 16.23227, 43.38447 ], [ 16.20704, 43.38727 ], [ 16.20639, 43.39179 ], [ 16.21323, 43.39411 ], [ 16.20338, 43.39997 ], [ 16.20045, 43.40705 ], [ 16.20558, 43.41291 ], [ 16.22006, 43.41523 ], [ 16.27703, 43.41193 ], [ 16.29819, 43.40363 ], [ 16.30274, 43.38727 ], [ 16.32984, 43.38972 ], [ 16.34864, 43.37832 ], [ 16.36671, 43.36115 ], [ 16.39145, 43.34638 ], [ 16.37599, 43.33344 ] ] ], [ [ [ 26.87794, 37.12897 ], [ 26.88689, 37.1166 ], [ 26.88689, 37.1057 ], [ 26.8755, 37.10371 ], [ 26.87517, 37.10008 ], [ 26.86988, 37.09805 ], [ 26.86158, 37.09732 ], [ 26.84995, 37.09846 ], [ 26.83758, 37.10472 ], [ 26.83758, 37.11213 ], [ 26.84864, 37.11787 ], [ 26.85231, 37.12458 ], [ 26.84303, 37.12515 ], [ 26.82976, 37.11872 ], [ 26.81723, 37.11986 ], [ 26.81039, 37.12938 ], [ 26.81691, 37.14655 ], [ 26.7951, 37.15546 ], [ 26.78834, 37.16205 ], [ 26.77622, 37.16966 ], [ 26.77272, 37.18268 ], [ 26.78419, 37.19147 ], [ 26.79802, 37.19058 ], [ 26.80104, 37.19257 ], [ 26.8003, 37.19929 ], [ 26.80828, 37.20026 ], [ 26.81723, 37.19481 ], [ 26.82309, 37.1933 ], [ 26.82683, 37.19424 ], [ 26.84978, 37.18732 ], [ 26.85288, 37.18179 ], [ 26.8462, 37.17121 ], [ 26.84409, 37.16201 ], [ 26.86427, 37.15331 ], [ 26.87184, 37.1341 ], [ 26.87794, 37.12897 ] ] ] ] } },
{ "type": "Feature", "properties": { "kind": "land" }, "geometry": { "type": "MultiPolygon", "coordinates": [ [ [ [ 11.011, 33.83161 ], [ 11.0311, 33.82388 ], [ 11.04851, 33.81476 ], [ 11.06031, 33.80073 ], [ 10.99399, 33.74974 ], [ 10.97731, 33.74315 ], [ 10.97104, 33.73871 ], [ 10.96648, 33.73041 ], [ 10.95672, 33.69774 ], [ 10.95045, 33.69774 ], [ 10.95362, 33.72419 ], [ 10.95672, 33.73249 ], [ 10.94109, 33.72822 ], [ 10.92848, 33.69663 ], [ 10.91053, 33.67388 ], [ 10.89371, 33.65825 ], [ 10.88779, 33.64014 ], [ 10.87106, 33.65433 ], [ 10.87075, 33.67184 ], [ 10.87692, 33.68822 ], [ 10.85899, 33.71106 ], [ 10.84213, 33.71796 ], [ 10.82618, 33.7298 ], [ 10.80893, 33.73432 ], [ 10.79035, 33.71857 ], [ 10.78192, 33.7037 ], [ 10.76342, 33.70016 ], [ 10.74015, 33.71548 ], [ 10.73379, 33.73067 ], [ 10.7278, 33.75818 ], [ 10.72831, 33.78457 ], [ 10.74759, 33.81275 ], [ 10.73548, 33.85375 ], [ 10.73601, 33.88475 ], [ 10.77296, 33.89631 ], [ 10.85426, 33.88166 ], [ 10.8978, 33.87934 ], [ 10.92994, 33.89631 ], [ 10.95973, 33.86612 ], [ 10.99147, 33.8417 ], [ 11.011, 33.83161 ] ] ], [ [ [ 27.23316, 35.5041 ], [ 27.23732, 35.49339 ], [ 27.23243, 35.47224 ], [ 27.2068, 35.47753 ], [ 27.18092, 35.46894 ], [ 27.16163, 35.4501 ], [ 27.15675, 35.42451 ], [ 27.16082, 35.43037 ], [ 27.16424, 35.43207 ], [ 27.17107, 35.43134 ], [ 27.16586, 35.42333 ], [ 27.15805, 35.41559 ], [ 27.14812, 35.40888 ], [ 27.13624, 35.404 ], [ 27.14308, 35.4204 ], [ 27.13526, 35.42621 ], [ 27.1211, 35.42768 ], [ 27.1089, 35.43134 ], [ 27.09978, 35.4405 ], [ 27.09303, 35.45185 ], [ 27.09425, 35.46157 ], [ 27.1089, 35.46605 ], [ 27.1089, 35.47224 ], [ 27.10206, 35.47224 ], [ 27.10206, 35.47907 ], [ 27.11883, 35.48265 ], [ 27.1198, 35.49311 ], [ 27.1089, 35.5207 ], [ 27.10963, 35.5349 ], [ 27.11378, 35.55097 ], [ 27.1089, 35.56167 ], [ 27.07488, 35.58023 ], [ 27.06788, 35.58893 ], [ 27.06935, 35.60224 ], [ 27.07667, 35.61579 ], [ 27.0857, 35.62629 ], [ 27.11541, 35.64224 ], [ 27.12371, 35.66779 ], [ 27.12794, 35.69335 ], [ 27.15414, 35.71796 ], [ 27.16179, 35.74689 ], [ 27.16245, 35.77729 ], [ 27.15675, 35.79438 ], [ 27.15675, 35.80121 ], [ 27.17107, 35.80866 ], [ 27.17774, 35.80866 ], [ 27.17774, 35.80121 ], [ 27.18458, 35.80121 ], [ 27.20509, 35.82233 ], [ 27.21372, 35.82803 ], [ 27.22096, 35.82925 ], [ 27.2269, 35.82709 ], [ 27.23243, 35.82233 ], [ 27.22885, 35.80899 ], [ 27.21502, 35.79003 ], [ 27.21192, 35.77733 ], [ 27.21192, 35.7534 ], [ 27.21323, 35.74478 ], [ 27.21852, 35.73469 ], [ 27.21876, 35.72614 ], [ 27.2129, 35.71874 ], [ 27.18979, 35.69741 ], [ 27.18035, 35.67292 ], [ 27.16098, 35.65131 ], [ 27.15675, 35.63398 ], [ 27.1565, 35.6188 ], [ 27.15854, 35.61205 ], [ 27.18458, 35.59577 ], [ 27.20875, 35.56004 ], [ 27.22088, 35.55101 ], [ 27.21648, 35.54401 ], [ 27.20509, 35.53437 ], [ 27.20379, 35.52717 ], [ 27.23316, 35.5041 ] ] ], [ [ [ 14.56316, 35.87002 ], [ 14.56715, 35.84561 ], [ 14.56178, 35.82982 ], [ 14.54802, 35.836 ], [ 14.53248, 35.82197 ], [ 14.52752, 35.81354 ], [ 14.52752, 35.80121 ], [ 14.50709, 35.80866 ], [ 14.47267, 35.81143 ], [ 14.42449, 35.82368 ], [ 14.38152, 35.84296 ], [ 14.35987, 35.8697 ], [ 14.34571, 35.87592 ], [ 14.34262, 35.88068 ], [ 14.34262, 35.91169 ], [ 14.33823, 35.94697 ], [ 14.33253, 35.96284 ], [ 14.32203, 35.97313 ], [ 14.33473, 35.98237 ], [ 14.3475, 35.98871 ], [ 14.3615, 35.99242 ], [ 14.37729, 35.99364 ], [ 14.37729, 35.98623 ], [ 14.36232, 35.98241 ], [ 14.34938, 35.97313 ], [ 14.42848, 35.96573 ], [ 14.44508, 35.96035 ], [ 14.47869, 35.93696 ], [ 14.50782, 35.92853 ], [ 14.51287, 35.9208 ], [ 14.51393, 35.90082 ], [ 14.54802, 35.89004 ], [ 14.56316, 35.87002 ] ] ], [ [ [ 23.07691, 36.27074 ], [ 23.09441, 36.25434 ], [ 23.10385, 36.23721 ], [ 23.09783, 36.23298 ], [ 23.08286, 36.23249 ], [ 23.06625, 36.22639 ], [ 23.05844, 36.21646 ], [ 23.05445, 36.20336 ], [ 23.05201, 36.14484 ], [ 23.04689, 36.14322 ], [ 23.03224, 36.14448 ], [ 23.01441, 36.14834 ], [ 23.00245, 36.14663 ], [ 22.99073, 36.13703 ], [ 22.98756, 36.15156 ], [ 22.97722, 36.15795 ], [ 22.94955, 36.16498 ], [ 22.94842, 36.16804 ], [ 22.95004, 36.17626 ], [ 22.94614, 36.17796 ], [ 22.92921, 36.17796 ], [ 22.91456, 36.20051 ], [ 22.9087, 36.20596 ], [ 22.91733, 36.26215 ], [ 22.91619, 36.2851 ], [ 22.9087, 36.30829 ], [ 22.89967, 36.32819 ], [ 22.90162, 36.33832 ], [ 22.93263, 36.38125 ], [ 22.94459, 36.38939 ], [ 22.95639, 36.38345 ], [ 22.99627, 36.32416 ], [ 23.01173, 36.30829 ], [ 23.07691, 36.27074 ] ] ], [ [ [ 26.39332, 36.63654 ], [ 26.43051, 36.61872 ], [ 26.45948, 36.59667 ], [ 26.46599, 36.58271 ], [ 26.45997, 36.5777 ], [ 26.45493, 36.57685 ], [ 26.45004, 36.58055 ], [ 26.44467, 36.5895 ], [ 26.4297, 36.5786 ], [ 26.41586, 36.5749 ], [ 26.38673, 36.57587 ], [ 26.3733, 36.57241 ], [ 26.36305, 36.56367 ], [ 26.34864, 36.54108 ], [ 26.34767, 36.52802 ], [ 26.34946, 36.51561 ], [ 26.34164, 36.50934 ], [ 26.31772, 36.50755 ], [ 26.30095, 36.51325 ], [ 26.28224, 36.53986 ], [ 26.26596, 36.54792 ], [ 26.26979, 36.55777 ], [ 26.27345, 36.56159 ], [ 26.26433, 36.57331 ], [ 26.26149, 36.58763 ], [ 26.26645, 36.59593 ], [ 26.28028, 36.5895 ], [ 26.29477, 36.59658 ], [ 26.31178, 36.58808 ], [ 26.32846, 36.57526 ], [ 26.34164, 36.56904 ], [ 26.35084, 36.57274 ], [ 26.36061, 36.58649 ], [ 26.36598, 36.5895 ], [ 26.39389, 36.58568 ], [ 26.40382, 36.5895 ], [ 26.39031, 36.59545 ], [ 26.38494, 36.6048 ], [ 26.38941, 36.6162 ], [ 26.37867, 36.61921 ], [ 26.36215, 36.63052 ], [ 26.36215, 36.63788 ], [ 26.39332, 36.63654 ] ] ], [ [ [ 24.51271, 36.76398 ], [ 24.53338, 36.76801 ], [ 24.54607, 36.75397 ], [ 24.54322, 36.74311 ], [ 24.54607, 36.68879 ], [ 24.53761, 36.68138 ], [ 24.5184, 36.67365 ], [ 24.48463, 36.66523 ], [ 24.36459, 36.66303 ], [ 24.327, 36.65095 ], [ 24.32293, 36.66535 ], [ 24.33131, 36.68716 ], [ 24.327, 36.69937 ], [ 24.34067, 36.71239 ], [ 24.327, 36.71988 ], [ 24.33668, 36.72777 ], [ 24.34474, 36.74567 ], [ 24.35426, 36.75397 ], [ 24.36549, 36.74299 ], [ 24.3816, 36.73355 ], [ 24.39536, 36.73591 ], [ 24.40724, 36.70726 ], [ 24.42652, 36.69937 ], [ 24.4607, 36.69937 ], [ 24.47145, 36.70425 ], [ 24.46852, 36.71516 ], [ 24.45916, 36.72671 ], [ 24.45053, 36.73355 ], [ 24.43686, 36.72748 ], [ 24.42709, 36.73383 ], [ 24.41871, 36.7451 ], [ 24.40886, 36.75397 ], [ 24.40886, 36.76081 ], [ 24.42026, 36.77106 ], [ 24.43328, 36.76504 ], [ 24.45045, 36.7534 ], [ 24.47438, 36.74714 ], [ 24.51271, 36.76398 ] ] ], [ [ [ 27.29151, 36.89183 ], [ 27.34099, 36.8819 ], [ 27.3558, 36.86323 ], [ 27.32342, 36.8487 ], [ 27.2142, 36.82388 ], [ 27.19077, 36.81232 ], [ 27.12989, 36.76081 ], [ 27.10906, 36.75829 ], [ 27.08318, 36.76122 ], [ 27.06007, 36.7674 ], [ 27.04754, 36.77509 ], [ 26.99204, 36.75361 ], [ 26.97576, 36.74079 ], [ 26.98601, 36.71988 ], [ 26.97169, 36.71625 ], [ 26.96567, 36.70555 ], [ 26.96656, 36.69172 ], [ 26.97291, 36.6789 ], [ 26.95533, 36.68171 ], [ 26.93727, 36.69278 ], [ 26.92335, 36.7062 ], [ 26.91774, 36.71613 ], [ 26.92026, 36.75117 ], [ 26.92628, 36.76561 ], [ 26.93767, 36.76081 ], [ 26.95875, 36.78132 ], [ 26.98601, 36.76765 ], [ 26.99952, 36.77851 ], [ 27.0075, 36.78783 ], [ 27.02076, 36.80858 ], [ 27.05519, 36.83267 ], [ 27.06121, 36.83934 ], [ 27.16424, 36.89118 ], [ 27.26564, 36.90404 ], [ 27.28094, 36.9079 ], [ 27.29151, 36.89183 ] ] ], [ [ [ 26.01905, 36.92512 ], [ 26.03541, 36.91299 ], [ 26.05421, 36.90355 ], [ 26.07423, 36.89802 ], [ 26.07472, 36.8933 ], [ 26.06739, 36.89118 ], [ 26.05014, 36.89696 ], [ 26.01596, 36.88947 ], [ 26.00587, 36.89118 ], [ 25.99098, 36.8791 ], [ 25.94858, 36.85423 ], [ 25.93426, 36.84955 ], [ 25.9214, 36.84105 ], [ 25.89357, 36.80345 ], [ 25.87965, 36.79499 ], [ 25.79868, 36.77277 ], [ 25.75554, 36.76996 ], [ 25.73902, 36.79499 ], [ 25.75327, 36.78876 ], [ 25.76075, 36.79906 ], [ 25.7741, 36.80711 ], [ 25.78891, 36.80923 ], [ 25.80055, 36.80174 ], [ 25.80738, 36.80174 ], [ 25.81414, 36.80683 ], [ 25.82301, 36.80874 ], [ 25.84547, 36.80858 ], [ 25.84938, 36.8122 ], [ 25.86313, 36.83592 ], [ 25.85157, 36.83112 ], [ 25.84547, 36.83662 ], [ 25.84376, 36.84512 ], [ 25.84547, 36.84955 ], [ 25.85662, 36.85106 ], [ 25.97185, 36.89802 ], [ 25.97185, 36.9042 ], [ 25.95867, 36.91055 ], [ 25.95069, 36.91161 ], [ 25.95069, 36.91844 ], [ 25.97836, 36.92495 ], [ 25.99024, 36.93073 ], [ 25.99838, 36.93891 ], [ 26.00587, 36.93891 ], [ 26.01905, 36.92512 ] ] ], [ [ [ 25.26881, 37.04613 ], [ 25.26303, 37.03994 ], [ 25.2518, 37.02147 ], [ 25.2448, 37.01459 ], [ 25.23219, 37.00511 ], [ 25.20444, 36.98896 ], [ 25.18849, 36.9853 ], [ 25.15284, 36.98676 ], [ 25.14332, 36.99006 ], [ 25.12192, 37.00458 ], [ 25.1115, 37.00788 ], [ 25.10336, 37.01288 ], [ 25.10304, 37.02432 ], [ 25.11297, 37.06273 ], [ 25.12534, 37.07453 ], [ 25.15626, 37.08979 ], [ 25.14926, 37.09349 ], [ 25.14243, 37.09492 ], [ 25.13575, 37.09382 ], [ 25.15008, 37.11054 ], [ 25.17856, 37.12946 ], [ 25.20981, 37.14403 ], [ 25.23878, 37.15184 ], [ 25.22397, 37.13434 ], [ 25.23194, 37.12751 ], [ 25.25929, 37.12397 ], [ 25.27296, 37.1376 ], [ 25.26612, 37.15184 ], [ 25.2933, 37.15184 ], [ 25.2881, 37.13654 ], [ 25.2798, 37.12397 ], [ 25.26295, 37.08983 ], [ 25.26287, 37.07559 ], [ 25.2798, 37.06928 ], [ 25.2798, 37.06249 ], [ 25.26612, 37.06249 ], [ 25.26612, 37.055 ], [ 25.2798, 37.055 ], [ 25.2798, 37.04881 ], [ 25.26881, 37.04613 ] ] ], [ [ [ 25.5337, 37.20067 ], [ 25.55014, 37.19379 ], [ 25.57455, 37.17853 ], [ 25.58627, 37.16063 ], [ 25.59246, 37.14252 ], [ 25.59506, 37.09968 ], [ 25.59278, 37.08088 ], [ 25.58302, 37.03978 ], [ 25.58082, 37.01777 ], [ 25.5525, 36.96894 ], [ 25.54737, 36.96532 ], [ 25.52613, 36.95942 ], [ 25.49138, 36.93211 ], [ 25.46111, 36.92451 ], [ 25.44988, 36.91844 ], [ 25.4476, 36.92475 ], [ 25.4437, 36.92609 ], [ 25.43678, 36.93211 ], [ 25.43238, 36.93928 ], [ 25.42311, 36.96686 ], [ 25.41668, 36.97313 ], [ 25.38893, 36.98676 ], [ 25.39332, 36.99217 ], [ 25.39405, 36.99811 ], [ 25.39129, 37.00438 ], [ 25.38071, 37.01874 ], [ 25.37973, 37.02684 ], [ 25.38209, 37.03514 ], [ 25.36695, 37.05956 ], [ 25.35548, 37.07136 ], [ 25.34181, 37.07673 ], [ 25.34181, 37.08295 ], [ 25.35239, 37.0891 ], [ 25.3567, 37.08771 ], [ 25.36166, 37.08295 ], [ 25.37184, 37.08906 ], [ 25.40943, 37.12397 ], [ 25.47462, 37.16181 ], [ 25.49513, 37.18911 ], [ 25.50229, 37.19172 ], [ 25.52215, 37.19318 ], [ 25.5337, 37.20067 ] ] ], [ [ [ 25.38258, 37.41975 ], [ 25.30698, 37.41193 ], [ 25.30926, 37.41975 ], [ 25.30698, 37.42866 ], [ 25.30926, 37.43618 ], [ 25.31398, 37.43842 ], [ 25.3213, 37.4392 ], [ 25.32643, 37.46288 ], [ 25.32244, 37.47101 ], [ 25.30698, 37.47272 ], [ 25.31267, 37.48823 ], [ 25.32439, 37.4951 ], [ 25.33774, 37.49958 ], [ 25.34799, 37.50812 ], [ 25.37729, 37.46743 ], [ 25.38209, 37.46967 ], [ 25.38559, 37.48994 ], [ 25.39536, 37.49396 ], [ 25.42677, 37.48701 ], [ 25.44361, 37.47504 ], [ 25.4629, 37.47004 ], [ 25.46559, 37.46336 ], [ 25.46315, 37.45474 ], [ 25.45729, 37.44603 ], [ 25.44256, 37.4409 ], [ 25.42359, 37.44111 ], [ 25.40773, 37.43684 ], [ 25.4026, 37.41816 ], [ 25.38258, 37.41975 ] ] ], [ [ [ 25.08058, 37.58686 ], [ 25.04705, 37.61738 ], [ 25.00864, 37.63178 ], [ 24.99789, 37.63788 ], [ 24.99098, 37.64598 ], [ 24.98439, 37.65803 ], [ 24.98146, 37.67023 ], [ 24.98487, 37.67886 ], [ 24.99789, 37.68187 ], [ 25.05323, 37.67886 ], [ 25.06739, 37.67259 ], [ 25.06739, 37.66519 ], [ 25.05991, 37.66519 ], [ 25.05991, 37.65835 ], [ 25.07008, 37.65778 ], [ 25.07748, 37.65493 ], [ 25.0879, 37.64468 ], [ 25.10377, 37.65375 ], [ 25.12273, 37.65168 ], [ 25.13982, 37.64273 ], [ 25.14942, 37.63105 ], [ 25.16481, 37.64582 ], [ 25.19264, 37.6413 ], [ 25.22299, 37.62983 ], [ 25.24562, 37.62421 ], [ 25.23878, 37.61738 ], [ 25.24733, 37.61489 ], [ 25.25278, 37.60871 ], [ 25.25929, 37.59003 ], [ 25.23471, 37.56289 ], [ 25.22731, 37.53742 ], [ 25.21599, 37.5329 ], [ 25.16993, 37.53864 ], [ 25.1421, 37.55272 ], [ 25.1255, 37.55589 ], [ 25.11557, 37.56013 ], [ 25.10328, 37.57844 ], [ 25.08058, 37.58686 ] ] ], [ [ [ 24.40252, 37.65575 ], [ 24.39576, 37.62466 ], [ 24.37013, 37.59512 ], [ 24.34067, 37.56957 ], [ 24.313, 37.53823 ], [ 24.29347, 37.5257 ], [ 24.2754, 37.53168 ], [ 24.27516, 37.5456 ], [ 24.27996, 37.59577 ], [ 24.27809, 37.62287 ], [ 24.28932, 37.64533 ], [ 24.30567, 37.66083 ], [ 24.32065, 37.65835 ], [ 24.33383, 37.67259 ], [ 24.32065, 37.67259 ], [ 24.32065, 37.67886 ], [ 24.33041, 37.68399 ], [ 24.33969, 37.68627 ], [ 24.34799, 37.68488 ], [ 24.35426, 37.67886 ], [ 24.36109, 37.67886 ], [ 24.36166, 37.68504 ], [ 24.37477, 37.68627 ], [ 24.40252, 37.65575 ] ] ], [ [ [ 26.34457, 37.65949 ], [ 26.3191, 37.63426 ], [ 26.23064, 37.57136 ], [ 26.21388, 37.56513 ], [ 26.12794, 37.55581 ], [ 26.10825, 37.54906 ], [ 26.0783, 37.52757 ], [ 26.06739, 37.5218 ], [ 26.05787, 37.51923 ], [ 26.0298, 37.5218 ], [ 25.99073, 37.51317 ], [ 25.97633, 37.51602 ], [ 25.97185, 37.53547 ], [ 25.97975, 37.54865 ], [ 26.01238, 37.57502 ], [ 26.0197, 37.58633 ], [ 26.02638, 37.60082 ], [ 26.042, 37.61701 ], [ 26.06031, 37.63068 ], [ 26.07423, 37.63788 ], [ 26.09897, 37.63906 ], [ 26.15642, 37.6328 ], [ 26.17726, 37.63788 ], [ 26.19744, 37.63227 ], [ 26.22722, 37.63959 ], [ 26.25424, 37.652 ], [ 26.28077, 37.67544 ], [ 26.31365, 37.68317 ], [ 26.36215, 37.68627 ], [ 26.34457, 37.65949 ] ] ], [ [ [ 27.05877, 37.73379 ], [ 27.06528, 37.72907 ], [ 27.06658, 37.71833 ], [ 27.06121, 37.70673 ], [ 27.03696, 37.71288 ], [ 27.00082, 37.70661 ], [ 26.91, 37.67805 ], [ 26.90073, 37.67341 ], [ 26.88982, 37.66519 ], [ 26.8838, 37.65815 ], [ 26.87875, 37.64887 ], [ 26.86931, 37.64468 ], [ 26.86085, 37.64338 ], [ 26.79737, 37.64468 ], [ 26.78745, 37.6472 ], [ 26.78338, 37.65339 ], [ 26.77711, 37.66889 ], [ 26.76092, 37.68968 ], [ 26.75099, 37.69668 ], [ 26.72731, 37.70156 ], [ 26.71648, 37.71137 ], [ 26.70826, 37.71357 ], [ 26.6836, 37.70783 ], [ 26.65724, 37.7049 ], [ 26.64088, 37.69945 ], [ 26.62843, 37.69066 ], [ 26.62289, 37.67886 ], [ 26.61549, 37.67886 ], [ 26.61549, 37.68627 ], [ 26.60922, 37.68627 ], [ 26.5984, 37.67719 ], [ 26.58953, 37.68708 ], [ 26.58351, 37.70417 ], [ 26.58131, 37.7167 ], [ 26.58025, 37.74079 ], [ 26.58399, 37.75226 ], [ 26.59498, 37.76138 ], [ 26.61207, 37.76561 ], [ 26.62989, 37.76765 ], [ 26.64389, 37.77241 ], [ 26.64959, 37.78522 ], [ 26.65805, 37.79279 ], [ 26.77182, 37.81411 ], [ 26.80641, 37.81452 ], [ 26.84205, 37.80915 ], [ 26.85572, 37.80268 ], [ 26.88185, 37.78539 ], [ 26.91668, 37.77782 ], [ 26.95533, 37.7569 ], [ 26.96608, 37.74775 ], [ 26.9699, 37.75878 ], [ 26.9642, 37.76752 ], [ 26.95436, 37.77656 ], [ 26.94508, 37.78872 ], [ 26.9616, 37.78441 ], [ 26.97364, 37.78449 ], [ 26.98357, 37.78856 ], [ 26.99342, 37.79613 ], [ 26.99399, 37.784 ], [ 27.02101, 37.77717 ], [ 27.06788, 37.7744 ], [ 27.03386, 37.76138 ], [ 27.03224, 37.75316 ], [ 27.04754, 37.72724 ], [ 27.05877, 37.73379 ] ] ], [ [ [ 20.91798, 37.76529 ], [ 20.98683, 37.72989 ], [ 20.99635, 37.69929 ], [ 20.98308, 37.71231 ], [ 20.95436, 37.72386 ], [ 20.92091, 37.73168 ], [ 20.89389, 37.73347 ], [ 20.87916, 37.72822 ], [ 20.86329, 37.7106 ], [ 20.84352, 37.70156 ], [ 20.84376, 37.68993 ], [ 20.85304, 37.67259 ], [ 20.85133, 37.65941 ], [ 20.84685, 37.65331 ], [ 20.83595, 37.65152 ], [ 20.81511, 37.65152 ], [ 20.80787, 37.65607 ], [ 20.77719, 37.68627 ], [ 20.72779, 37.71849 ], [ 20.70436, 37.73835 ], [ 20.70216, 37.75454 ], [ 20.68043, 37.76996 ], [ 20.64243, 37.8111 ], [ 20.61948, 37.82282 ], [ 20.62648, 37.83442 ], [ 20.62208, 37.8513 ], [ 20.6277, 37.85761 ], [ 20.61948, 37.86441 ], [ 20.66, 37.91055 ], [ 20.68572, 37.92959 ], [ 20.70899, 37.92524 ], [ 20.70981, 37.91962 ], [ 20.71437, 37.91527 ], [ 20.71363, 37.91315 ], [ 20.73414, 37.8819 ], [ 20.74195, 37.86229 ], [ 20.75245, 37.85489 ], [ 20.77719, 37.84333 ], [ 20.80885, 37.84955 ], [ 20.85011, 37.83641 ], [ 20.886, 37.81395 ], [ 20.90138, 37.79243 ], [ 20.91798, 37.76529 ] ] ], [ [ [ 24.9944, 37.7541 ], [ 24.98552, 37.73599 ], [ 24.9712, 37.71865 ], [ 24.95753, 37.70673 ], [ 24.96372, 37.68627 ], [ 24.95753, 37.68627 ], [ 24.94972, 37.69611 ], [ 24.92693, 37.71011 ], [ 24.91603, 37.71979 ], [ 24.89747, 37.76179 ], [ 24.8921, 37.76822 ], [ 24.87672, 37.76952 ], [ 24.86524, 37.77383 ], [ 24.85499, 37.7814 ], [ 24.84425, 37.79243 ], [ 24.82814, 37.81729 ], [ 24.81658, 37.82388 ], [ 24.79998, 37.81599 ], [ 24.7942, 37.84382 ], [ 24.77573, 37.86225 ], [ 24.75392, 37.87641 ], [ 24.73854, 37.89175 ], [ 24.7317, 37.89175 ], [ 24.72462, 37.8819 ], [ 24.71616, 37.8791 ], [ 24.71217, 37.88434 ], [ 24.71803, 37.89859 ], [ 24.70932, 37.90656 ], [ 24.69549, 37.92463 ], [ 24.68385, 37.93268 ], [ 24.69565, 37.93553 ], [ 24.69654, 37.94025 ], [ 24.69264, 37.94709 ], [ 24.69011, 37.95628 ], [ 24.69361, 37.96577 ], [ 24.70191, 37.97264 ], [ 24.75701, 37.99657 ], [ 24.77906, 38.00023 ], [ 24.79371, 37.99409 ], [ 24.79233, 37.98334 ], [ 24.79469, 37.97712 ], [ 24.80055, 37.97431 ], [ 24.81056, 37.97362 ], [ 24.82081, 37.97036 ], [ 24.83009, 37.96308 ], [ 24.83465, 37.9558 ], [ 24.83074, 37.95254 ], [ 24.83041, 37.94774 ], [ 24.83758, 37.92548 ], [ 24.84083, 37.91901 ], [ 24.8484, 37.91486 ], [ 24.87501, 37.90599 ], [ 24.95387, 37.90599 ], [ 24.96372, 37.8968 ], [ 24.95916, 37.87637 ], [ 24.94337, 37.84333 ], [ 24.98487, 37.81599 ], [ 24.97836, 37.81147 ], [ 24.9712, 37.80915 ], [ 24.97202, 37.79637 ], [ 24.95834, 37.78124 ], [ 24.95753, 37.7744 ], [ 24.96437, 37.76874 ], [ 24.98048, 37.77399 ], [ 24.99171, 37.76822 ], [ 24.9944, 37.7541 ] ] ], [ [ [ 20.58546, 38.61791 ], [ 20.56544, 38.5937 ], [ 20.55128, 38.56953 ], [ 20.54461, 38.56953 ], [ 20.54493, 38.59471 ], [ 20.56235, 38.69123 ], [ 20.58123, 38.72435 ], [ 20.58546, 38.74457 ], [ 20.60255, 38.78172 ], [ 20.61215, 38.78583 ], [ 20.62029, 38.7956 ], [ 20.63331, 38.81656 ], [ 20.64527, 38.82819 ], [ 20.66391, 38.84101 ], [ 20.68629, 38.85008 ], [ 20.6902, 38.84138 ], [ 20.70216, 38.83698 ], [ 20.71778, 38.8227 ], [ 20.72193, 38.80736 ], [ 20.72291, 38.79316 ], [ 20.72934, 38.78172 ], [ 20.72389, 38.76996 ], [ 20.72446, 38.7604 ], [ 20.72934, 38.74457 ], [ 20.72885, 38.73062 ], [ 20.70151, 38.69798 ], [ 20.69695, 38.68985 ], [ 20.69874, 38.68281 ], [ 20.70607, 38.68041 ], [ 20.71551, 38.69912 ], [ 20.7225, 38.70726 ], [ 20.72389, 38.69245 ], [ 20.72071, 38.63841 ], [ 20.71599, 38.62702 ], [ 20.70948, 38.62568 ], [ 20.70216, 38.63841 ], [ 20.69532, 38.63841 ], [ 20.70216, 38.61791 ], [ 20.68784, 38.62474 ], [ 20.68719, 38.61725 ], [ 20.68165, 38.60423 ], [ 20.66481, 38.61091 ], [ 20.64894, 38.60859 ], [ 20.64088, 38.60057 ], [ 20.64763, 38.59003 ], [ 20.64763, 38.58381 ], [ 20.63697, 38.58466 ], [ 20.63087, 38.58832 ], [ 20.62924, 38.59488 ], [ 20.63331, 38.60423 ], [ 20.61362, 38.607 ], [ 20.60231, 38.62678 ], [ 20.58546, 38.61791 ] ] ], [ [ [ 24.66326, 38.82665 ], [ 24.68295, 38.80048 ], [ 24.68287, 38.78425 ], [ 24.67563, 38.78417 ], [ 24.67026, 38.78172 ], [ 24.65748, 38.76923 ], [ 24.65024, 38.76822 ], [ 24.64226, 38.77558 ], [ 24.63543, 38.77558 ], [ 24.62525, 38.76923 ], [ 24.61378, 38.7731 ], [ 24.6045, 38.78254 ], [ 24.60076, 38.79267 ], [ 24.58188, 38.7873 ], [ 24.57, 38.77814 ], [ 24.56666, 38.76252 ], [ 24.5324, 38.79609 ], [ 24.57399, 38.80976 ], [ 24.56381, 38.83857 ], [ 24.55698, 38.84569 ], [ 24.54607, 38.83698 ], [ 24.54038, 38.83698 ], [ 24.53696, 38.84821 ], [ 24.52833, 38.85155 ], [ 24.51686, 38.84955 ], [ 24.50514, 38.84447 ], [ 24.50522, 38.85505 ], [ 24.4826, 38.86278 ], [ 24.47779, 38.878 ], [ 24.47413, 38.87617 ], [ 24.47096, 38.87116 ], [ 24.46339, 38.88028 ], [ 24.4546, 38.88483 ], [ 24.44549, 38.88426 ], [ 24.43621, 38.878 ], [ 24.43483, 38.88813 ], [ 24.43881, 38.89712 ], [ 24.44581, 38.90347 ], [ 24.45395, 38.90595 ], [ 24.46217, 38.91096 ], [ 24.46241, 38.92219 ], [ 24.45729, 38.94009 ], [ 24.45769, 38.95482 ], [ 24.46111, 38.96768 ], [ 24.4712, 38.97687 ], [ 24.49147, 38.98102 ], [ 24.56072, 38.94416 ], [ 24.57399, 38.9326 ], [ 24.57594, 38.92292 ], [ 24.57252, 38.8985 ], [ 24.57399, 38.88544 ], [ 24.57862, 38.87556 ], [ 24.58416, 38.87092 ], [ 24.60076, 38.86433 ], [ 24.64259, 38.8417 ], [ 24.66326, 38.82665 ] ] ], [ [ [ 20.09685, 39.4228 ], [ 20.10572, 39.39252 ], [ 20.11769, 39.378 ], [ 20.11793, 39.371 ], [ 20.10572, 39.36465 ], [ 20.09685, 39.37055 ], [ 20.07203, 39.37629 ], [ 20.04884, 39.38959 ], [ 20.0324, 39.39501 ], [ 19.99928, 39.39936 ], [ 19.99041, 39.40327 ], [ 19.96485, 39.42097 ], [ 19.95484, 39.42609 ], [ 19.92384, 39.42772 ], [ 19.91179, 39.43032 ], [ 19.90748, 39.435 ], [ 19.91489, 39.43391 ], [ 19.92172, 39.43781 ], [ 19.9275, 39.44717 ], [ 19.89275, 39.45596 ], [ 19.87973, 39.46076 ], [ 19.87892, 39.45319 ], [ 19.86557, 39.46857 ], [ 19.85483, 39.48896 ], [ 19.84767, 39.50967 ], [ 19.84083, 39.55199 ], [ 19.82887, 39.57233 ], [ 19.80983, 39.58906 ], [ 19.78419, 39.60419 ], [ 19.761, 39.61298 ], [ 19.74855, 39.62002 ], [ 19.71892, 39.67308 ], [ 19.68971, 39.67414 ], [ 19.68133, 39.68 ], [ 19.67433, 39.69355 ], [ 19.67701, 39.7167 ], [ 19.67172, 39.72407 ], [ 19.65317, 39.71467 ], [ 19.65358, 39.73041 ], [ 19.65016, 39.74177 ], [ 19.64161, 39.74795 ], [ 19.62648, 39.74824 ], [ 19.6364, 39.75642 ], [ 19.66228, 39.78449 ], [ 19.66749, 39.79352 ], [ 19.67693, 39.79515 ], [ 19.7697, 39.79808 ], [ 19.79908, 39.8028 ], [ 19.82496, 39.81147 ], [ 19.85182, 39.82453 ], [ 19.86557, 39.82103 ], [ 19.89283, 39.80341 ], [ 19.91879, 39.79682 ], [ 19.92897, 39.79206 ], [ 19.93434, 39.78295 ], [ 19.94117, 39.78295 ], [ 19.94117, 39.79035 ], [ 19.94801, 39.79035 ], [ 19.9463, 39.75922 ], [ 19.93377, 39.74116 ], [ 19.91293, 39.73045 ], [ 19.85157, 39.71052 ], [ 19.84156, 39.70417 ], [ 19.83595, 39.69245 ], [ 19.83912, 39.67988 ], [ 19.84767, 39.66999 ], [ 19.85865, 39.66625 ], [ 19.85865, 39.65884 ], [ 19.84498, 39.65884 ], [ 19.84498, 39.65266 ], [ 19.90382, 39.62906 ], [ 19.9275, 39.62531 ], [ 19.92351, 39.6035 ], [ 19.91717, 39.59886 ], [ 19.90016, 39.60419 ], [ 19.91188, 39.5834 ], [ 19.93247, 39.47871 ], [ 19.93653, 39.47297 ], [ 19.94801, 39.46699 ], [ 19.96144, 39.46296 ], [ 19.98943, 39.4584 ], [ 20.0027, 39.45401 ], [ 20.02369, 39.44135 ], [ 20.03273, 39.43928 ], [ 20.05047, 39.44033 ], [ 20.06511, 39.44453 ], [ 20.07407, 39.44896 ], [ 20.08188, 39.44733 ], [ 20.09205, 39.43354 ], [ 20.09685, 39.4228 ] ] ], [ [ [ 25.44988, 40.0362 ], [ 25.43678, 40.02253 ], [ 25.43678, 40.0163 ], [ 25.44166, 40.01675 ], [ 25.44272, 40.01504 ], [ 25.44728, 39.99323 ], [ 25.44988, 39.98843 ], [ 25.42652, 39.97822 ], [ 25.40162, 39.96377 ], [ 25.38559, 39.9444 ], [ 25.38893, 39.9195 ], [ 25.37517, 39.91975 ], [ 25.36411, 39.91722 ], [ 25.34799, 39.90644 ], [ 25.36166, 39.89989 ], [ 25.3685, 39.89899 ], [ 25.3532, 39.89265 ], [ 25.34164, 39.88386 ], [ 25.34034, 39.87421 ], [ 25.35548, 39.86555 ], [ 25.34278, 39.85464 ], [ 25.3484, 39.84374 ], [ 25.36069, 39.83356 ], [ 25.3685, 39.82453 ], [ 25.36988, 39.81712 ], [ 25.36402, 39.81599 ], [ 25.35548, 39.81025 ], [ 25.35279, 39.79328 ], [ 25.34897, 39.78767 ], [ 25.3322, 39.79609 ], [ 25.30356, 39.80341 ], [ 25.29526, 39.80768 ], [ 25.29363, 39.82648 ], [ 25.29029, 39.83076 ], [ 25.27312, 39.83568 ], [ 25.2566, 39.8559 ], [ 25.23878, 39.85806 ], [ 25.26173, 39.87043 ], [ 25.27426, 39.88007 ], [ 25.2798, 39.88911 ], [ 25.27516, 39.90363 ], [ 25.26401, 39.91328 ], [ 25.25066, 39.91852 ], [ 25.23878, 39.9195 ], [ 25.19711, 39.89281 ], [ 25.21388, 39.89179 ], [ 25.22511, 39.8854 ], [ 25.20729, 39.88312 ], [ 25.19418, 39.8736 ], [ 25.18458, 39.85981 ], [ 25.17726, 39.84504 ], [ 25.18767, 39.84907 ], [ 25.19093, 39.85187 ], [ 25.20216, 39.84101 ], [ 25.21453, 39.82469 ], [ 25.22104, 39.80996 ], [ 25.21453, 39.80341 ], [ 25.19272, 39.80439 ], [ 25.17506, 39.80703 ], [ 25.14324, 39.81708 ], [ 25.16993, 39.84846 ], [ 25.16489, 39.85908 ], [ 25.15382, 39.85578 ], [ 25.14226, 39.8461 ], [ 25.13575, 39.83759 ], [ 25.12892, 39.83759 ], [ 25.12843, 39.8454 ], [ 25.12208, 39.85806 ], [ 25.06414, 39.84414 ], [ 25.05323, 39.83759 ], [ 25.04705, 39.83759 ], [ 25.05397, 39.84911 ], [ 25.06739, 39.85806 ], [ 25.05454, 39.86396 ], [ 25.04705, 39.86555 ], [ 25.04851, 39.87421 ], [ 25.04705, 39.87857 ], [ 25.05991, 39.8854 ], [ 25.05991, 39.89281 ], [ 25.05323, 39.89281 ], [ 25.05323, 39.89899 ], [ 25.05779, 39.90021 ], [ 25.06739, 39.90644 ], [ 25.05991, 39.90644 ], [ 25.06821, 39.9208 ], [ 25.06398, 39.92951 ], [ 25.05454, 39.93696 ], [ 25.04705, 39.94746 ], [ 25.04607, 39.96162 ], [ 25.04762, 39.97492 ], [ 25.04542, 39.98469 ], [ 25.03338, 39.98843 ], [ 25.03338, 39.99527 ], [ 25.06861, 39.99689 ], [ 25.13233, 40.00886 ], [ 25.14234, 40.00678 ], [ 25.15626, 39.99527 ], [ 25.17189, 39.99698 ], [ 25.22511, 40.00886 ], [ 25.24733, 40.00243 ], [ 25.261, 39.99091 ], [ 25.27231, 39.97639 ], [ 25.28712, 39.96109 ], [ 25.28517, 39.95336 ], [ 25.30698, 39.96003 ], [ 25.33424, 39.97236 ], [ 25.34799, 39.98159 ], [ 25.34799, 39.9903 ], [ 25.36931, 40.01423 ], [ 25.38209, 40.02253 ], [ 25.41285, 40.02253 ], [ 25.42156, 40.02432 ], [ 25.44988, 40.0362 ] ] ], [ [ [ 26.01222, 40.14606 ], [ 25.99024, 40.13691 ], [ 25.96778, 40.13076 ], [ 25.9004, 40.12275 ], [ 25.85629, 40.10786 ], [ 25.76596, 40.09715 ], [ 25.74529, 40.09829 ], [ 25.7212, 40.1048 ], [ 25.70932, 40.10993 ], [ 25.70436, 40.1153 ], [ 25.66326, 40.12617 ], [ 25.66326, 40.13239 ], [ 25.68621, 40.16083 ], [ 25.719, 40.1872 ], [ 25.75904, 40.20673 ], [ 25.82691, 40.21662 ], [ 25.91334, 40.24128 ], [ 25.92595, 40.24282 ], [ 25.93824, 40.24164 ], [ 25.94467, 40.23701 ], [ 25.95004, 40.22964 ], [ 25.95786, 40.22309 ], [ 25.97185, 40.22114 ], [ 25.97185, 40.21434 ], [ 25.9673, 40.19326 ], [ 25.96754, 40.18061 ], [ 25.97185, 40.17276 ], [ 25.96306, 40.15713 ], [ 25.97291, 40.15323 ], [ 25.99098, 40.15746 ], [ 26.00587, 40.16657 ], [ 26.01222, 40.16657 ], [ 26.01222, 40.14606 ] ] ], [ [ [ 25.69532, 40.43268 ], [ 25.68263, 40.42308 ], [ 25.58912, 40.39814 ], [ 25.56715, 40.39989 ], [ 25.53256, 40.41503 ], [ 25.46632, 40.45576 ], [ 25.452, 40.4687 ], [ 25.44353, 40.48188 ], [ 25.46168, 40.48159 ], [ 25.52036, 40.50772 ], [ 25.54664, 40.51533 ], [ 25.57586, 40.51472 ], [ 25.6565, 40.49616 ], [ 25.67189, 40.48749 ], [ 25.68865, 40.475 ], [ 25.69752, 40.461 ], [ 25.69068, 40.4477 ], [ 25.69532, 40.43268 ] ] ], [ [ [ 24.76547, 40.73432 ], [ 24.75929, 40.72337 ], [ 24.76661, 40.71149 ], [ 24.78639, 40.70783 ], [ 24.78639, 40.68793 ], [ 24.7693, 40.68342 ], [ 24.7658, 40.66966 ], [ 24.77263, 40.63947 ], [ 24.7824, 40.62018 ], [ 24.78012, 40.61221 ], [ 24.7732, 40.61148 ], [ 24.75571, 40.61994 ], [ 24.74448, 40.60847 ], [ 24.72682, 40.60318 ], [ 24.69386, 40.59858 ], [ 24.68181, 40.59496 ], [ 24.65748, 40.57738 ], [ 24.64226, 40.57062 ], [ 24.63754, 40.57982 ], [ 24.63063, 40.58706 ], [ 24.615, 40.59858 ], [ 24.60076, 40.59858 ], [ 24.60076, 40.61221 ], [ 24.58676, 40.62202 ], [ 24.58025, 40.62519 ], [ 24.55258, 40.63036 ], [ 24.53077, 40.63093 ], [ 24.51677, 40.63911 ], [ 24.51197, 40.66682 ], [ 24.51832, 40.69269 ], [ 24.53338, 40.71821 ], [ 24.56666, 40.75556 ], [ 24.64226, 40.80394 ], [ 24.67457, 40.79169 ], [ 24.71534, 40.78803 ], [ 24.7317, 40.78351 ], [ 24.74383, 40.75934 ], [ 24.76596, 40.75365 ], [ 24.7754, 40.74877 ], [ 24.78256, 40.74213 ], [ 24.78639, 40.73505 ], [ 24.76547, 40.73432 ] ] ], [ [ [ 10.43605, 42.83812 ], [ 10.43116, 42.82787 ], [ 10.43067, 42.81615 ], [ 10.4367, 42.80443 ], [ 10.43002, 42.78758 ], [ 10.42026, 42.77643 ], [ 10.40691, 42.76899 ], [ 10.38885, 42.7635 ], [ 10.40797, 42.75727 ], [ 10.42514, 42.74079 ], [ 10.43067, 42.72211 ], [ 10.41554, 42.70889 ], [ 10.41098, 42.71796 ], [ 10.39324, 42.71821 ], [ 10.38136, 42.72256 ], [ 10.36427, 42.74982 ], [ 10.35125, 42.75568 ], [ 10.3379, 42.76484 ], [ 10.32504, 42.76484 ], [ 10.31373, 42.74299 ], [ 10.30454, 42.75975 ], [ 10.26539, 42.74457 ], [ 10.24537, 42.75727 ], [ 10.24, 42.74189 ], [ 10.2352, 42.73591 ], [ 10.22967, 42.73542 ], [ 10.14723, 42.73729 ], [ 10.12485, 42.74311 ], [ 10.10678, 42.75739 ], [ 10.10141, 42.784 ], [ 10.11166, 42.80126 ], [ 10.13299, 42.81192 ], [ 10.15821, 42.81729 ], [ 10.17954, 42.81875 ], [ 10.18995, 42.81688 ], [ 10.22438, 42.80443 ], [ 10.2422, 42.80317 ], [ 10.26588, 42.80443 ], [ 10.26433, 42.81045 ], [ 10.25904, 42.81192 ], [ 10.27215, 42.81875 ], [ 10.27215, 42.82734 ], [ 10.28932, 42.82563 ], [ 10.32683, 42.82624 ], [ 10.32211, 42.81171 ], [ 10.33277, 42.80598 ], [ 10.34734, 42.80585 ], [ 10.35467, 42.80817 ], [ 10.35808, 42.81753 ], [ 10.38136, 42.83242 ], [ 10.3921, 42.85798 ], [ 10.39991, 42.86884 ], [ 10.41236, 42.87336 ], [ 10.42205, 42.87084 ], [ 10.431, 42.86445 ], [ 10.43849, 42.85545 ], [ 10.44337, 42.84545 ], [ 10.43605, 42.83812 ] ] ], [ [ [ 17.14869, 42.95258 ], [ 17.16432, 42.94147 ], [ 17.20021, 42.92178 ], [ 17.19337, 42.91429 ], [ 17.17433, 42.92202 ], [ 17.15309, 42.92113 ], [ 17.10743, 42.91429 ], [ 17.01531, 42.92862 ], [ 16.97291, 42.9267 ], [ 16.89869, 42.90583 ], [ 16.85141, 42.9007 ], [ 16.73976, 42.91718 ], [ 16.69142, 42.92821 ], [ 16.67286, 42.92674 ], [ 16.67262, 42.92178 ], [ 16.65545, 42.92626 ], [ 16.63844, 42.93476 ], [ 16.7068, 42.9621 ], [ 16.7068, 42.96955 ], [ 16.68775, 42.97394 ], [ 16.64829, 42.97777 ], [ 16.63168, 42.98261 ], [ 16.65268, 42.99238 ], [ 16.67482, 42.99291 ], [ 16.69752, 42.99018 ], [ 16.72047, 42.99006 ], [ 16.74138, 42.98062 ], [ 16.76857, 42.97224 ], [ 16.82407, 42.9621 ], [ 16.87867, 42.9621 ], [ 16.89259, 42.96532 ], [ 16.91554, 42.97451 ], [ 17.03207, 42.98261 ], [ 17.11109, 42.9643 ], [ 17.13185, 42.96955 ], [ 17.14869, 42.95258 ] ] ], [ [ [ 16.67018, 43.12547 ], [ 16.55983, 43.14297 ], [ 16.47535, 43.16649 ], [ 16.44516, 43.1708 ], [ 16.42726, 43.17988 ], [ 16.41603, 43.18183 ], [ 16.37159, 43.1955 ], [ 16.37582, 43.19994 ], [ 16.38038, 43.20197 ], [ 16.39145, 43.20234 ], [ 16.40398, 43.19717 ], [ 16.41529, 43.19847 ], [ 16.43979, 43.20978 ], [ 16.44606, 43.20234 ], [ 16.4603, 43.21597 ], [ 16.4603, 43.20978 ], [ 16.49643, 43.21809 ], [ 16.52703, 43.20429 ], [ 16.55494, 43.18793 ], [ 16.58326, 43.18867 ], [ 16.55592, 43.20978 ], [ 16.52931, 43.22163 ], [ 16.52052, 43.22899 ], [ 16.535, 43.22773 ], [ 16.56275, 43.22899 ], [ 16.58326, 43.21597 ], [ 16.58709, 43.21625 ], [ 16.59693, 43.22175 ], [ 16.60377, 43.22346 ], [ 16.61638, 43.22354 ], [ 16.64601, 43.21992 ], [ 16.65952, 43.21597 ], [ 16.66627, 43.21084 ], [ 16.68067, 43.19477 ], [ 16.69313, 43.18867 ], [ 16.69361, 43.18403 ], [ 16.68629, 43.18183 ], [ 16.70582, 43.1708 ], [ 16.72771, 43.16462 ], [ 16.75123, 43.16193 ], [ 16.84816, 43.16234 ], [ 16.86443, 43.16885 ], [ 16.87843, 43.15884 ], [ 16.89674, 43.15477 ], [ 16.95875, 43.15241 ], [ 17.01857, 43.14086 ], [ 17.10987, 43.14378 ], [ 17.15528, 43.14033 ], [ 17.19337, 43.12726 ], [ 16.69313, 43.12726 ], [ 16.67018, 43.12547 ] ] ], [ [ [ 16.42189, 43.31757 ], [ 16.40577, 43.33271 ], [ 16.41944, 43.32518 ], [ 16.42628, 43.32518 ], [ 16.42677, 43.33149 ], [ 16.43979, 43.33271 ], [ 16.43426, 43.33991 ], [ 16.43491, 43.34642 ], [ 16.44166, 43.35122 ], [ 16.45346, 43.35318 ], [ 16.43971, 43.37092 ], [ 16.42628, 43.39411 ], [ 16.44703, 43.39484 ], [ 16.49391, 43.38231 ], [ 16.68767, 43.37702 ], [ 16.80983, 43.35318 ], [ 16.80983, 43.34638 ], [ 16.79615, 43.34638 ], [ 16.81625, 43.34024 ], [ 16.82423, 43.34101 ], [ 16.83033, 43.34638 ], [ 16.83937, 43.34089 ], [ 16.85816, 43.32518 ], [ 16.86899, 43.32258 ], [ 16.8777, 43.32343 ], [ 16.8851, 43.32197 ], [ 16.89234, 43.3122 ], [ 16.87957, 43.29393 ], [ 16.87233, 43.28799 ], [ 16.86443, 43.29169 ], [ 16.8462, 43.27338 ], [ 16.81316, 43.26777 ], [ 16.62827, 43.26374 ], [ 16.56398, 43.27009 ], [ 16.50074, 43.28425 ], [ 16.42189, 43.31757 ] ] ], [ [ [ 15.21681, 43.91279 ], [ 15.22023, 43.90119 ], [ 15.19549, 43.89521 ], [ 15.14552, 43.9239 ], [ 15.13331, 43.92121 ], [ 15.13771, 43.91787 ], [ 15.14454, 43.90811 ], [ 15.17555, 43.89094 ], [ 15.18344, 43.88695 ], [ 15.19679, 43.88638 ], [ 15.19907, 43.87763 ], [ 15.19451, 43.87263 ], [ 15.18458, 43.8771 ], [ 15.17237, 43.88752 ], [ 15.13649, 43.90302 ], [ 15.12135, 43.91258 ], [ 15.10662, 43.92544 ], [ 15.06691, 43.96955 ], [ 15.04282, 43.99042 ], [ 15.0031, 44.05231 ], [ 14.99526, 44.0578 ], [ 15.02708, 44.0578 ], [ 15.02784, 44.04865 ], [ 15.03191, 44.03636 ], [ 15.04135, 44.02643 ], [ 15.08823, 43.98965 ], [ 15.09913, 43.98509 ], [ 15.11378, 43.98379 ], [ 15.14454, 43.94965 ], [ 15.21681, 43.91279 ] ] ] ] } },
{ "type": "Feature", "properties": { "kind": "land" }, "geometry": { "type": "MultiPolygon", "coordinates": [ [ [ [ 10.96412, 34.65668 ], [ 10.98715, 34.67178 ], [ 11.10133, 34.67097 ], [ 11.11084, 34.65951 ], [ 11.09589, 34.64698 ], [ 11.05571, 34.62096 ], [ 11.0365, 34.62431 ], [ 10.9835, 34.64592 ], [ 10.96412, 34.65668 ] ] ], [ [ [ 24.12233, 34.8465 ], [ 24.12143, 34.83613 ], [ 24.12574, 34.82689 ], [ 24.13526, 34.82176 ], [ 24.13526, 34.81501 ], [ 24.10857, 34.81656 ], [ 24.08611, 34.82632 ], [ 24.0464, 34.84907 ], [ 24.0464, 34.85529 ], [ 24.05787, 34.85541 ], [ 24.06691, 34.85847 ], [ 24.08058, 34.86896 ], [ 24.09311, 34.86953 ], [ 24.12843, 34.86274 ], [ 24.12843, 34.85529 ], [ 24.12233, 34.8465 ] ] ], [ [ [ 23.29591, 35.88597 ], [ 23.31577, 35.87954 ], [ 23.33074, 35.86494 ], [ 23.33326, 35.82917 ], [ 23.32643, 35.82917 ], [ 23.32057, 35.83853 ], [ 23.29566, 35.85956 ], [ 23.28736, 35.87055 ], [ 23.28094, 35.88247 ], [ 23.27174, 35.90424 ], [ 23.27605, 35.90469 ], [ 23.27801, 35.89745 ], [ 23.29591, 35.88597 ] ] ], [ [ [ 25.74952, 36.38768 ], [ 25.76783, 36.4016 ], [ 25.80299, 36.38959 ], [ 25.83546, 36.36616 ], [ 25.85515, 36.36359 ], [ 25.84685, 36.35029 ], [ 25.83806, 36.35179 ], [ 25.82846, 36.3592 ], [ 25.81764, 36.36359 ], [ 25.80177, 36.36123 ], [ 25.78981, 36.35659 ], [ 25.77687, 36.35383 ], [ 25.74643, 36.35798 ], [ 25.74334, 36.35883 ], [ 25.73683, 36.36616 ], [ 25.73243, 36.37303 ], [ 25.73024, 36.38011 ], [ 25.73561, 36.38345 ], [ 25.74952, 36.38768 ] ] ], [ [ [ 24.94793, 36.62434 ], [ 24.96372, 36.60253 ], [ 24.96372, 36.59634 ], [ 24.938, 36.59772 ], [ 24.92286, 36.60228 ], [ 24.89552, 36.62425 ], [ 24.87941, 36.6328 ], [ 24.86345, 36.63817 ], [ 24.84978, 36.64692 ], [ 24.84083, 36.66523 ], [ 24.86817, 36.66523 ], [ 24.94793, 36.62434 ] ] ], [ [ [ 25.1858, 36.71914 ], [ 25.18312, 36.71638 ], [ 25.18344, 36.7062 ], [ 25.12957, 36.66035 ], [ 25.09311, 36.63662 ], [ 25.06739, 36.63788 ], [ 25.10467, 36.69937 ], [ 25.11647, 36.70258 ], [ 25.1364, 36.7167 ], [ 25.14625, 36.71988 ], [ 25.1858, 36.71914 ] ] ], [ [ [ 21.78004, 36.7475 ], [ 21.78159, 36.7364 ], [ 21.77801, 36.72036 ], [ 21.77784, 36.69937 ], [ 21.76808, 36.70808 ], [ 21.76417, 36.71988 ], [ 21.7505, 36.71239 ], [ 21.75953, 36.7519 ], [ 21.76417, 36.75397 ], [ 21.78004, 36.7475 ] ] ], [ [ [ 24.65626, 36.7829 ], [ 24.66578, 36.77464 ], [ 24.66774, 36.76398 ], [ 24.65935, 36.75056 ], [ 24.64479, 36.74726 ], [ 24.62973, 36.75755 ], [ 24.60816, 36.78132 ], [ 24.62184, 36.79499 ], [ 24.63868, 36.79462 ], [ 24.64381, 36.79295 ], [ 24.64226, 36.78876 ], [ 24.65626, 36.7829 ] ] ], [ [ [ 21.69695, 36.77582 ], [ 21.70086, 36.79108 ], [ 21.70948, 36.80174 ], [ 21.72283, 36.79462 ], [ 21.72934, 36.79499 ], [ 21.72934, 36.78876 ], [ 21.71632, 36.78132 ], [ 21.71656, 36.77094 ], [ 21.70232, 36.75194 ], [ 21.69581, 36.74038 ], [ 21.69695, 36.77582 ] ] ], [ [ [ 24.60816, 36.82909 ], [ 24.60043, 36.82209 ], [ 24.57276, 36.78193 ], [ 24.55641, 36.78034 ], [ 24.53981, 36.78449 ], [ 24.5324, 36.7919 ], [ 24.52955, 36.80366 ], [ 24.5241, 36.81049 ], [ 24.52117, 36.81737 ], [ 24.52613, 36.82909 ], [ 24.53419, 36.83613 ], [ 24.54721, 36.84247 ], [ 24.56178, 36.84565 ], [ 24.57399, 36.84276 ], [ 24.58595, 36.83649 ], [ 24.59246, 36.83747 ], [ 24.60076, 36.84276 ], [ 24.60304, 36.8369 ], [ 24.60816, 36.83592 ], [ 24.60816, 36.82909 ] ] ], [ [ [ 25.43035, 36.84406 ], [ 25.44695, 36.85741 ], [ 25.47096, 36.87067 ], [ 25.47836, 36.87067 ], [ 25.47096, 36.86323 ], [ 25.47641, 36.8627 ], [ 25.47853, 36.86001 ], [ 25.47779, 36.83515 ], [ 25.45786, 36.82486 ], [ 25.43442, 36.82266 ], [ 25.42311, 36.83251 ], [ 25.43035, 36.84406 ] ] ], [ [ [ 25.61459, 36.89374 ], [ 25.63746, 36.90323 ], [ 25.64967, 36.91161 ], [ 25.65943, 36.90746 ], [ 25.68442, 36.89118 ], [ 25.674, 36.87946 ], [ 25.65463, 36.87889 ], [ 25.6316, 36.88264 ], [ 25.60865, 36.88373 ], [ 25.61459, 36.89374 ] ] ], [ [ [ 25.06666, 36.95515 ], [ 25.04705, 36.96922 ], [ 25.03053, 36.98896 ], [ 25.02589, 37.00788 ], [ 25.03549, 37.02192 ], [ 25.05323, 37.03437 ], [ 25.07276, 37.04218 ], [ 25.0879, 37.04198 ], [ 25.06959, 36.98957 ], [ 25.05991, 36.97309 ], [ 25.07195, 36.96385 ], [ 25.08107, 36.95262 ], [ 25.06666, 36.95515 ] ] ], [ [ [ 25.80543, 37.09919 ], [ 25.80055, 37.09593 ], [ 25.78053, 37.12397 ], [ 25.79737, 37.12324 ], [ 25.80983, 37.1269 ], [ 25.83465, 37.1376 ], [ 25.82838, 37.12397 ], [ 25.83717, 37.11367 ], [ 25.84205, 37.1103 ], [ 25.83676, 37.10236 ], [ 25.82911, 37.09732 ], [ 25.8191, 37.09691 ], [ 25.80738, 37.10342 ], [ 25.80543, 37.09919 ] ] ], [ [ [ 23.12843, 37.2884 ], [ 23.15105, 37.2768 ], [ 23.15846, 37.27139 ], [ 23.16245, 37.26435 ], [ 23.16472, 37.25381 ], [ 23.16236, 37.24421 ], [ 23.15203, 37.23998 ], [ 23.13103, 37.24372 ], [ 23.11899, 37.25283 ], [ 23.10914, 37.26415 ], [ 23.09441, 37.27473 ], [ 23.10141, 37.28095 ], [ 23.10955, 37.28535 ], [ 23.1185, 37.28779 ], [ 23.12843, 37.2884 ] ] ], [ [ [ 23.48178, 37.55646 ], [ 23.48414, 37.54906 ], [ 23.49204, 37.53913 ], [ 23.50082, 37.53262 ], [ 23.51157, 37.52904 ], [ 23.52565, 37.52802 ], [ 23.52565, 37.5218 ], [ 23.50636, 37.51284 ], [ 23.48121, 37.50959 ], [ 23.4559, 37.51252 ], [ 23.43629, 37.5218 ], [ 23.43629, 37.52802 ], [ 23.46461, 37.53376 ], [ 23.47543, 37.54084 ], [ 23.47731, 37.55589 ], [ 23.48178, 37.55646 ] ] ], [ [ [ 12.28696, 37.93854 ], [ 12.30543, 37.94497 ], [ 12.31422, 37.94636 ], [ 12.3213, 37.9405 ], [ 12.33676, 37.93305 ], [ 12.35467, 37.92699 ], [ 12.36883, 37.92524 ], [ 12.35768, 37.91405 ], [ 12.34213, 37.91323 ], [ 12.32618, 37.91836 ], [ 12.31422, 37.92524 ], [ 12.29965, 37.91926 ], [ 12.28777, 37.92154 ], [ 12.27866, 37.92919 ], [ 12.2732, 37.93952 ], [ 12.28696, 37.93854 ] ] ], [ [ [ 14.96632, 38.41869 ], [ 14.98243, 38.41242 ], [ 14.99366, 38.40302 ], [ 15.00172, 38.39126 ], [ 15.00733, 38.37767 ], [ 14.98683, 38.36408 ], [ 14.96355, 38.38166 ], [ 14.94825, 38.39643 ], [ 14.94532, 38.41226 ], [ 14.95883, 38.43293 ], [ 14.96632, 38.43293 ], [ 14.96632, 38.41869 ] ] ], [ [ [ 14.89942, 38.48168 ], [ 14.90065, 38.49868 ], [ 14.90968, 38.51533 ], [ 14.92482, 38.52237 ], [ 14.95786, 38.52204 ], [ 14.96608, 38.51626 ], [ 14.95883, 38.50186 ], [ 14.97934, 38.48753 ], [ 14.97934, 38.48139 ], [ 14.95265, 38.48139 ], [ 14.95786, 38.46955 ], [ 14.96632, 38.46088 ], [ 14.96632, 38.45344 ], [ 14.94874, 38.45091 ], [ 14.93458, 38.45864 ], [ 14.92156, 38.46882 ], [ 14.90773, 38.47394 ], [ 14.89942, 38.48168 ] ] ], [ [ [ 14.86166, 38.53929 ], [ 14.82399, 38.55183 ], [ 14.79379, 38.5716 ], [ 14.81495, 38.58381 ], [ 14.85141, 38.58491 ], [ 14.86695, 38.58112 ], [ 14.87696, 38.56953 ], [ 14.86891, 38.56049 ], [ 14.86329, 38.54902 ], [ 14.86166, 38.53929 ] ] ], [ [ [ 20.91928, 38.57909 ], [ 20.90935, 38.56293 ], [ 20.90756, 38.54902 ], [ 20.89389, 38.54902 ], [ 20.89389, 38.55646 ], [ 20.93214, 38.60301 ], [ 20.94109, 38.60423 ], [ 20.91928, 38.57909 ] ] ], [ [ [ 25.59523, 38.60395 ], [ 25.62233, 38.58381 ], [ 25.62281, 38.57909 ], [ 25.61492, 38.57697 ], [ 25.60499, 38.53535 ], [ 25.57154, 38.54125 ], [ 25.5608, 38.53535 ], [ 25.55738, 38.54462 ], [ 25.56186, 38.55687 ], [ 25.5608, 38.5633 ], [ 25.54526, 38.57697 ], [ 25.54038, 38.58381 ], [ 25.52817, 38.59174 ], [ 25.5232, 38.5974 ], [ 25.52613, 38.60423 ], [ 25.53297, 38.60688 ], [ 25.53924, 38.60464 ], [ 25.54664, 38.5974 ], [ 25.55258, 38.6044 ], [ 25.56007, 38.60932 ], [ 25.56788, 38.61001 ], [ 25.57455, 38.60423 ], [ 25.58082, 38.60423 ], [ 25.58082, 38.61172 ], [ 25.58888, 38.61172 ], [ 25.59523, 38.60395 ] ] ], [ [ [ 23.4253, 39.14867 ], [ 23.40431, 39.14912 ], [ 23.39527, 39.14614 ], [ 23.39869, 39.16364 ], [ 23.41066, 39.17036 ], [ 23.42351, 39.17243 ], [ 23.42945, 39.17621 ], [ 23.43385, 39.18696 ], [ 23.44467, 39.19847 ], [ 23.45818, 39.20832 ], [ 23.47047, 39.21381 ], [ 23.48683, 39.20612 ], [ 23.50375, 39.19428 ], [ 23.51287, 39.17853 ], [ 23.50514, 39.15913 ], [ 23.48902, 39.16877 ], [ 23.47511, 39.15778 ], [ 23.46046, 39.13182 ], [ 23.45289, 39.13345 ], [ 23.44459, 39.14204 ], [ 23.43629, 39.14614 ], [ 23.4253, 39.14867 ] ] ], [ [ [ 20.15561, 39.2285 ], [ 20.17335, 39.21723 ], [ 20.19011, 39.20262 ], [ 20.20191, 39.17963 ], [ 20.18149, 39.18016 ], [ 20.16871, 39.18281 ], [ 20.1587, 39.18915 ], [ 20.13844, 39.2093 ], [ 20.1281, 39.22313 ], [ 20.12534, 39.23603 ], [ 20.14039, 39.24169 ], [ 20.15561, 39.2285 ] ] ], [ [ [ 25.04737, 39.54536 ], [ 25.04038, 39.52058 ], [ 24.99171, 39.46699 ], [ 24.98487, 39.46699 ], [ 24.97364, 39.51463 ], [ 24.97657, 39.53767 ], [ 24.99789, 39.5502 ], [ 24.99448, 39.55817 ], [ 24.99676, 39.56196 ], [ 25.00318, 39.56322 ], [ 25.01222, 39.56387 ], [ 25.04737, 39.54536 ] ] ], [ [ [ 26.07716, 39.84467 ], [ 26.08302, 39.83495 ], [ 26.08172, 39.79999 ], [ 26.07496, 39.7849 ], [ 26.05909, 39.78608 ], [ 26.02654, 39.80341 ], [ 25.99708, 39.81415 ], [ 25.98365, 39.82209 ], [ 25.97804, 39.83417 ], [ 25.98601, 39.84223 ], [ 26.00424, 39.8452 ], [ 26.05112, 39.84406 ], [ 26.05551, 39.84272 ], [ 26.06056, 39.83759 ], [ 26.07716, 39.84467 ] ] ], [ [ [ 10.91346, 42.37524 ], [ 10.92731, 42.3533 ], [ 10.92956, 42.34056 ], [ 10.93976, 42.33066 ], [ 10.92333, 42.31873 ], [ 10.90895, 42.32526 ], [ 10.8717, 42.35405 ], [ 10.86183, 42.36628 ], [ 10.87637, 42.37444 ], [ 10.87582, 42.38679 ], [ 10.88299, 42.39216 ], [ 10.89584, 42.3867 ], [ 10.91346, 42.37524 ] ] ], [ [ [ 16.92107, 42.77717 ], [ 16.93393, 42.77094 ], [ 16.93637, 42.75552 ], [ 16.92465, 42.7414 ], [ 16.90545, 42.73176 ], [ 16.88494, 42.7294 ], [ 16.88217, 42.7364 ], [ 16.85816, 42.74299 ], [ 16.84767, 42.73359 ], [ 16.83432, 42.73094 ], [ 16.82081, 42.73607 ], [ 16.80983, 42.74982 ], [ 16.82228, 42.75511 ], [ 16.82407, 42.76406 ], [ 16.81886, 42.76935 ], [ 16.80983, 42.7635 ], [ 16.80299, 42.7635 ], [ 16.81023, 42.77534 ], [ 16.82814, 42.78095 ], [ 16.85816, 42.784 ], [ 16.92107, 42.77717 ] ] ], [ [ [ 15.74041, 43.62751 ], [ 15.68133, 43.64033 ], [ 15.67205, 43.63744 ], [ 15.6631, 43.6457 ], [ 15.61964, 43.66893 ], [ 15.60377, 43.67471 ], [ 15.61134, 43.68211 ], [ 15.61549, 43.67699 ], [ 15.61964, 43.67544 ], [ 15.65016, 43.67304 ], [ 15.66163, 43.66547 ], [ 15.66969, 43.65575 ], [ 15.67888, 43.64802 ], [ 15.74041, 43.62751 ] ] ], [ [ [ 15.26637, 43.857 ], [ 15.34246, 43.81184 ], [ 15.36736, 43.79011 ], [ 15.39568, 43.77241 ], [ 15.38697, 43.77684 ], [ 15.32797, 43.79633 ], [ 15.30893, 43.80561 ], [ 15.28842, 43.82551 ], [ 15.26124, 43.83979 ], [ 15.24789, 43.84903 ], [ 15.23341, 43.86221 ], [ 15.22779, 43.87446 ], [ 15.24073, 43.88076 ], [ 15.26124, 43.86709 ], [ 15.26637, 43.857 ] ] ], [ [ [ 12.86704, 35.87226 ], [ 12.87403, 35.86644 ], [ 12.87672, 35.85586 ], [ 12.87257, 35.85228 ], [ 12.85694, 35.85228 ], [ 12.85092, 35.8559 ], [ 12.84588, 35.8627 ], [ 12.84702, 35.86831 ], [ 12.85353, 35.87124 ], [ 12.86704, 35.87226 ] ] ], [ [ [ 23.88429, 36.84357 ], [ 23.88901, 36.8343 ], [ 23.88429, 36.83234 ], [ 23.87696, 36.83649 ], [ 23.87672, 36.8437 ], [ 23.88429, 36.84357 ] ] ], [ [ [ 23.4642, 36.91706 ], [ 23.4673, 36.9064 ], [ 23.46388, 36.904 ], [ 23.45777, 36.90644 ], [ 23.4546, 36.91519 ], [ 23.45248, 36.91645 ], [ 23.45314, 36.92137 ], [ 23.44972, 36.92914 ], [ 23.45607, 36.9278 ], [ 23.45965, 36.92137 ], [ 23.4642, 36.91706 ] ] ], [ [ [ 14.34278, 38.54727 ], [ 14.35719, 38.55121 ], [ 14.36085, 38.53905 ], [ 14.34645, 38.53514 ], [ 14.34278, 38.54727 ] ] ], [ [ [ 14.5796, 38.56615 ], [ 14.58522, 38.56098 ], [ 14.58546, 38.55744 ], [ 14.57358, 38.55655 ], [ 14.55161, 38.56159 ], [ 14.54371, 38.57453 ], [ 14.54249, 38.58686 ], [ 14.54623, 38.58796 ], [ 14.56398, 38.58454 ], [ 14.57602, 38.57665 ], [ 14.5796, 38.56615 ] ] ], [ [ [ 13.18572, 38.71752 ], [ 13.19597, 38.71149 ], [ 13.19744, 38.70832 ], [ 13.17677, 38.69302 ], [ 13.16521, 38.69107 ], [ 13.15349, 38.69477 ], [ 13.15309, 38.7023 ], [ 13.15789, 38.70987 ], [ 13.16928, 38.71727 ], [ 13.18572, 38.71752 ] ] ], [ [ [ 15.23463, 38.80781 ], [ 15.23927, 38.80402 ], [ 15.23748, 38.79597 ], [ 15.22462, 38.7768 ], [ 15.21746, 38.77302 ], [ 15.20607, 38.77521 ], [ 15.18702, 38.78901 ], [ 15.18702, 38.79271 ], [ 15.1941, 38.79808 ], [ 15.20362, 38.80158 ], [ 15.21209, 38.81045 ], [ 15.2186, 38.81196 ], [ 15.23463, 38.80781 ] ] ], [ [ [ 13.42416, 40.80024 ], [ 13.43198, 40.80146 ], [ 13.42693, 40.79084 ], [ 13.41472, 40.78587 ], [ 13.41896, 40.7956 ], [ 13.42416, 40.80024 ] ] ], [ [ [ 12.62127, 35.50825 ], [ 12.62387, 35.50161 ], [ 12.62127, 35.49234 ], [ 12.61109, 35.48924 ], [ 12.52613, 35.51667 ], [ 12.53386, 35.52163 ], [ 12.55567, 35.52123 ], [ 12.56691, 35.51903 ], [ 12.6128, 35.51533 ], [ 12.62371, 35.51191 ], [ 12.62127, 35.50825 ] ] ], [ [ [ 27.61647, 36.24262 ], [ 27.61899, 36.23794 ], [ 27.61866, 36.22809 ], [ 27.61443, 36.21967 ], [ 27.61012, 36.2165 ], [ 27.60239, 36.21695 ], [ 27.58286, 36.21255 ], [ 27.56853, 36.21516 ], [ 27.55055, 36.21589 ], [ 27.5315, 36.21174 ], [ 27.51889, 36.21686 ], [ 27.51743, 36.2309 ], [ 27.52654, 36.24006 ], [ 27.54868, 36.24409 ], [ 27.56568, 36.24494 ], [ 27.61647, 36.24262 ] ] ], [ [ [ 27.19467, 36.60692 ], [ 27.20607, 36.5871 ], [ 27.19801, 36.5683 ], [ 27.17457, 36.56053 ], [ 27.16139, 36.56037 ], [ 27.14015, 36.56322 ], [ 27.12973, 36.56953 ], [ 27.12615, 36.58006 ], [ 27.13722, 36.60008 ], [ 27.16676, 36.61506 ], [ 27.1858, 36.61567 ], [ 27.19467, 36.60692 ] ] ], [ [ [ 26.60369, 37.34943 ], [ 26.60613, 37.33954 ], [ 26.60084, 37.33735 ], [ 26.58872, 37.34479 ], [ 26.57244, 37.34715 ], [ 26.56373, 37.3417 ], [ 26.55844, 37.32974 ], [ 26.5547, 37.32713 ], [ 26.54884, 37.32656 ], [ 26.5652, 37.30842 ], [ 26.56772, 37.27464 ], [ 26.5573, 37.27123 ], [ 26.5464, 37.27717 ], [ 26.54737, 37.28364 ], [ 26.54477, 37.2884 ], [ 26.53273, 37.29173 ], [ 26.52858, 37.30073 ], [ 26.53386, 37.32514 ], [ 26.53736, 37.33149 ], [ 26.53883, 37.33812 ], [ 26.5337, 37.36066 ], [ 26.53639, 37.37271 ], [ 26.55641, 37.37206 ], [ 26.56861, 37.37442 ], [ 26.58058, 37.3701 ], [ 26.59034, 37.36445 ], [ 26.59669, 37.3592 ], [ 26.60369, 37.34943 ] ] ], [ [ [ 24.7378, 37.60786 ], [ 24.74122, 37.59569 ], [ 24.71811, 37.59357 ], [ 24.67237, 37.60049 ], [ 24.65968, 37.60688 ], [ 24.67791, 37.60944 ], [ 24.69402, 37.61518 ], [ 24.70387, 37.6247 ], [ 24.71608, 37.63105 ], [ 24.73292, 37.63207 ], [ 24.74106, 37.62592 ], [ 24.7378, 37.60786 ] ] ], [ [ [ 12.07789, 37.96011 ], [ 12.07927, 37.95026 ], [ 12.06479, 37.95083 ], [ 12.04762, 37.96076 ], [ 12.03045, 37.98436 ], [ 12.03598, 37.99103 ], [ 12.05356, 37.99242 ], [ 12.06446, 37.98623 ], [ 12.07228, 37.96792 ], [ 12.07789, 37.96011 ] ] ], [ [ [ 20.95167, 38.64924 ], [ 20.95289, 38.63886 ], [ 20.94166, 38.62739 ], [ 20.92905, 38.61933 ], [ 20.89812, 38.60602 ], [ 20.88697, 38.59634 ], [ 20.87867, 38.58442 ], [ 20.87062, 38.58251 ], [ 20.86736, 38.59223 ], [ 20.87013, 38.6035 ], [ 20.88836, 38.62897 ], [ 20.90382, 38.64277 ], [ 20.9214, 38.6481 ], [ 20.94516, 38.65249 ], [ 20.95167, 38.64924 ] ] ], [ [ [ 20.80502, 38.66568 ], [ 20.80535, 38.66193 ], [ 20.80193, 38.65668 ], [ 20.78858, 38.64472 ], [ 20.76287, 38.63911 ], [ 20.75961, 38.62739 ], [ 20.7907, 38.60521 ], [ 20.80006, 38.59545 ], [ 20.78712, 38.5998 ], [ 20.75172, 38.62604 ], [ 20.73699, 38.65217 ], [ 20.74643, 38.66348 ], [ 20.76197, 38.66608 ], [ 20.78305, 38.67499 ], [ 20.79274, 38.66865 ], [ 20.79762, 38.66999 ], [ 20.79982, 38.66877 ], [ 20.79884, 38.66572 ], [ 20.80502, 38.66568 ] ] ], [ [ [ 24.09059, 39.34903 ], [ 24.09474, 39.34553 ], [ 24.094, 39.33002 ], [ 24.08188, 39.30475 ], [ 24.06316, 39.29702 ], [ 24.05372, 39.30524 ], [ 24.0547, 39.3122 ], [ 24.05942, 39.31444 ], [ 24.056, 39.31892 ], [ 24.04575, 39.32331 ], [ 24.04151, 39.33051 ], [ 24.04493, 39.3415 ], [ 24.05079, 39.352 ], [ 24.0586, 39.36127 ], [ 24.06715, 39.36302 ], [ 24.06983, 39.34569 ], [ 24.08131, 39.35236 ], [ 24.09059, 39.34903 ] ] ], [ [ [ 27.65309, 40.46039 ], [ 27.65699, 40.45751 ], [ 27.65659, 40.44945 ], [ 27.64568, 40.44782 ], [ 27.63152, 40.45376 ], [ 27.59636, 40.45799 ], [ 27.58204, 40.46552 ], [ 27.57993, 40.47655 ], [ 27.59083, 40.48387 ], [ 27.59913, 40.49653 ], [ 27.60727, 40.50544 ], [ 27.64047, 40.49413 ], [ 27.6421, 40.48725 ], [ 27.63673, 40.47834 ], [ 27.6351, 40.46678 ], [ 27.64519, 40.45987 ], [ 27.65309, 40.46039 ] ] ], [ [ [ 10.30641, 42.35155 ], [ 10.31593, 42.34077 ], [ 10.31324, 42.32392 ], [ 10.29444, 42.32803 ], [ 10.29705, 42.34488 ], [ 10.30641, 42.35155 ] ] ], [ [ [ 10.09164, 42.59577 ], [ 10.09791, 42.58796 ], [ 10.09791, 42.58389 ], [ 10.09539, 42.57697 ], [ 10.08579, 42.57246 ], [ 10.07179, 42.57274 ], [ 10.0586, 42.576 ], [ 10.0503, 42.58194 ], [ 10.05258, 42.58902 ], [ 10.06275, 42.59203 ], [ 10.0726, 42.60041 ], [ 10.07944, 42.61392 ], [ 10.08432, 42.61469 ], [ 10.09164, 42.59577 ] ] ], [ [ [ 16.31031, 43.50776 ], [ 16.37525, 43.49018 ], [ 16.37078, 43.48432 ], [ 16.33334, 43.48139 ], [ 16.28199, 43.48794 ], [ 16.26734, 43.48688 ], [ 16.2588, 43.48355 ], [ 16.24643, 43.48143 ], [ 16.23064, 43.48322 ], [ 16.21827, 43.48631 ], [ 16.21144, 43.49006 ], [ 16.21176, 43.49555 ], [ 16.21892, 43.49775 ], [ 16.2435, 43.49494 ], [ 16.25221, 43.49995 ], [ 16.24806, 43.50829 ], [ 16.26441, 43.51288 ], [ 16.31031, 43.50776 ] ] ] ] } },
{ "type": "Feature", "properties": { "kind": "land" }, "geometry": { "type": "MultiPolygon", "coordinates": [ [ [ [ 11.27485, 34.77038 ], [ 11.28053, 34.76288 ], [ 11.3048, 34.74229 ], [ 11.29704, 34.72869 ], [ 11.19966, 34.69472 ], [ 11.1491, 34.66929 ], [ 11.13075, 34.66329 ], [ 11.12231, 34.68043 ], [ 11.13616, 34.69389 ], [ 11.15269, 34.70688 ], [ 11.17065, 34.72859 ], [ 11.17312, 34.74243 ], [ 11.17302, 34.758 ], [ 11.18095, 34.76178 ], [ 11.18312, 34.75218 ], [ 11.19819, 34.74402 ], [ 11.22211, 34.74765 ], [ 11.2243, 34.77006 ], [ 11.2175, 34.78162 ], [ 11.22525, 34.79522 ], [ 11.23712, 34.80419 ], [ 11.25427, 34.82582 ], [ 11.27076, 34.81786 ], [ 11.29948, 34.81418 ], [ 11.30417, 34.80529 ], [ 11.27809, 34.79767 ], [ 11.26824, 34.78535 ], [ 11.2658, 34.77338 ], [ 11.27485, 34.77038 ] ] ], [ [ [ 14.28256, 36.06786 ], [ 14.31479, 36.05109 ], [ 14.33424, 36.03437 ], [ 14.32203, 36.02717 ], [ 14.30445, 36.0266 ], [ 14.2776, 36.01667 ], [ 14.26002, 36.0135 ], [ 14.24147, 36.01463 ], [ 14.22088, 36.01919 ], [ 14.20118, 36.02607 ], [ 14.18491, 36.03461 ], [ 14.188, 36.0454 ], [ 14.18434, 36.0563 ], [ 14.1836, 36.06476 ], [ 14.19549, 36.0681 ], [ 14.2566, 36.07559 ], [ 14.28256, 36.06786 ] ] ], [ [ [ 25.41798, 36.4704 ], [ 25.4524, 36.45026 ], [ 25.47918, 36.42438 ], [ 25.49138, 36.39769 ], [ 25.48927, 36.37783 ], [ 25.47999, 36.35786 ], [ 25.4651, 36.34243 ], [ 25.44663, 36.33633 ], [ 25.42644, 36.33796 ], [ 25.37989, 36.34894 ], [ 25.36166, 36.35676 ], [ 25.37338, 36.36164 ], [ 25.39698, 36.36131 ], [ 25.40943, 36.36359 ], [ 25.4192, 36.37006 ], [ 25.42872, 36.38544 ], [ 25.43678, 36.39094 ], [ 25.43002, 36.41714 ], [ 25.4253, 36.42715 ], [ 25.41627, 36.43252 ], [ 25.41627, 36.43867 ], [ 25.42189, 36.45112 ], [ 25.40707, 36.45799 ], [ 25.3685, 36.46662 ], [ 25.3685, 36.47346 ], [ 25.38209, 36.47964 ], [ 25.41798, 36.4704 ] ] ], [ [ [ 27.86988, 36.5895 ], [ 27.87257, 36.56924 ], [ 27.87672, 36.56159 ], [ 27.86305, 36.55537 ], [ 27.87208, 36.55036 ], [ 27.87672, 36.54108 ], [ 27.8545, 36.5305 ], [ 27.84303, 36.5279 ], [ 27.8283, 36.52802 ], [ 27.8283, 36.53425 ], [ 27.83416, 36.53653 ], [ 27.84938, 36.54792 ], [ 27.80592, 36.56013 ], [ 27.79249, 36.56696 ], [ 27.80787, 36.57587 ], [ 27.76002, 36.57587 ], [ 27.76686, 36.58519 ], [ 27.78696, 36.60627 ], [ 27.78785, 36.61685 ], [ 27.79249, 36.61717 ], [ 27.80152, 36.62425 ], [ 27.80152, 36.61685 ], [ 27.81813, 36.63402 ], [ 27.84197, 36.64472 ], [ 27.86101, 36.64671 ], [ 27.86305, 36.63788 ], [ 27.83522, 36.63109 ], [ 27.82228, 36.62377 ], [ 27.81528, 36.61001 ], [ 27.82862, 36.61298 ], [ 27.8357, 36.60253 ], [ 27.86988, 36.62425 ], [ 27.87672, 36.61685 ], [ 27.87135, 36.61335 ], [ 27.86305, 36.60253 ], [ 27.86988, 36.60668 ], [ 27.87322, 36.60545 ], [ 27.86988, 36.5895 ] ] ], [ [ [ 25.27296, 36.71988 ], [ 25.2798, 36.72671 ], [ 25.2518, 36.72671 ], [ 25.26238, 36.7497 ], [ 25.26498, 36.76215 ], [ 25.26271, 36.76765 ], [ 25.30698, 36.79499 ], [ 25.31951, 36.78193 ], [ 25.33619, 36.75772 ], [ 25.34799, 36.74714 ], [ 25.3659, 36.73957 ], [ 25.3838, 36.73509 ], [ 25.39942, 36.72797 ], [ 25.40943, 36.71239 ], [ 25.39698, 36.71052 ], [ 25.39015, 36.70368 ], [ 25.3895, 36.69424 ], [ 25.39519, 36.68513 ], [ 25.39519, 36.6789 ], [ 25.37322, 36.65371 ], [ 25.3379, 36.66828 ], [ 25.27296, 36.71988 ] ] ], [ [ [ 12.03761, 36.80663 ], [ 12.05152, 36.79035 ], [ 12.05348, 36.76765 ], [ 12.03061, 36.74136 ], [ 11.9961, 36.74494 ], [ 11.96119, 36.7652 ], [ 11.93735, 36.78876 ], [ 11.92498, 36.81196 ], [ 11.92221, 36.82836 ], [ 11.93434, 36.83592 ], [ 11.95135, 36.84276 ], [ 11.95769, 36.84056 ], [ 11.9673, 36.8312 ], [ 11.98732, 36.82416 ], [ 11.99293, 36.82538 ], [ 11.99952, 36.83592 ], [ 12.03761, 36.80663 ] ] ], [ [ [ 24.71616, 37.02009 ], [ 24.75164, 36.98579 ], [ 24.76466, 36.95661 ], [ 24.7658, 36.9492 ], [ 24.76271, 36.94538 ], [ 24.74855, 36.93936 ], [ 24.71062, 36.9042 ], [ 24.69581, 36.92324 ], [ 24.67888, 36.95148 ], [ 24.6692, 36.97846 ], [ 24.67652, 36.9936 ], [ 24.67652, 37.00043 ], [ 24.66586, 37.00747 ], [ 24.65406, 37.02432 ], [ 24.64226, 37.02774 ], [ 24.64405, 37.03563 ], [ 24.64967, 37.04198 ], [ 24.6434, 37.04287 ], [ 24.64226, 37.04881 ], [ 24.65594, 37.04881 ], [ 24.6797, 37.03286 ], [ 24.6893, 37.0292 ], [ 24.69752, 37.03514 ], [ 24.70436, 37.03514 ], [ 24.71616, 37.02009 ] ] ], [ [ [ 26.92026, 36.95881 ], [ 26.93141, 36.96686 ], [ 26.9253, 36.98168 ], [ 26.92986, 36.99396 ], [ 26.95118, 37.02119 ], [ 26.95387, 37.0279 ], [ 26.95191, 37.03514 ], [ 26.94361, 37.04072 ], [ 26.93507, 37.03962 ], [ 26.92457, 37.03514 ], [ 26.91717, 37.04165 ], [ 26.91245, 37.04694 ], [ 26.90349, 37.06249 ], [ 26.89601, 37.06892 ], [ 26.88893, 37.07099 ], [ 26.88559, 37.07559 ], [ 26.88982, 37.08979 ], [ 26.90162, 37.0773 ], [ 26.98601, 37.04881 ], [ 26.98601, 37.04198 ], [ 26.97291, 37.04198 ], [ 26.98219, 37.02875 ], [ 27.00587, 37.01618 ], [ 27.00709, 37.00043 ], [ 27.01539, 37.00873 ], [ 27.02394, 37.01268 ], [ 27.03248, 37.01236 ], [ 27.04127, 37.00788 ], [ 27.04428, 36.99624 ], [ 27.03688, 36.97846 ], [ 27.04127, 36.96686 ], [ 27.03631, 36.96015 ], [ 27.03386, 36.95262 ], [ 27.04127, 36.95262 ], [ 27.04127, 36.95942 ], [ 27.04754, 36.95942 ], [ 27.04038, 36.94505 ], [ 27.02361, 36.94501 ], [ 26.99342, 36.95262 ], [ 26.98829, 36.94668 ], [ 26.98341, 36.92951 ], [ 26.97608, 36.92593 ], [ 26.95191, 36.93163 ], [ 26.94508, 36.92593 ], [ 26.92986, 36.94278 ], [ 26.92115, 36.94709 ], [ 26.91163, 36.94579 ], [ 26.92026, 36.95881 ] ] ], [ [ [ 24.43621, 37.18537 ], [ 24.46827, 37.20209 ], [ 24.48561, 37.20612 ], [ 24.4983, 37.19965 ], [ 24.50514, 37.19965 ], [ 24.50978, 37.2049 ], [ 24.5149, 37.206 ], [ 24.52052, 37.20392 ], [ 24.52613, 37.19965 ], [ 24.53207, 37.18561 ], [ 24.53468, 37.16767 ], [ 24.53452, 37.14834 ], [ 24.5324, 37.13011 ], [ 24.52613, 37.14444 ], [ 24.51881, 37.14444 ], [ 24.51889, 37.13207 ], [ 24.51531, 37.12287 ], [ 24.50815, 37.11591 ], [ 24.4983, 37.1103 ], [ 24.49147, 37.11774 ], [ 24.49098, 37.12226 ], [ 24.4983, 37.12397 ], [ 24.48976, 37.12812 ], [ 24.48097, 37.12971 ], [ 24.4725, 37.12836 ], [ 24.46412, 37.12397 ], [ 24.46209, 37.13349 ], [ 24.45948, 37.13719 ], [ 24.45582, 37.13589 ], [ 24.45053, 37.13011 ], [ 24.44207, 37.13447 ], [ 24.43442, 37.13418 ], [ 24.42807, 37.13032 ], [ 24.42254, 37.12397 ], [ 24.41912, 37.13565 ], [ 24.43051, 37.14444 ], [ 24.42351, 37.14985 ], [ 24.42302, 37.15473 ], [ 24.43621, 37.16486 ], [ 24.43279, 37.17227 ], [ 24.43474, 37.17548 ], [ 24.4437, 37.17853 ], [ 24.43621, 37.18537 ] ] ], [ [ [ 24.37485, 37.43846 ], [ 24.39568, 37.45685 ], [ 24.41961, 37.47158 ], [ 24.43621, 37.48701 ], [ 24.4437, 37.48701 ], [ 24.4437, 37.47272 ], [ 24.43434, 37.45075 ], [ 24.43051, 37.44603 ], [ 24.46941, 37.42748 ], [ 24.48268, 37.41242 ], [ 24.47779, 37.39081 ], [ 24.46339, 37.39448 ], [ 24.45281, 37.38345 ], [ 24.44614, 37.36579 ], [ 24.4437, 37.34984 ], [ 24.41179, 37.32396 ], [ 24.38901, 37.31391 ], [ 24.36793, 37.30952 ], [ 24.37672, 37.34496 ], [ 24.38559, 37.36115 ], [ 24.40211, 37.37092 ], [ 24.40211, 37.37714 ], [ 24.38844, 37.38459 ], [ 24.38844, 37.39081 ], [ 24.39682, 37.40152 ], [ 24.39479, 37.41177 ], [ 24.38453, 37.41682 ], [ 24.36793, 37.41193 ], [ 24.37485, 37.43846 ] ] ], [ [ [ 24.94337, 37.43549 ], [ 24.95916, 37.42487 ], [ 24.96372, 37.41816 ], [ 24.96616, 37.40778 ], [ 24.96404, 37.40176 ], [ 24.95655, 37.39704 ], [ 24.89625, 37.37165 ], [ 24.88185, 37.36351 ], [ 24.88217, 37.38036 ], [ 24.88868, 37.39081 ], [ 24.88868, 37.39826 ], [ 24.86134, 37.39826 ], [ 24.86817, 37.4147 ], [ 24.87403, 37.42072 ], [ 24.88185, 37.4256 ], [ 24.86817, 37.43179 ], [ 24.88673, 37.43529 ], [ 24.89812, 37.44868 ], [ 24.90268, 37.46577 ], [ 24.90235, 37.48017 ], [ 24.89625, 37.50194 ], [ 24.89536, 37.51044 ], [ 24.90496, 37.51081 ], [ 24.9297, 37.50812 ], [ 24.93881, 37.49974 ], [ 24.94809, 37.48558 ], [ 24.95509, 37.47065 ], [ 24.95753, 37.4597 ], [ 24.95493, 37.45262 ], [ 24.94532, 37.44335 ], [ 24.94337, 37.43549 ] ] ], [ [ [ 23.40211, 37.90599 ], [ 23.40211, 37.91218 ], [ 23.40895, 37.92194 ], [ 23.42286, 37.93301 ], [ 23.43946, 37.9396 ], [ 23.46852, 37.93203 ], [ 23.4817, 37.94172 ], [ 23.49773, 37.96686 ], [ 23.48561, 37.96625 ], [ 23.46925, 37.95531 ], [ 23.46046, 37.95254 ], [ 23.43312, 37.96015 ], [ 23.42205, 37.96003 ], [ 23.45737, 37.97362 ], [ 23.44418, 37.97915 ], [ 23.42945, 37.98794 ], [ 23.45151, 37.98827 ], [ 23.4616, 37.98566 ], [ 23.47047, 37.98045 ], [ 23.47267, 37.98786 ], [ 23.47486, 37.98941 ], [ 23.47047, 37.99409 ], [ 23.4782, 37.99885 ], [ 23.49529, 38.00186 ], [ 23.51824, 37.99909 ], [ 23.53053, 37.99457 ], [ 23.53688, 37.98802 ], [ 23.53191, 37.98045 ], [ 23.53273, 37.97508 ], [ 23.53492, 37.96821 ], [ 23.54086, 37.96235 ], [ 23.54713, 37.95889 ], [ 23.54558, 37.95759 ], [ 23.54615, 37.95254 ], [ 23.5735, 37.95254 ], [ 23.53932, 37.93952 ], [ 23.54347, 37.92886 ], [ 23.52174, 37.91397 ], [ 23.51824, 37.89859 ], [ 23.51197, 37.89859 ], [ 23.50131, 37.90607 ], [ 23.49204, 37.90009 ], [ 23.48146, 37.88972 ], [ 23.46705, 37.88422 ], [ 23.4524, 37.8854 ], [ 23.4214, 37.89297 ], [ 23.40838, 37.89859 ], [ 23.40211, 37.90599 ] ] ], [ [ [ 20.72804, 38.38923 ], [ 20.73878, 38.38426 ], [ 20.7575, 38.37153 ], [ 20.73756, 38.37153 ], [ 20.74366, 38.34439 ], [ 20.75001, 38.3347 ], [ 20.76368, 38.33051 ], [ 20.76368, 38.32307 ], [ 20.73609, 38.32005 ], [ 20.71941, 38.31562 ], [ 20.70582, 38.31826 ], [ 20.68784, 38.33674 ], [ 20.69532, 38.34357 ], [ 20.68043, 38.35639 ], [ 20.66733, 38.37153 ], [ 20.64763, 38.40567 ], [ 20.64015, 38.4466 ], [ 20.62135, 38.4584 ], [ 20.61451, 38.46711 ], [ 20.61948, 38.48139 ], [ 20.63551, 38.47297 ], [ 20.64422, 38.47866 ], [ 20.65447, 38.50186 ], [ 20.67189, 38.49754 ], [ 20.67408, 38.48501 ], [ 20.66814, 38.47065 ], [ 20.66114, 38.46088 ], [ 20.67823, 38.46186 ], [ 20.68922, 38.45799 ], [ 20.70899, 38.4466 ], [ 20.70289, 38.42601 ], [ 20.69516, 38.40868 ], [ 20.67482, 38.37767 ], [ 20.69239, 38.37132 ], [ 20.71583, 38.37153 ], [ 20.71583, 38.37767 ], [ 20.70216, 38.38516 ], [ 20.7225, 38.38516 ], [ 20.71583, 38.39204 ], [ 20.72804, 38.38923 ] ] ], [ [ [ 23.65919, 39.12299 ], [ 23.62778, 39.14728 ], [ 23.62127, 39.15575 ], [ 23.61744, 39.16913 ], [ 23.58717, 39.20759 ], [ 23.60133, 39.21381 ], [ 23.60222, 39.20864 ], [ 23.61443, 39.20759 ], [ 23.63795, 39.18757 ], [ 23.66554, 39.16966 ], [ 23.69663, 39.15534 ], [ 23.73048, 39.14614 ], [ 23.72674, 39.1315 ], [ 23.74586, 39.12881 ], [ 23.77272, 39.12934 ], [ 23.79265, 39.12442 ], [ 23.79265, 39.11815 ], [ 23.76026, 39.09064 ], [ 23.74122, 39.08027 ], [ 23.71681, 39.07722 ], [ 23.70704, 39.07982 ], [ 23.69256, 39.08893 ], [ 23.66603, 39.09276 ], [ 23.65805, 39.09772 ], [ 23.65846, 39.10432 ], [ 23.66969, 39.1114 ], [ 23.66969, 39.11815 ], [ 23.65919, 39.12299 ] ] ], [ [ [ 23.92164, 39.19042 ], [ 23.89584, 39.16177 ], [ 23.86451, 39.14399 ], [ 23.83351, 39.14614 ], [ 23.84718, 39.16031 ], [ 23.86101, 39.16918 ], [ 23.87306, 39.18016 ], [ 23.88933, 39.21747 ], [ 23.93979, 39.27977 ], [ 23.95704, 39.2895 ], [ 23.95387, 39.27875 ], [ 23.95021, 39.27521 ], [ 23.97218, 39.27192 ], [ 23.96697, 39.25117 ], [ 23.94996, 39.22899 ], [ 23.93653, 39.22126 ], [ 23.92164, 39.19042 ] ] ], [ [ [ 13.93483, 40.70563 ], [ 13.91977, 40.70449 ], [ 13.90349, 40.70002 ], [ 13.89015, 40.69416 ], [ 13.88201, 40.69953 ], [ 13.85971, 40.70775 ], [ 13.84913, 40.71528 ], [ 13.85613, 40.73485 ], [ 13.8615, 40.74405 ], [ 13.87013, 40.74872 ], [ 13.8628, 40.7624 ], [ 13.88315, 40.7624 ], [ 13.9463, 40.74518 ], [ 13.96583, 40.73505 ], [ 13.96266, 40.72895 ], [ 13.96241, 40.72313 ], [ 13.96583, 40.71528 ], [ 13.94467, 40.70161 ], [ 13.93483, 40.70563 ] ] ], [ [ [ 17.67937, 42.72989 ], [ 17.73048, 42.71345 ], [ 17.74887, 42.69457 ], [ 17.38592, 42.77094 ], [ 17.37379, 42.76 ], [ 17.35377, 42.76667 ], [ 17.33448, 42.78034 ], [ 17.32374, 42.79084 ], [ 17.34156, 42.7934 ], [ 17.37379, 42.80264 ], [ 17.39234, 42.8017 ], [ 17.38201, 42.79784 ], [ 17.37159, 42.79084 ], [ 17.39332, 42.79116 ], [ 17.40349, 42.78876 ], [ 17.41245, 42.784 ], [ 17.41993, 42.79084 ], [ 17.43686, 42.78262 ], [ 17.48601, 42.78217 ], [ 17.52369, 42.76484 ], [ 17.57447, 42.75751 ], [ 17.5975, 42.74982 ], [ 17.59067, 42.74299 ], [ 17.6482, 42.73851 ], [ 17.65895, 42.74299 ], [ 17.67937, 42.72989 ] ] ], [ [ [ 15.29713, 43.97809 ], [ 15.27019, 44.00031 ], [ 15.26124, 44.01105 ], [ 15.28028, 44.01081 ], [ 15.2964, 44.0056 ], [ 15.34995, 43.9763 ], [ 15.38404, 43.97016 ], [ 15.39161, 43.94221 ], [ 15.39763, 43.9372 ], [ 15.41879, 43.92914 ], [ 15.42677, 43.92206 ], [ 15.44272, 43.89907 ], [ 15.44606, 43.88752 ], [ 15.43141, 43.89277 ], [ 15.40707, 43.89614 ], [ 15.39772, 43.90811 ], [ 15.37208, 43.91389 ], [ 15.35865, 43.91938 ], [ 15.34995, 43.92914 ], [ 15.35434, 43.93146 ], [ 15.35678, 43.93537 ], [ 15.34352, 43.93964 ], [ 15.32545, 43.94843 ], [ 15.30958, 43.95844 ], [ 15.30274, 43.96638 ], [ 15.29713, 43.97809 ] ] ], [ [ [ 15.24187, 44.02778 ], [ 15.23227, 44.04145 ], [ 15.22332, 44.05028 ], [ 15.21274, 44.04523 ], [ 15.20655, 44.04523 ], [ 15.20533, 44.04975 ], [ 15.1997, 44.0578 ], [ 15.23496, 44.0578 ], [ 15.24708, 44.0467 ], [ 15.25441, 44.01789 ], [ 15.24187, 44.02778 ] ] ], [ [ [ 15.18914, 44.0478 ], [ 15.17123, 44.0578 ], [ 15.19815, 44.0578 ], [ 15.18914, 44.0478 ] ] ] ] } },
{ "type": "Feature", "properties": { "kind": "land" }, "geometry": { "type": "MultiPolygon", "coordinates": [ [ [ [ 28.22584, 36.41795 ], [ 28.23634, 36.37303 ], [ 28.21583, 36.36359 ], [ 28.21119, 36.35765 ], [ 28.20509, 36.32266 ], [ 28.19744, 36.31196 ], [ 28.17547, 36.29043 ], [ 28.17091, 36.27798 ], [ 28.16847, 36.24982 ], [ 28.16342, 36.2377 ], [ 28.15455, 36.23261 ], [ 28.14845, 36.22606 ], [ 28.13054, 36.18545 ], [ 28.11004, 36.18659 ], [ 28.10328, 36.18545 ], [ 28.09523, 36.16787 ], [ 28.08579, 36.16498 ], [ 28.0617, 36.11652 ], [ 28.07879, 36.10741 ], [ 28.09645, 36.1035 ], [ 28.08985, 36.08828 ], [ 28.07594, 36.07559 ], [ 28.08009, 36.07136 ], [ 28.08961, 36.05512 ], [ 28.03761, 36.06843 ], [ 28.01694, 36.069 ], [ 27.99342, 36.06196 ], [ 27.94842, 36.03901 ], [ 27.9323, 36.02534 ], [ 27.89234, 35.97191 ], [ 27.86354, 35.94099 ], [ 27.8274, 35.91376 ], [ 27.78045, 35.89004 ], [ 27.73927, 35.91315 ], [ 27.73268, 35.91511 ], [ 27.73032, 35.92178 ], [ 27.71225, 35.9527 ], [ 27.72535, 35.96719 ], [ 27.75408, 36.03718 ], [ 27.76002, 36.06196 ], [ 27.75709, 36.08438 ], [ 27.74684, 36.09618 ], [ 27.73316, 36.10464 ], [ 27.70883, 36.1271 ], [ 27.70729, 36.13203 ], [ 27.71355, 36.1398 ], [ 27.71225, 36.14448 ], [ 27.70289, 36.15046 ], [ 27.69093, 36.14948 ], [ 27.68426, 36.15815 ], [ 27.70069, 36.1634 ], [ 27.73951, 36.18545 ], [ 27.76336, 36.19221 ], [ 27.77198, 36.19782 ], [ 27.76743, 36.20596 ], [ 27.77605, 36.21162 ], [ 27.78045, 36.23261 ], [ 27.80323, 36.27021 ], [ 27.80787, 36.27424 ], [ 27.83741, 36.28099 ], [ 27.84946, 36.29352 ], [ 27.88282, 36.32148 ], [ 27.89031, 36.33259 ], [ 27.89967, 36.34016 ], [ 27.95924, 36.35676 ], [ 28.07081, 36.40534 ], [ 28.08579, 36.41478 ], [ 28.11842, 36.42768 ], [ 28.18393, 36.42447 ], [ 28.21388, 36.45547 ], [ 28.22242, 36.456 ], [ 28.23113, 36.44977 ], [ 28.23976, 36.43867 ], [ 28.23976, 36.43252 ], [ 28.22584, 36.41795 ] ] ], [ [ [ 20.71844, 38.06631 ], [ 20.70558, 38.07563 ], [ 20.68165, 38.09781 ], [ 20.65301, 38.11115 ], [ 20.61459, 38.11982 ], [ 20.58074, 38.11546 ], [ 20.56495, 38.09032 ], [ 20.5464, 38.10204 ], [ 20.50978, 38.11079 ], [ 20.4961, 38.12446 ], [ 20.49301, 38.13337 ], [ 20.48927, 38.15925 ], [ 20.47291, 38.18207 ], [ 20.46876, 38.19278 ], [ 20.48121, 38.19013 ], [ 20.49789, 38.17691 ], [ 20.50978, 38.17227 ], [ 20.50978, 38.17967 ], [ 20.49383, 38.19172 ], [ 20.4839, 38.20685 ], [ 20.45704, 38.26122 ], [ 20.44532, 38.27619 ], [ 20.43507, 38.27879 ], [ 20.42791, 38.26166 ], [ 20.42823, 38.24555 ], [ 20.43605, 38.21247 ], [ 20.43474, 38.19278 ], [ 20.4253, 38.17528 ], [ 20.41236, 38.16812 ], [ 20.39845, 38.16303 ], [ 20.38624, 38.1518 ], [ 20.38006, 38.1518 ], [ 20.37403, 38.16901 ], [ 20.34539, 38.18211 ], [ 20.33904, 38.20018 ], [ 20.34303, 38.20844 ], [ 20.35694, 38.22858 ], [ 20.35548, 38.23749 ], [ 20.35157, 38.24592 ], [ 20.35377, 38.25324 ], [ 20.37965, 38.27399 ], [ 20.3921, 38.30012 ], [ 20.3982, 38.33271 ], [ 20.39991, 38.36408 ], [ 20.40675, 38.34357 ], [ 20.41358, 38.34357 ], [ 20.42726, 38.36335 ], [ 20.43507, 38.35619 ], [ 20.44256, 38.33771 ], [ 20.45509, 38.32307 ], [ 20.46323, 38.33149 ], [ 20.46697, 38.32567 ], [ 20.47047, 38.31513 ], [ 20.47901, 38.30948 ], [ 20.48902, 38.31273 ], [ 20.50652, 38.32722 ], [ 20.5298, 38.33747 ], [ 20.53875, 38.35407 ], [ 20.53956, 38.37421 ], [ 20.53094, 38.39204 ], [ 20.55128, 38.38516 ], [ 20.53777, 38.42609 ], [ 20.54363, 38.45917 ], [ 20.53777, 38.46772 ], [ 20.53777, 38.47394 ], [ 20.57179, 38.47394 ], [ 20.62582, 38.35175 ], [ 20.6277, 38.34357 ], [ 20.62615, 38.32844 ], [ 20.62013, 38.32022 ], [ 20.59913, 38.30264 ], [ 20.60719, 38.29352 ], [ 20.63054, 38.25796 ], [ 20.64291, 38.2534 ], [ 20.65699, 38.26252 ], [ 20.67066, 38.2753 ], [ 20.68165, 38.28213 ], [ 20.67482, 38.26781 ], [ 20.69353, 38.26463 ], [ 20.69955, 38.25434 ], [ 20.702, 38.24063 ], [ 20.70899, 38.22696 ], [ 20.75131, 38.19676 ], [ 20.76222, 38.1704 ], [ 20.7977, 38.13129 ], [ 20.80502, 38.11579 ], [ 20.80779, 38.09955 ], [ 20.8047, 38.08295 ], [ 20.79469, 38.06611 ], [ 20.78932, 38.06501 ], [ 20.76368, 38.06989 ], [ 20.75441, 38.06879 ], [ 20.74342, 38.06363 ], [ 20.73357, 38.0624 ], [ 20.71844, 38.06631 ] ] ], [ [ [ 26.15089, 38.53042 ], [ 26.14918, 38.51048 ], [ 26.14438, 38.49291 ], [ 26.12192, 38.48753 ], [ 26.12973, 38.47846 ], [ 26.14243, 38.47394 ], [ 26.1364, 38.46772 ], [ 26.15406, 38.46727 ], [ 26.15455, 38.46088 ], [ 26.14243, 38.4466 ], [ 26.13941, 38.43146 ], [ 26.13933, 38.41889 ], [ 26.14991, 38.34357 ], [ 26.16358, 38.30264 ], [ 26.13705, 38.29963 ], [ 26.11354, 38.28425 ], [ 26.10222, 38.2617 ], [ 26.11207, 38.23749 ], [ 26.11207, 38.2226 ], [ 26.08815, 38.21259 ], [ 26.04005, 38.20018 ], [ 26.03207, 38.18968 ], [ 26.02589, 38.16714 ], [ 26.0197, 38.15925 ], [ 26.00978, 38.15672 ], [ 25.98911, 38.1638 ], [ 25.97486, 38.166 ], [ 25.96461, 38.17186 ], [ 25.94239, 38.19497 ], [ 25.93824, 38.19648 ], [ 25.93409, 38.1955 ], [ 25.92449, 38.20311 ], [ 25.91489, 38.21503 ], [ 25.91041, 38.22696 ], [ 25.88982, 38.22065 ], [ 25.88982, 38.24799 ], [ 25.8733, 38.23973 ], [ 25.86606, 38.24567 ], [ 25.86752, 38.25971 ], [ 25.87623, 38.2753 ], [ 25.88592, 38.28189 ], [ 25.91725, 38.28897 ], [ 25.93426, 38.30264 ], [ 25.95875, 38.30121 ], [ 25.96437, 38.30264 ], [ 25.97088, 38.31436 ], [ 25.97145, 38.32665 ], [ 25.9756, 38.33723 ], [ 25.9922, 38.34357 ], [ 25.98699, 38.3548 ], [ 25.98902, 38.3793 ], [ 25.98536, 38.39204 ], [ 25.98341, 38.38703 ], [ 25.97804, 38.38516 ], [ 25.97348, 38.39273 ], [ 25.96746, 38.3985 ], [ 25.95069, 38.40567 ], [ 25.95631, 38.41454 ], [ 25.95558, 38.42821 ], [ 25.95053, 38.44257 ], [ 25.94386, 38.45344 ], [ 25.9319, 38.4632 ], [ 25.90748, 38.46833 ], [ 25.88982, 38.47394 ], [ 25.87525, 38.48355 ], [ 25.84327, 38.51533 ], [ 25.83465, 38.52855 ], [ 25.83277, 38.54409 ], [ 25.84523, 38.5659 ], [ 25.84889, 38.58039 ], [ 25.99537, 38.60423 ], [ 26.01588, 38.60204 ], [ 26.06398, 38.59003 ], [ 26.06625, 38.5832 ], [ 26.10825, 38.54279 ], [ 26.11541, 38.55516 ], [ 26.12192, 38.55646 ], [ 26.12257, 38.56086 ], [ 26.12135, 38.56232 ], [ 26.11573, 38.5633 ], [ 26.13071, 38.56721 ], [ 26.14357, 38.5644 ], [ 26.15455, 38.55598 ], [ 26.16358, 38.54279 ], [ 26.15089, 38.53042 ] ] ] ] } },
{ "type": "Feature", "properties": { "kind": "land" }, "geometry": { "type": "MultiPolygon", "coordinates": [ [ [ [ 26.31235, 35.29694 ], [ 26.29786, 35.2849 ], [ 26.28102, 35.27432 ], [ 26.26596, 35.26 ], [ 26.28386, 35.20824 ], [ 26.29949, 35.18553 ], [ 26.32114, 35.19794 ], [ 26.31178, 35.18236 ], [ 26.29542, 35.16633 ], [ 26.285, 35.1507 ], [ 26.29396, 35.13646 ], [ 26.28688, 35.11823 ], [ 26.27752, 35.10004 ], [ 26.26686, 35.08389 ], [ 26.25611, 35.0716 ], [ 26.25099, 35.06306 ], [ 26.24098, 35.03905 ], [ 26.23536, 35.03408 ], [ 26.22381, 35.03238 ], [ 26.20509, 35.0235 ], [ 26.14723, 35.00226 ], [ 26.13299, 34.99934 ], [ 26.10524, 34.99934 ], [ 26.08912, 35.01553 ], [ 26.08172, 35.01976 ], [ 26.05795, 35.02289 ], [ 26.0381, 35.02082 ], [ 26.02027, 35.02094 ], [ 25.99317, 35.03705 ], [ 25.98487, 35.03913 ], [ 25.97674, 35.03693 ], [ 25.96803, 35.03067 ], [ 25.9603, 35.02896 ], [ 25.92408, 35.03408 ], [ 25.88152, 35.02709 ], [ 25.80812, 35.00576 ], [ 25.60125, 35.01358 ], [ 25.5381, 34.99702 ], [ 25.52272, 34.98941 ], [ 25.5062, 34.98456 ], [ 25.41521, 34.99372 ], [ 25.34767, 34.99152 ], [ 25.32846, 34.98725 ], [ 25.30397, 34.98477 ], [ 25.2798, 34.9726 ], [ 25.22316, 34.95417 ], [ 25.20769, 34.95148 ], [ 25.15089, 34.95572 ], [ 25.12892, 34.95148 ], [ 25.12273, 34.94819 ], [ 25.11451, 34.94017 ], [ 25.10776, 34.93789 ], [ 25.09742, 34.93789 ], [ 25.0853, 34.9433 ], [ 25.0774, 34.94473 ], [ 25.05974, 34.94359 ], [ 25.04493, 34.94074 ], [ 25.01905, 34.93163 ], [ 25.00318, 34.93696 ], [ 24.98373, 34.93871 ], [ 24.73854, 34.93163 ], [ 24.73854, 34.93789 ], [ 24.75172, 34.94648 ], [ 24.75522, 34.95791 ], [ 24.75213, 34.99592 ], [ 24.75392, 35.00804 ], [ 24.75994, 35.02733 ], [ 24.75896, 35.04149 ], [ 24.75017, 35.06513 ], [ 24.74285, 35.07722 ], [ 24.72975, 35.08466 ], [ 24.71811, 35.09398 ], [ 24.70753, 35.09614 ], [ 24.61899, 35.0974 ], [ 24.59474, 35.10151 ], [ 24.58025, 35.1092 ], [ 24.57399, 35.1092 ], [ 24.56463, 35.10615 ], [ 24.5534, 35.11457 ], [ 24.5324, 35.13646 ], [ 24.51905, 35.14444 ], [ 24.50074, 35.15241 ], [ 24.48121, 35.15591 ], [ 24.46412, 35.15013 ], [ 24.40382, 35.17503 ], [ 24.40211, 35.19111 ], [ 24.29322, 35.18228 ], [ 24.21778, 35.19111 ], [ 24.20851, 35.1988 ], [ 24.20395, 35.20539 ], [ 24.19728, 35.20515 ], [ 24.18295, 35.19794 ], [ 24.11134, 35.19794 ], [ 24.094, 35.20466 ], [ 24.08465, 35.20454 ], [ 24.08058, 35.19453 ], [ 24.07643, 35.19546 ], [ 24.04982, 35.19111 ], [ 24.03142, 35.1977 ], [ 24.00327, 35.22671 ], [ 23.98764, 35.2333 ], [ 23.90187, 35.23119 ], [ 23.8602, 35.23631 ], [ 23.82667, 35.25259 ], [ 23.81227, 35.24478 ], [ 23.79949, 35.24632 ], [ 23.78207, 35.23469 ], [ 23.71168, 35.23672 ], [ 23.68336, 35.22582 ], [ 23.66912, 35.23729 ], [ 23.61052, 35.23493 ], [ 23.58717, 35.23949 ], [ 23.58229, 35.24518 ], [ 23.58448, 35.2543 ], [ 23.58033, 35.26 ], [ 23.57301, 35.26341 ], [ 23.55942, 35.26459 ], [ 23.55299, 35.26683 ], [ 23.53102, 35.28848 ], [ 23.51824, 35.29413 ], [ 23.52565, 35.30097 ], [ 23.5193, 35.30174 ], [ 23.51824, 35.30777 ], [ 23.53289, 35.31403 ], [ 23.54615, 35.31525 ], [ 23.54819, 35.32148 ], [ 23.55299, 35.32148 ], [ 23.54184, 35.33637 ], [ 23.54078, 35.34516 ], [ 23.54615, 35.35619 ], [ 23.53858, 35.37409 ], [ 23.54933, 35.39692 ], [ 23.5652, 35.41909 ], [ 23.5735, 35.43476 ], [ 23.57146, 35.44111 ], [ 23.56666, 35.44746 ], [ 23.56202, 35.45173 ], [ 23.55983, 35.45181 ], [ 23.56088, 35.4584 ], [ 23.57097, 35.48371 ], [ 23.57765, 35.49291 ], [ 23.57846, 35.50056 ], [ 23.56609, 35.50703 ], [ 23.56609, 35.51325 ], [ 23.5726, 35.52045 ], [ 23.56609, 35.52749 ], [ 23.58123, 35.55268 ], [ 23.58448, 35.56452 ], [ 23.58033, 35.57591 ], [ 23.60043, 35.60309 ], [ 23.60475, 35.61262 ], [ 23.60768, 35.59247 ], [ 23.60816, 35.5517 ], [ 23.61988, 35.52407 ], [ 23.62371, 35.52147 ], [ 23.6395, 35.51899 ], [ 23.6395, 35.51057 ], [ 23.64177, 35.50703 ], [ 23.65943, 35.50121 ], [ 23.68336, 35.49958 ], [ 23.70297, 35.50288 ], [ 23.71844, 35.51284 ], [ 23.72788, 35.52985 ], [ 23.73048, 35.55419 ], [ 23.72486, 35.57364 ], [ 23.71608, 35.59195 ], [ 23.71274, 35.607 ], [ 23.72364, 35.61689 ], [ 23.71388, 35.63483 ], [ 23.71119, 35.64887 ], [ 23.71583, 35.66153 ], [ 23.72706, 35.67495 ], [ 23.74155, 35.68696 ], [ 23.75001, 35.68659 ], [ 23.75978, 35.67943 ], [ 23.77898, 35.67154 ], [ 23.77898, 35.66405 ], [ 23.76783, 35.65388 ], [ 23.76808, 35.64106 ], [ 23.77898, 35.60944 ], [ 23.77768, 35.58373 ], [ 23.77898, 35.57591 ], [ 23.79949, 35.54462 ], [ 23.81715, 35.53482 ], [ 23.90138, 35.52717 ], [ 23.92905, 35.5207 ], [ 23.94418, 35.52497 ], [ 24.0005, 35.51992 ], [ 24.0254, 35.5207 ], [ 24.04469, 35.52766 ], [ 24.05095, 35.53437 ], [ 24.05323, 35.54462 ], [ 24.05763, 35.55292 ], [ 24.06837, 35.55549 ], [ 24.09409, 35.55419 ], [ 24.0818, 35.58991 ], [ 24.11524, 35.6013 ], [ 24.16041, 35.59707 ], [ 24.18295, 35.5856 ], [ 24.2033, 35.54182 ], [ 24.20053, 35.53437 ], [ 24.19581, 35.53156 ], [ 24.18775, 35.51805 ], [ 24.18295, 35.51325 ], [ 24.16375, 35.50776 ], [ 24.14259, 35.50703 ], [ 24.10353, 35.51398 ], [ 24.08123, 35.51496 ], [ 24.06691, 35.50703 ], [ 24.07195, 35.49836 ], [ 24.08904, 35.4892 ], [ 24.10776, 35.482 ], [ 24.13722, 35.47484 ], [ 24.17018, 35.45604 ], [ 24.1867, 35.45181 ], [ 24.20436, 35.45441 ], [ 24.2225, 35.46117 ], [ 24.25245, 35.47907 ], [ 24.26401, 35.43317 ], [ 24.26547, 35.41425 ], [ 24.26344, 35.37849 ], [ 24.26547, 35.36986 ], [ 24.27312, 35.36489 ], [ 24.29347, 35.36376 ], [ 24.30299, 35.35932 ], [ 24.3401, 35.34833 ], [ 24.42807, 35.3697 ], [ 24.46412, 35.36245 ], [ 24.48536, 35.37214 ], [ 24.56666, 35.38418 ], [ 24.5936, 35.39118 ], [ 24.65594, 35.41767 ], [ 24.67693, 35.42349 ], [ 24.6985, 35.42683 ], [ 24.72096, 35.42723 ], [ 24.82016, 35.41303 ], [ 24.84083, 35.404 ], [ 24.85035, 35.40974 ], [ 24.8672, 35.41649 ], [ 24.89552, 35.42451 ], [ 24.95753, 35.404 ], [ 24.96957, 35.41576 ], [ 24.9712, 35.42451 ], [ 25.01873, 35.41503 ], [ 25.02963, 35.40327 ], [ 25.04737, 35.4055 ], [ 25.05323, 35.404 ], [ 25.05454, 35.39741 ], [ 25.04868, 35.38666 ], [ 25.04705, 35.38044 ], [ 25.05535, 35.35521 ], [ 25.077, 35.34447 ], [ 25.10678, 35.34247 ], [ 25.15317, 35.34471 ], [ 25.18165, 35.35008 ], [ 25.19711, 35.34935 ], [ 25.21209, 35.3378 ], [ 25.22136, 35.33568 ], [ 25.2518, 35.33568 ], [ 25.30698, 35.34317 ], [ 25.33172, 35.33686 ], [ 25.34636, 35.33609 ], [ 25.36166, 35.34317 ], [ 25.3685, 35.33568 ], [ 25.37599, 35.34317 ], [ 25.39422, 35.3288 ], [ 25.40805, 35.31269 ], [ 25.4253, 35.29955 ], [ 25.45362, 35.29413 ], [ 25.48194, 35.29743 ], [ 25.63885, 35.34589 ], [ 25.65992, 35.34935 ], [ 25.6714, 35.34724 ], [ 25.69256, 35.33784 ], [ 25.70777, 35.33568 ], [ 25.76637, 35.33568 ], [ 25.75913, 35.32209 ], [ 25.74773, 35.31061 ], [ 25.72478, 35.29413 ], [ 25.73219, 35.28791 ], [ 25.72608, 35.27875 ], [ 25.72511, 35.27082 ], [ 25.72926, 35.26455 ], [ 25.73902, 35.26 ], [ 25.7378, 35.27741 ], [ 25.74285, 35.28535 ], [ 25.75099, 35.28413 ], [ 25.75896, 35.27432 ], [ 25.75367, 35.26748 ], [ 25.75367, 35.26411 ], [ 25.75896, 35.26 ], [ 25.75327, 35.25259 ], [ 25.74464, 35.25715 ], [ 25.73219, 35.24632 ], [ 25.73512, 35.23749 ], [ 25.72682, 35.22626 ], [ 25.71949, 35.21137 ], [ 25.72478, 35.19111 ], [ 25.71274, 35.18285 ], [ 25.71412, 35.17398 ], [ 25.72071, 35.16429 ], [ 25.72478, 35.15355 ], [ 25.72853, 35.13337 ], [ 25.73878, 35.13101 ], [ 25.75318, 35.13312 ], [ 25.76979, 35.12653 ], [ 25.78289, 35.11799 ], [ 25.79526, 35.11514 ], [ 25.81764, 35.11595 ], [ 25.83033, 35.12238 ], [ 25.84767, 35.15058 ], [ 25.85914, 35.15697 ], [ 25.8733, 35.15868 ], [ 25.88307, 35.16446 ], [ 25.89666, 35.18488 ], [ 25.90854, 35.1874 ], [ 25.94117, 35.18915 ], [ 25.97853, 35.19546 ], [ 26.01661, 35.21454 ], [ 26.03321, 35.22582 ], [ 26.04274, 35.22777 ], [ 26.05502, 35.22712 ], [ 26.06056, 35.2333 ], [ 26.06739, 35.2333 ], [ 26.08139, 35.22358 ], [ 26.11964, 35.21532 ], [ 26.10825, 35.20539 ], [ 26.12973, 35.19587 ], [ 26.15512, 35.19794 ], [ 26.17945, 35.20718 ], [ 26.19776, 35.21906 ], [ 26.19264, 35.22093 ], [ 26.19093, 35.22582 ], [ 26.21844, 35.24714 ], [ 26.2378, 35.26878 ], [ 26.25953, 35.28449 ], [ 26.29396, 35.28791 ], [ 26.28647, 35.30097 ], [ 26.30079, 35.30097 ], [ 26.29396, 35.31525 ], [ 26.32114, 35.31525 ], [ 26.31235, 35.29694 ] ] ], [ [ [ 15.55926, 38.30012 ], [ 15.61598, 38.28022 ], [ 15.65162, 38.2753 ], [ 15.64829, 38.26675 ], [ 15.64243, 38.26227 ], [ 15.63445, 38.26093 ], [ 15.62428, 38.26166 ], [ 15.58375, 38.24042 ], [ 15.56967, 38.22696 ], [ 15.563, 38.2143 ], [ 15.55991, 38.19977 ], [ 15.57594, 38.20018 ], [ 15.52703, 38.13679 ], [ 15.50034, 38.08495 ], [ 15.39259, 37.97614 ], [ 15.30274, 37.86441 ], [ 15.28346, 37.83295 ], [ 15.26629, 37.81192 ], [ 15.24122, 37.79556 ], [ 15.21306, 37.76146 ], [ 15.20655, 37.74775 ], [ 15.20826, 37.73705 ], [ 15.2186, 37.71809 ], [ 15.22023, 37.70673 ], [ 15.21608, 37.69672 ], [ 15.20216, 37.68537 ], [ 15.19907, 37.67573 ], [ 15.19679, 37.6551 ], [ 15.18458, 37.6258 ], [ 15.17856, 37.60432 ], [ 15.16383, 37.56769 ], [ 15.1159, 37.52228 ], [ 15.09669, 37.49445 ], [ 15.09156, 37.47748 ], [ 15.08953, 37.45946 ], [ 15.09205, 37.36054 ], [ 15.09669, 37.3437 ], [ 15.10353, 37.32978 ], [ 15.11069, 37.32184 ], [ 15.18002, 37.29076 ], [ 15.21746, 37.28498 ], [ 15.23666, 37.27473 ], [ 15.25196, 37.25772 ], [ 15.26124, 37.23383 ], [ 15.24488, 37.24616 ], [ 15.23561, 37.24193 ], [ 15.22885, 37.23029 ], [ 15.22023, 37.22016 ], [ 15.22169, 37.23745 ], [ 15.21583, 37.2447 ], [ 15.20541, 37.2447 ], [ 15.19288, 37.23998 ], [ 15.19907, 37.22761 ], [ 15.18344, 37.20746 ], [ 15.19467, 37.17634 ], [ 15.21648, 37.15522 ], [ 15.23325, 37.16486 ], [ 15.24757, 37.15868 ], [ 15.24757, 37.15184 ], [ 15.22918, 37.14964 ], [ 15.23178, 37.13491 ], [ 15.24659, 37.11823 ], [ 15.26466, 37.1103 ], [ 15.28883, 37.10838 ], [ 15.30323, 37.10122 ], [ 15.30787, 37.08666 ], [ 15.30274, 37.06249 ], [ 15.28793, 37.069 ], [ 15.28199, 37.06086 ], [ 15.2837, 37.04841 ], [ 15.29184, 37.04198 ], [ 15.31227, 37.04401 ], [ 15.32106, 37.04023 ], [ 15.32944, 37.02774 ], [ 15.33237, 37.01162 ], [ 15.32472, 37.00849 ], [ 15.31422, 37.01244 ], [ 15.30893, 37.01777 ], [ 15.26808, 37.00043 ], [ 15.27491, 36.9936 ], [ 15.26385, 36.98713 ], [ 15.26808, 36.98054 ], [ 15.26808, 36.97309 ], [ 15.24448, 36.97207 ], [ 15.22674, 36.96479 ], [ 15.21168, 36.95649 ], [ 15.19606, 36.95262 ], [ 15.17465, 36.94408 ], [ 15.15838, 36.92422 ], [ 15.10768, 36.82014 ], [ 15.10662, 36.80858 ], [ 15.094, 36.79955 ], [ 15.09889, 36.77945 ], [ 15.1172, 36.74714 ], [ 15.13494, 36.68769 ], [ 15.13429, 36.6752 ], [ 15.11451, 36.6599 ], [ 15.09392, 36.65493 ], [ 15.07358, 36.65913 ], [ 15.05519, 36.67145 ], [ 15.0407, 36.68769 ], [ 15.03305, 36.69392 ], [ 15.02101, 36.69937 ], [ 15.00717, 36.70279 ], [ 14.99781, 36.70222 ], [ 14.99366, 36.69595 ], [ 14.98243, 36.68887 ], [ 14.95729, 36.69782 ], [ 14.91863, 36.71988 ], [ 14.88217, 36.73066 ], [ 14.84685, 36.72626 ], [ 14.78077, 36.69937 ], [ 14.77345, 36.71003 ], [ 14.76092, 36.7062 ], [ 14.74431, 36.71914 ], [ 14.68458, 36.72602 ], [ 14.67164, 36.74372 ], [ 14.65895, 36.75381 ], [ 14.60011, 36.77212 ], [ 14.5822, 36.78132 ], [ 14.56593, 36.77831 ], [ 14.48732, 36.79336 ], [ 14.47576, 36.80492 ], [ 14.39454, 36.94501 ], [ 14.36988, 36.97309 ], [ 14.27882, 37.04401 ], [ 14.20851, 37.08112 ], [ 14.12631, 37.11225 ], [ 14.08863, 37.11774 ], [ 13.97633, 37.1103 ], [ 13.9673, 37.10822 ], [ 13.94858, 37.09882 ], [ 13.93849, 37.09593 ], [ 13.89438, 37.10082 ], [ 13.83269, 37.13955 ], [ 13.79461, 37.15184 ], [ 13.75164, 37.159 ], [ 13.71583, 37.17137 ], [ 13.68344, 37.18936 ], [ 13.59881, 37.25674 ], [ 13.56918, 37.2735 ], [ 13.53443, 37.28217 ], [ 13.48862, 37.28848 ], [ 13.45265, 37.29881 ], [ 13.42156, 37.3144 ], [ 13.37224, 37.34614 ], [ 13.3296, 37.36628 ], [ 13.31129, 37.38085 ], [ 13.30201, 37.38573 ], [ 13.27801, 37.3937 ], [ 13.25327, 37.43179 ], [ 13.22535, 37.44603 ], [ 13.21404, 37.45808 ], [ 13.20607, 37.46393 ], [ 13.19459, 37.46654 ], [ 13.18922, 37.46971 ], [ 13.17937, 37.48383 ], [ 13.17408, 37.48701 ], [ 13.05152, 37.50068 ], [ 13.03679, 37.49486 ], [ 13.02638, 37.49323 ], [ 13.01686, 37.49754 ], [ 13.01043, 37.5069 ], [ 13.00416, 37.52709 ], [ 13.00001, 37.53547 ], [ 12.97413, 37.55744 ], [ 12.94264, 37.56851 ], [ 12.86215, 37.5764 ], [ 12.78094, 37.5742 ], [ 12.69776, 37.56273 ], [ 12.65935, 37.56513 ], [ 12.63624, 37.58222 ], [ 12.59474, 37.63788 ], [ 12.57781, 37.652 ], [ 12.56349, 37.65778 ], [ 12.52361, 37.65835 ], [ 12.5062, 37.66551 ], [ 12.48902, 37.68268 ], [ 12.47438, 37.70295 ], [ 12.46502, 37.71979 ], [ 12.46046, 37.73461 ], [ 12.45631, 37.75975 ], [ 12.44801, 37.77131 ], [ 12.43629, 37.78315 ], [ 12.42701, 37.79702 ], [ 12.42742, 37.80927 ], [ 12.44459, 37.81599 ], [ 12.44606, 37.81184 ], [ 12.46502, 37.82282 ], [ 12.46306, 37.82575 ], [ 12.47023, 37.85342 ], [ 12.47242, 37.85419 ], [ 12.47771, 37.87254 ], [ 12.47869, 37.88117 ], [ 12.47674, 37.88593 ], [ 12.46778, 37.89712 ], [ 12.46412, 37.91291 ], [ 12.49049, 37.95401 ], [ 12.49659, 37.98062 ], [ 12.50294, 37.99706 ], [ 12.50416, 38.01122 ], [ 12.49293, 38.02143 ], [ 12.52345, 38.03144 ], [ 12.54965, 38.05484 ], [ 12.57635, 38.07172 ], [ 12.60841, 38.0624 ], [ 12.63868, 38.07949 ], [ 12.65162, 38.0915 ], [ 12.65691, 38.10737 ], [ 12.66245, 38.11628 ], [ 12.67604, 38.11587 ], [ 12.7046, 38.11083 ], [ 12.72535, 38.12592 ], [ 12.72397, 38.15034 ], [ 12.7199, 38.17548 ], [ 12.73178, 38.19278 ], [ 12.7378, 38.18098 ], [ 12.74936, 38.18207 ], [ 12.76092, 38.18098 ], [ 12.76612, 38.16267 ], [ 12.79078, 38.11709 ], [ 12.81837, 38.07795 ], [ 12.82879, 38.06989 ], [ 12.85694, 38.05858 ], [ 12.86891, 38.05134 ], [ 12.86964, 38.04255 ], [ 12.90113, 38.02806 ], [ 12.94418, 38.03286 ], [ 13.02735, 38.0624 ], [ 13.06137, 38.08348 ], [ 13.06967, 38.09113 ], [ 13.0713, 38.09553 ], [ 13.06617, 38.12303 ], [ 13.05681, 38.13272 ], [ 13.0547, 38.14183 ], [ 13.08937, 38.166 ], [ 13.08375, 38.17471 ], [ 13.08961, 38.18334 ], [ 13.10092, 38.19009 ], [ 13.11248, 38.19278 ], [ 13.12241, 38.19099 ], [ 13.15699, 38.17967 ], [ 13.17937, 38.17621 ], [ 13.2072, 38.17609 ], [ 13.23032, 38.18464 ], [ 13.23902, 38.20702 ], [ 13.25441, 38.20254 ], [ 13.26596, 38.20527 ], [ 13.27703, 38.21044 ], [ 13.31813, 38.22065 ], [ 13.32325, 38.21796 ], [ 13.32838, 38.20018 ], [ 13.36622, 38.17967 ], [ 13.37192, 38.1728 ], [ 13.3733, 38.14069 ], [ 13.39137, 38.10318 ], [ 13.51352, 38.11054 ], [ 13.54127, 38.09406 ], [ 13.53932, 38.07685 ], [ 13.54086, 38.06753 ], [ 13.54737, 38.05622 ], [ 13.55747, 38.04914 ], [ 13.58709, 38.03913 ], [ 13.62241, 38.0152 ], [ 13.65113, 38.00096 ], [ 13.69776, 37.9936 ], [ 13.71192, 37.98794 ], [ 13.70777, 37.98509 ], [ 13.70509, 37.98045 ], [ 13.72674, 37.9809 ], [ 13.79078, 37.97362 ], [ 13.81267, 37.97793 ], [ 13.85719, 37.99673 ], [ 13.89829, 38.00446 ], [ 13.92482, 38.02196 ], [ 13.93849, 38.02888 ], [ 14.00717, 38.03828 ], [ 14.02052, 38.04938 ], [ 14.06251, 38.03022 ], [ 14.08326, 38.02383 ], [ 14.10629, 38.02143 ], [ 14.12094, 38.02261 ], [ 14.15138, 38.02888 ], [ 14.2732, 38.01512 ], [ 14.33123, 38.01801 ], [ 14.38461, 38.02953 ], [ 14.4319, 38.04938 ], [ 14.46412, 38.03718 ], [ 14.51173, 38.04438 ], [ 14.63461, 38.08149 ], [ 14.66774, 38.09919 ], [ 14.69597, 38.12104 ], [ 14.73373, 38.15762 ], [ 14.7448, 38.16136 ], [ 14.7776, 38.15925 ], [ 14.79811, 38.16035 ], [ 14.87403, 38.17569 ], [ 14.88803, 38.1826 ], [ 14.90707, 38.18769 ], [ 14.93531, 38.18594 ], [ 14.945, 38.18179 ], [ 14.96306, 38.1634 ], [ 14.96974, 38.15925 ], [ 14.98178, 38.15827 ], [ 15.00733, 38.1518 ], [ 15.03907, 38.15331 ], [ 15.049, 38.1518 ], [ 15.0687, 38.13129 ], [ 15.0879, 38.12824 ], [ 15.10532, 38.13349 ], [ 15.12257, 38.14106 ], [ 15.17742, 38.15632 ], [ 15.2033, 38.18329 ], [ 15.24073, 38.24116 ], [ 15.23609, 38.25104 ], [ 15.24073, 38.26166 ], [ 15.23715, 38.2648 ], [ 15.24317, 38.2648 ], [ 15.24635, 38.25434 ], [ 15.24073, 38.23029 ], [ 15.24537, 38.21723 ], [ 15.25758, 38.21019 ], [ 15.27418, 38.20751 ], [ 15.29184, 38.20702 ], [ 15.32106, 38.21088 ], [ 15.39967, 38.23257 ], [ 15.42189, 38.24457 ], [ 15.43377, 38.25316 ], [ 15.47291, 38.26781 ], [ 15.51287, 38.29759 ], [ 15.52866, 38.30264 ], [ 15.55926, 38.30012 ] ] ] ] } },
{ "type": "Feature", "properties": { "kind": "land" }, "geometry": { "type": "MultiPolygon", "coordinates": [ [ [ [ 25.73178, 34.87926 ], [ 25.73211, 34.87515 ], [ 25.72967, 34.87259 ], [ 25.72543, 34.8723 ], [ 25.70965, 34.86587 ], [ 25.70069, 34.86526 ], [ 25.68458, 34.86961 ], [ 25.68011, 34.87454 ], [ 25.68198, 34.87804 ], [ 25.688, 34.88133 ], [ 25.71876, 34.87771 ], [ 25.72991, 34.8815 ], [ 25.73178, 34.87926 ] ] ], [ [ [ 26.14747, 34.94314 ], [ 26.14975, 34.93334 ], [ 26.14055, 34.93065 ], [ 26.13299, 34.92259 ], [ 26.1312, 34.92943 ], [ 26.1268, 34.93114 ], [ 26.12192, 34.93586 ], [ 26.12298, 34.94253 ], [ 26.12745, 34.94741 ], [ 26.14747, 34.94314 ] ] ], [ [ [ 25.2461, 35.44973 ], [ 25.23976, 35.43749 ], [ 25.23878, 35.42821 ], [ 25.23666, 35.42744 ], [ 25.23357, 35.43122 ], [ 25.22731, 35.43171 ], [ 25.21583, 35.43692 ], [ 25.21192, 35.4337 ], [ 25.20867, 35.43346 ], [ 25.20493, 35.4372 ], [ 25.18686, 35.44127 ], [ 25.18409, 35.44444 ], [ 25.19451, 35.45344 ], [ 25.20696, 35.45608 ], [ 25.21323, 35.46239 ], [ 25.22259, 35.46373 ], [ 25.2461, 35.44973 ] ] ], [ [ [ 14.3436, 36.01557 ], [ 14.3506, 36.00951 ], [ 14.33815, 36.00454 ], [ 14.32464, 36.00344 ], [ 14.32586, 36.00637 ], [ 14.32179, 36.01699 ], [ 14.32545, 36.01911 ], [ 14.33253, 36.01887 ], [ 14.3436, 36.01557 ] ] ], [ [ [ 29.65569, 36.13618 ], [ 29.66057, 36.13227 ], [ 29.65659, 36.13101 ], [ 29.65569, 36.13618 ] ] ], [ [ [ 29.76067, 36.13752 ], [ 29.76409, 36.13569 ], [ 29.74708, 36.12547 ], [ 29.73862, 36.1223 ], [ 29.74252, 36.13166 ], [ 29.75066, 36.13882 ], [ 29.76067, 36.13752 ] ] ], [ [ [ 29.50294, 36.15872 ], [ 29.50847, 36.15469 ], [ 29.50449, 36.15213 ], [ 29.49993, 36.15221 ], [ 29.49903, 36.14968 ], [ 29.49147, 36.1516 ], [ 29.48536, 36.1553 ], [ 29.49399, 36.16108 ], [ 29.50294, 36.15872 ] ] ], [ [ [ 29.60214, 36.14781 ], [ 29.60304, 36.14163 ], [ 29.58554, 36.13414 ], [ 29.58432, 36.12979 ], [ 29.57781, 36.12543 ], [ 29.55917, 36.12104 ], [ 29.56959, 36.15091 ], [ 29.5796, 36.16189 ], [ 29.58872, 36.16714 ], [ 29.59531, 36.16669 ], [ 29.59327, 36.15217 ], [ 29.60214, 36.14781 ] ] ], [ [ [ 29.893, 36.19107 ], [ 29.91196, 36.19949 ], [ 29.90919, 36.19359 ], [ 29.90105, 36.1894 ], [ 29.89772, 36.1846 ], [ 29.89226, 36.18431 ], [ 29.88461, 36.17308 ], [ 29.87827, 36.17491 ], [ 29.87078, 36.17385 ], [ 29.85019, 36.16995 ], [ 29.84278, 36.16714 ], [ 29.83969, 36.17056 ], [ 29.84596, 36.17276 ], [ 29.85442, 36.17849 ], [ 29.87395, 36.18643 ], [ 29.893, 36.19107 ] ] ], [ [ [ 29.34588, 36.21385 ], [ 29.35873, 36.21821 ], [ 29.35743, 36.21345 ], [ 29.34897, 36.20824 ], [ 29.34588, 36.21385 ] ] ], [ [ [ 29.44361, 36.218 ], [ 29.45216, 36.22036 ], [ 29.44361, 36.21259 ], [ 29.44361, 36.218 ] ] ], [ [ [ 27.72071, 36.27684 ], [ 27.71925, 36.26708 ], [ 27.70476, 36.24714 ], [ 27.69955, 36.24803 ], [ 27.69565, 36.25381 ], [ 27.69581, 36.25682 ], [ 27.70053, 36.26016 ], [ 27.70224, 36.26606 ], [ 27.69817, 36.26781 ], [ 27.68946, 36.26366 ], [ 27.68409, 36.26439 ], [ 27.68751, 36.27294 ], [ 27.69427, 36.28022 ], [ 27.70045, 36.28368 ], [ 27.71152, 36.28575 ], [ 27.71827, 36.28246 ], [ 27.72071, 36.27684 ] ] ], [ [ [ 22.98365, 36.48066 ], [ 22.98935, 36.47045 ], [ 22.98601, 36.45824 ], [ 22.97421, 36.46585 ], [ 22.97006, 36.47451 ], [ 22.96583, 36.47606 ], [ 22.95159, 36.47525 ], [ 22.94654, 36.47293 ], [ 22.9406, 36.46609 ], [ 22.93165, 36.46475 ], [ 22.92506, 36.46906 ], [ 22.92506, 36.4759 ], [ 22.92937, 36.48412 ], [ 22.93539, 36.48867 ], [ 22.94158, 36.49099 ], [ 22.94589, 36.4999 ], [ 22.95265, 36.50548 ], [ 22.96241, 36.50991 ], [ 22.96982, 36.51122 ], [ 22.97674, 36.50747 ], [ 22.98219, 36.49942 ], [ 22.98487, 36.48452 ], [ 22.98365, 36.48066 ] ] ], [ [ [ 28.12517, 36.6009 ], [ 28.12884, 36.59915 ], [ 28.12639, 36.59695 ], [ 28.12265, 36.5987 ], [ 28.12517, 36.6009 ] ] ], [ [ [ 28.92465, 36.67975 ], [ 28.93841, 36.67605 ], [ 28.93596, 36.67129 ], [ 28.9288, 36.66962 ], [ 28.91538, 36.6555 ], [ 28.90854, 36.6671 ], [ 28.91147, 36.68069 ], [ 28.9157, 36.68289 ], [ 28.92001, 36.67886 ], [ 28.92465, 36.67975 ] ] ], [ [ [ 27.10898, 36.94872 ], [ 27.10865, 36.95372 ], [ 27.1159, 36.95755 ], [ 27.13421, 36.95864 ], [ 27.14438, 36.95376 ], [ 27.15195, 36.95889 ], [ 27.16293, 36.95698 ], [ 27.16749, 36.94859 ], [ 27.16179, 36.93716 ], [ 27.16717, 36.92825 ], [ 27.17514, 36.92251 ], [ 27.16782, 36.92267 ], [ 27.15943, 36.92577 ], [ 27.13697, 36.92288 ], [ 27.13266, 36.92508 ], [ 27.13022, 36.92959 ], [ 27.10898, 36.94872 ] ] ], [ [ [ 27.4808, 36.97875 ], [ 27.49065, 36.97285 ], [ 27.49024, 36.96601 ], [ 27.4808, 36.96182 ], [ 27.47714, 36.95816 ], [ 27.46648, 36.96454 ], [ 27.44581, 36.97 ], [ 27.44231, 36.97936 ], [ 27.43507, 36.98591 ], [ 27.42351, 36.99177 ], [ 27.43092, 36.99677 ], [ 27.46184, 36.98375 ], [ 27.4808, 36.97875 ] ] ], [ [ [ 27.10922, 37.05785 ], [ 27.10637, 37.0539 ], [ 27.09636, 37.05337 ], [ 27.08831, 37.05398 ], [ 27.07789, 37.05724 ], [ 27.07895, 37.0624 ], [ 27.08456, 37.06411 ], [ 27.10214, 37.0607 ], [ 27.10605, 37.05785 ], [ 27.10922, 37.05785 ] ] ], [ [ [ 21.55869, 37.05382 ], [ 21.55535, 37.04979 ], [ 21.55567, 37.04255 ], [ 21.54664, 37.03233 ], [ 21.54607, 37.03775 ], [ 21.549, 37.04536 ], [ 21.54347, 37.04808 ], [ 21.53728, 37.05744 ], [ 21.55283, 37.0644 ], [ 21.55869, 37.05382 ] ] ], [ [ [ 10.80576, 37.14069 ], [ 10.82293, 37.11831 ], [ 10.79599, 37.11827 ], [ 10.79029, 37.12718 ], [ 10.79371, 37.13198 ], [ 10.799, 37.13512 ], [ 10.8003, 37.1385 ], [ 10.80576, 37.14069 ] ] ], [ [ [ 27.08383, 37.2908 ], [ 27.08212, 37.29234 ], [ 27.08766, 37.30203 ], [ 27.10336, 37.29951 ], [ 27.09221, 37.28767 ], [ 27.09783, 37.28518 ], [ 27.1058, 37.27867 ], [ 27.10182, 37.27428 ], [ 27.09287, 37.27212 ], [ 27.08237, 37.2781 ], [ 27.08383, 37.2908 ] ] ], [ [ [ 26.76726, 37.27737 ], [ 26.76254, 37.28091 ], [ 26.75929, 37.29295 ], [ 26.76555, 37.29328 ], [ 26.75929, 37.29767 ], [ 26.75261, 37.29536 ], [ 26.73894, 37.29422 ], [ 26.7352, 37.29955 ], [ 26.71957, 37.3013 ], [ 26.71518, 37.30931 ], [ 26.71168, 37.31102 ], [ 26.70981, 37.31411 ], [ 26.71396, 37.32128 ], [ 26.72242, 37.31794 ], [ 26.72307, 37.31912 ], [ 26.71852, 37.32331 ], [ 26.72023, 37.32799 ], [ 26.72967, 37.32738 ], [ 26.74374, 37.31749 ], [ 26.74969, 37.30911 ], [ 26.76808, 37.30443 ], [ 26.78452, 37.30886 ], [ 26.78956, 37.30463 ], [ 26.79249, 37.29601 ], [ 26.79038, 37.29076 ], [ 26.79217, 37.28742 ], [ 26.78736, 37.28449 ], [ 26.78452, 37.277 ], [ 26.78012, 37.27395 ], [ 26.77483, 37.28115 ], [ 26.77027, 37.28059 ], [ 26.76726, 37.27737 ] ] ], [ [ [ 26.74049, 37.36693 ], [ 26.74163, 37.37458 ], [ 26.73845, 37.37458 ], [ 26.73634, 37.37279 ], [ 26.72584, 37.3867 ], [ 26.71974, 37.38732 ], [ 26.71477, 37.39859 ], [ 26.70981, 37.40261 ], [ 26.71372, 37.40636 ], [ 26.71664, 37.41275 ], [ 26.71941, 37.41287 ], [ 26.71787, 37.40542 ], [ 26.72869, 37.39863 ], [ 26.73398, 37.39867 ], [ 26.73805, 37.39049 ], [ 26.75221, 37.38365 ], [ 26.75904, 37.37613 ], [ 26.75221, 37.37238 ], [ 26.74415, 37.36058 ], [ 26.74049, 37.36693 ] ] ], [ [ [ 26.98618, 37.47333 ], [ 27.00766, 37.45694 ], [ 27.00725, 37.45165 ], [ 27.00294, 37.45108 ], [ 26.99204, 37.45812 ], [ 26.98829, 37.45881 ], [ 26.98243, 37.44961 ], [ 26.97429, 37.4464 ], [ 26.96461, 37.45409 ], [ 26.96136, 37.4499 ], [ 26.96038, 37.4453 ], [ 26.95834, 37.44392 ], [ 26.95004, 37.44717 ], [ 26.94386, 37.45592 ], [ 26.94296, 37.46263 ], [ 26.93792, 37.46784 ], [ 26.92693, 37.47419 ], [ 26.93173, 37.47622 ], [ 26.97226, 37.47215 ], [ 26.97364, 37.47403 ], [ 26.97901, 37.47565 ], [ 26.98618, 37.47333 ] ] ], [ [ [ 23.93393, 37.4785 ], [ 23.94256, 37.46316 ], [ 23.94044, 37.4621 ], [ 23.92612, 37.46703 ], [ 23.91546, 37.48033 ], [ 23.89682, 37.49018 ], [ 23.89812, 37.49449 ], [ 23.90813, 37.49018 ], [ 23.91961, 37.48827 ], [ 23.93393, 37.4785 ] ] ], [ [ [ 27.16928, 37.56476 ], [ 27.14951, 37.59667 ], [ 27.15943, 37.59899 ], [ 27.16358, 37.59435 ], [ 27.15919, 37.58885 ], [ 27.1644, 37.58421 ], [ 27.18442, 37.5587 ], [ 27.17604, 37.56314 ], [ 27.17189, 37.56855 ], [ 27.1683, 37.57022 ], [ 27.17123, 37.56696 ], [ 27.16928, 37.56476 ] ] ], [ [ [ 26.45663, 37.57978 ], [ 26.45688, 37.57506 ], [ 26.45069, 37.56603 ], [ 26.44671, 37.56468 ], [ 26.43621, 37.56761 ], [ 26.43645, 37.57217 ], [ 26.43442, 37.57575 ], [ 26.4297, 37.57754 ], [ 26.4183, 37.57892 ], [ 26.40854, 37.57473 ], [ 26.40398, 37.57632 ], [ 26.39601, 37.57612 ], [ 26.39706, 37.57917 ], [ 26.40577, 37.58637 ], [ 26.41692, 37.5902 ], [ 26.42156, 37.59011 ], [ 26.43605, 37.60163 ], [ 26.44036, 37.60261 ], [ 26.44516, 37.60098 ], [ 26.45053, 37.59589 ], [ 26.45663, 37.57978 ] ] ], [ [ [ 26.53134, 37.5974 ], [ 26.52255, 37.59121 ], [ 26.51661, 37.5836 ], [ 26.50831, 37.58202 ], [ 26.50327, 37.57958 ], [ 26.49912, 37.57526 ], [ 26.49887, 37.56912 ], [ 26.50131, 37.56118 ], [ 26.51092, 37.54947 ], [ 26.51116, 37.53653 ], [ 26.50766, 37.53059 ], [ 26.50294, 37.52749 ], [ 26.50074, 37.52778 ], [ 26.48886, 37.54035 ], [ 26.48577, 37.54609 ], [ 26.48601, 37.55309 ], [ 26.47926, 37.55907 ], [ 26.47967, 37.56395 ], [ 26.47503, 37.56639 ], [ 26.47405, 37.56883 ], [ 26.47413, 37.58617 ], [ 26.47608, 37.59361 ], [ 26.47397, 37.60261 ], [ 26.47462, 37.60472 ], [ 26.47844, 37.60558 ], [ 26.48487, 37.60314 ], [ 26.49195, 37.58633 ], [ 26.49806, 37.58539 ], [ 26.5031, 37.59488 ], [ 26.51116, 37.59561 ], [ 26.51376, 37.59858 ], [ 26.51271, 37.61709 ], [ 26.5101, 37.62434 ], [ 26.49708, 37.62743 ], [ 26.49643, 37.63768 ], [ 26.49887, 37.6433 ], [ 26.50522, 37.6505 ], [ 26.51352, 37.65331 ], [ 26.52133, 37.65038 ], [ 26.53069, 37.64179 ], [ 26.53077, 37.63544 ], [ 26.52792, 37.62954 ], [ 26.52825, 37.62596 ], [ 26.53891, 37.62153 ], [ 26.5407, 37.61669 ], [ 26.53785, 37.60696 ], [ 26.53134, 37.5974 ] ] ], [ [ [ 23.95338, 37.65681 ], [ 23.95973, 37.65139 ], [ 23.95973, 37.64281 ], [ 23.94109, 37.64216 ], [ 23.93556, 37.6459 ], [ 23.93865, 37.65709 ], [ 23.95338, 37.65681 ] ] ], [ [ [ 24.14316, 37.75271 ], [ 24.15113, 37.73408 ], [ 24.14861, 37.72264 ], [ 24.14454, 37.71833 ], [ 24.13714, 37.71418 ], [ 24.12599, 37.68513 ], [ 24.11801, 37.66808 ], [ 24.10743, 37.65152 ], [ 24.10711, 37.64671 ], [ 24.10515, 37.64525 ], [ 24.10108, 37.65054 ], [ 24.09986, 37.65941 ], [ 24.12639, 37.74303 ], [ 24.13803, 37.75283 ], [ 24.14316, 37.75271 ] ] ], [ [ [ 23.76352, 37.77599 ], [ 23.76677, 37.76952 ], [ 23.76336, 37.76398 ], [ 23.7566, 37.76297 ], [ 23.75156, 37.76952 ], [ 23.75733, 37.77001 ], [ 23.75522, 37.77513 ], [ 23.76352, 37.77599 ] ] ], [ [ [ 24.27565, 38.00918 ], [ 24.28297, 37.9984 ], [ 24.27784, 37.98509 ], [ 24.26498, 37.97846 ], [ 24.25416, 37.98163 ], [ 24.23959, 37.97773 ], [ 24.22869, 37.98281 ], [ 24.22788, 37.98835 ], [ 24.24285, 38.01297 ], [ 24.25408, 38.01996 ], [ 24.26319, 38.01878 ], [ 24.27565, 38.00918 ] ] ], [ [ [ 26.3554, 38.45315 ], [ 26.36093, 38.4444 ], [ 26.35597, 38.43696 ], [ 26.35401, 38.42621 ], [ 26.34929, 38.42467 ], [ 26.34425, 38.42707 ], [ 26.32911, 38.42198 ], [ 26.32537, 38.44131 ], [ 26.3554, 38.45315 ] ] ], [ [ [ 26.28858, 38.50698 ], [ 26.2933, 38.49848 ], [ 26.29314, 38.49335 ], [ 26.29038, 38.49177 ], [ 26.28321, 38.49368 ], [ 26.27874, 38.49746 ], [ 26.27866, 38.50198 ], [ 26.27491, 38.51199 ], [ 26.27914, 38.5152 ], [ 26.28858, 38.50698 ] ] ], [ [ [ 26.26808, 38.52049 ], [ 26.26995, 38.51797 ], [ 26.26995, 38.51305 ], [ 26.26686, 38.51048 ], [ 26.26222, 38.51012 ], [ 26.25245, 38.50202 ], [ 26.24757, 38.5041 ], [ 26.24806, 38.50939 ], [ 26.24244, 38.50637 ], [ 26.23626, 38.5067 ], [ 26.23121, 38.5091 ], [ 26.21835, 38.51138 ], [ 26.20826, 38.51573 ], [ 26.20411, 38.51459 ], [ 26.20118, 38.5159 ], [ 26.19915, 38.52253 ], [ 26.18458, 38.5386 ], [ 26.18507, 38.54218 ], [ 26.20379, 38.54104 ], [ 26.20769, 38.53966 ], [ 26.21192, 38.53413 ], [ 26.21469, 38.53319 ], [ 26.22096, 38.53453 ], [ 26.23056, 38.53347 ], [ 26.24122, 38.52639 ], [ 26.26336, 38.52001 ], [ 26.26808, 38.52049 ] ] ], [ [ [ 26.72169, 38.46927 ], [ 26.69825, 38.47712 ], [ 26.69288, 38.48286 ], [ 26.69353, 38.51244 ], [ 26.69744, 38.5207 ], [ 26.70037, 38.53311 ], [ 26.70004, 38.54226 ], [ 26.70973, 38.54055 ], [ 26.72242, 38.53274 ], [ 26.72999, 38.52086 ], [ 26.73121, 38.49486 ], [ 26.74545, 38.4833 ], [ 26.74757, 38.47586 ], [ 26.74383, 38.46373 ], [ 26.73162, 38.45836 ], [ 26.72413, 38.46373 ], [ 26.72169, 38.46927 ] ] ], [ [ [ 25.52093, 38.53636 ], [ 25.52312, 38.53286 ], [ 25.51816, 38.52912 ], [ 25.50115, 38.52961 ], [ 25.49374, 38.53221 ], [ 25.50782, 38.5526 ], [ 25.51767, 38.55223 ], [ 25.52304, 38.54564 ], [ 25.52093, 38.53636 ] ] ], [ [ [ 24.35589, 38.85053 ], [ 24.37289, 38.84073 ], [ 24.37176, 38.83369 ], [ 24.36769, 38.83499 ], [ 24.35776, 38.8275 ], [ 24.34262, 38.83405 ], [ 24.34441, 38.84089 ], [ 24.35239, 38.85004 ], [ 24.35589, 38.85053 ] ] ], [ [ [ 24.10076, 39.0607 ], [ 24.11036, 39.06961 ], [ 24.10288, 39.07681 ], [ 24.09897, 39.09243 ], [ 24.10353, 39.09968 ], [ 24.10914, 39.10212 ], [ 24.11744, 39.10305 ], [ 24.11793, 39.09907 ], [ 24.11484, 39.09593 ], [ 24.11826, 39.09125 ], [ 24.11378, 39.07738 ], [ 24.11671, 39.07396 ], [ 24.11915, 39.07477 ], [ 24.12355, 39.07205 ], [ 24.12412, 39.06289 ], [ 24.11329, 39.05919 ], [ 24.10605, 39.05919 ], [ 24.09897, 39.05541 ], [ 24.10076, 39.0607 ] ] ], [ [ [ 20.24545, 39.14012 ], [ 20.25831, 39.13288 ], [ 20.24724, 39.12958 ], [ 20.24261, 39.1306 ], [ 20.22739, 39.14081 ], [ 20.21941, 39.14012 ], [ 20.2151, 39.14794 ], [ 20.21746, 39.15266 ], [ 20.22877, 39.15636 ], [ 20.24545, 39.14012 ] ] ], [ [ [ 24.3226, 39.36876 ], [ 24.33066, 39.36412 ], [ 24.33001, 39.3535 ], [ 24.32097, 39.3308 ], [ 24.31243, 39.33482 ], [ 24.31739, 39.35659 ], [ 24.3226, 39.36876 ] ] ], [ [ [ 24.18303, 39.39395 ], [ 24.1775, 39.38365 ], [ 24.15341, 39.36209 ], [ 24.15309, 39.36595 ], [ 24.14234, 39.37096 ], [ 24.14397, 39.3771 ], [ 24.15203, 39.38557 ], [ 24.15789, 39.40611 ], [ 24.16782, 39.41425 ], [ 24.17286, 39.42748 ], [ 24.17644, 39.42406 ], [ 24.18303, 39.39395 ] ] ], [ [ [ 19.53094, 39.76996 ], [ 19.5385, 39.75963 ], [ 19.53167, 39.75625 ], [ 19.52369, 39.75918 ], [ 19.51018, 39.77709 ], [ 19.51352, 39.78425 ], [ 19.53094, 39.76996 ] ] ], [ [ [ 19.42433, 39.86717 ], [ 19.43255, 39.86628 ], [ 19.40952, 39.84134 ], [ 19.39357, 39.83804 ], [ 19.38746, 39.8402 ], [ 19.38185, 39.8452 ], [ 19.37965, 39.85476 ], [ 19.3829, 39.86302 ], [ 19.39194, 39.86628 ], [ 19.41074, 39.86302 ], [ 19.42433, 39.86717 ] ] ], [ [ [ 19.57455, 39.90009 ], [ 19.59457, 39.89102 ], [ 19.59254, 39.87954 ], [ 19.58351, 39.87954 ], [ 19.57521, 39.8758 ], [ 19.5656, 39.89122 ], [ 19.57455, 39.90009 ] ] ], [ [ [ 23.88738, 40.32665 ], [ 23.88372, 40.33108 ], [ 23.88974, 40.33718 ], [ 23.90618, 40.34235 ], [ 23.91179, 40.34109 ], [ 23.9183, 40.33426 ], [ 23.92001, 40.3229 ], [ 23.92392, 40.32005 ], [ 23.93303, 40.3181 ], [ 23.94182, 40.31407 ], [ 23.94142, 40.31009 ], [ 23.93686, 40.30927 ], [ 23.9166, 40.31574 ], [ 23.91269, 40.32038 ], [ 23.9096, 40.3216 ], [ 23.90553, 40.32099 ], [ 23.88738, 40.32665 ] ] ], [ [ [ 19.28761, 40.4995 ], [ 19.29184, 40.49433 ], [ 19.28639, 40.475 ], [ 19.28549, 40.47378 ], [ 19.27866, 40.475 ], [ 19.26995, 40.49242 ], [ 19.26124, 40.50552 ], [ 19.26401, 40.51203 ], [ 19.27093, 40.51333 ], [ 19.27491, 40.50694 ], [ 19.28761, 40.4995 ] ] ], [ [ [ 14.2575, 40.55671 ], [ 14.26214, 40.55398 ], [ 14.25497, 40.54645 ], [ 14.24619, 40.54389 ], [ 14.2374, 40.5445 ], [ 14.20834, 40.53795 ], [ 14.19597, 40.54116 ], [ 14.19858, 40.5585 ], [ 14.21013, 40.56098 ], [ 14.2575, 40.55671 ] ] ], [ [ [ 28.542, 40.5644 ], [ 28.54721, 40.56102 ], [ 28.54835, 40.55614 ], [ 28.54184, 40.55199 ], [ 28.53159, 40.51468 ], [ 28.51905, 40.5102 ], [ 28.51612, 40.51785 ], [ 28.52272, 40.54499 ], [ 28.51905, 40.56147 ], [ 28.53631, 40.56509 ], [ 28.542, 40.5644 ] ] ], [ [ [ 14.03069, 40.76427 ], [ 14.03533, 40.75983 ], [ 14.02719, 40.75967 ], [ 14.02182, 40.75719 ], [ 14.02589, 40.75031 ], [ 14.01995, 40.75007 ], [ 14.01352, 40.74754 ], [ 14.0171, 40.73725 ], [ 14.01059, 40.73981 ], [ 14.00587, 40.74689 ], [ 14.00384, 40.74372 ], [ 14.00099, 40.74396 ], [ 14.00644, 40.75955 ], [ 14.00408, 40.76219 ], [ 14.01311, 40.76923 ], [ 14.01767, 40.77029 ], [ 14.02141, 40.76695 ], [ 14.03069, 40.76427 ] ] ], [ [ [ 29.11476, 40.86807 ], [ 29.12989, 40.87051 ], [ 29.12818, 40.85745 ], [ 29.12322, 40.85342 ], [ 29.12094, 40.84813 ], [ 29.11785, 40.83259 ], [ 29.1045, 40.83942 ], [ 29.10532, 40.85436 ], [ 29.11069, 40.86087 ], [ 29.1115, 40.86551 ], [ 29.11476, 40.86807 ] ] ], [ [ [ 12.98219, 40.93757 ], [ 12.98959, 40.93651 ], [ 12.99179, 40.93317 ], [ 12.9804, 40.92837 ], [ 12.9686, 40.91946 ], [ 12.96095, 40.90323 ], [ 12.96323, 40.89802 ], [ 12.96632, 40.89545 ], [ 12.96648, 40.89305 ], [ 12.95834, 40.88198 ], [ 12.952, 40.88154 ], [ 12.9489, 40.88569 ], [ 12.94996, 40.8909 ], [ 12.94785, 40.89558 ], [ 12.94207, 40.89981 ], [ 12.9485, 40.91791 ], [ 12.96453, 40.92548 ], [ 12.96811, 40.93195 ], [ 12.98219, 40.93757 ] ] ], [ [ [ 12.85157, 40.94139 ], [ 12.85483, 40.94469 ], [ 12.85312, 40.94798 ], [ 12.85727, 40.95002 ], [ 12.86044, 40.94831 ], [ 12.86166, 40.93069 ], [ 12.85043, 40.92601 ], [ 12.84913, 40.92821 ], [ 12.85157, 40.94139 ] ] ], [ [ [ 13.05356, 40.97435 ], [ 13.06219, 40.97553 ], [ 13.06096, 40.96524 ], [ 13.05348, 40.96524 ], [ 13.04998, 40.96695 ], [ 13.05356, 40.97435 ] ] ], [ [ [ 15.49285, 42.12385 ], [ 15.49676, 42.11603 ], [ 15.49212, 42.10745 ], [ 15.48471, 42.10143 ], [ 15.47771, 42.10411 ], [ 15.4782, 42.11347 ], [ 15.48911, 42.12454 ], [ 15.49285, 42.12385 ] ] ], [ [ [ 11.11052, 42.26122 ], [ 11.11248, 42.25288 ], [ 11.10825, 42.25524 ], [ 11.10239, 42.2543 ], [ 11.10646, 42.23778 ], [ 11.09523, 42.24327 ], [ 11.09132, 42.25178 ], [ 11.09197, 42.2565 ], [ 11.09384, 42.26016 ], [ 11.10003, 42.26048 ], [ 11.10467, 42.26333 ], [ 11.11052, 42.26122 ] ] ], [ [ [ 16.33847, 42.37751 ], [ 16.3401, 42.37588 ], [ 16.3392, 42.37552 ], [ 16.33847, 42.37751 ] ] ], [ [ [ 16.33538, 42.37938 ], [ 16.33668, 42.37861 ], [ 16.33611, 42.378 ], [ 16.33513, 42.378 ], [ 16.33538, 42.37938 ] ] ], [ [ [ 16.27133, 42.38805 ], [ 16.27198, 42.38609 ], [ 16.27036, 42.38683 ], [ 16.27133, 42.38805 ] ] ], [ [ [ 16.27556, 42.38935 ], [ 16.27605, 42.38793 ], [ 16.27451, 42.38797 ], [ 16.27556, 42.38935 ] ] ], [ [ [ 16.25945, 42.39395 ], [ 16.26686, 42.3898 ], [ 16.25799, 42.39 ], [ 16.25945, 42.39395 ] ] ], [ [ [ 17.91261, 42.72146 ], [ 17.91586, 42.7132 ], [ 17.9109, 42.7051 ], [ 17.90545, 42.70059 ], [ 17.84506, 42.73208 ], [ 17.84588, 42.73379 ], [ 17.85076, 42.73399 ], [ 17.84791, 42.73961 ], [ 17.84034, 42.74661 ], [ 17.83668, 42.75308 ], [ 17.84824, 42.75393 ], [ 17.89869, 42.73294 ], [ 17.91261, 42.72146 ] ] ], [ [ [ 16.51857, 42.77346 ], [ 16.53419, 42.76288 ], [ 16.52556, 42.75703 ], [ 16.51043, 42.75975 ], [ 16.5005, 42.75605 ], [ 16.49497, 42.75104 ], [ 16.49415, 42.74767 ], [ 16.48935, 42.74669 ], [ 16.48618, 42.75165 ], [ 16.48902, 42.75267 ], [ 16.49187, 42.75723 ], [ 16.50693, 42.77159 ], [ 16.51857, 42.77346 ] ] ], [ [ [ 16.02036, 42.98595 ], [ 16.02312, 42.97476 ], [ 16.01808, 42.95726 ], [ 16.00945, 42.961 ], [ 15.99977, 42.95295 ], [ 15.99293, 42.9523 ], [ 15.99928, 42.97362 ], [ 16.00278, 42.99262 ], [ 16.01075, 42.99132 ], [ 16.0158, 42.98676 ], [ 16.02036, 42.98595 ] ] ], [ [ [ 15.76173, 43.03307 ], [ 15.76588, 43.0314 ], [ 15.76393, 43.02285 ], [ 15.75025, 43.01708 ], [ 15.73813, 43.01459 ], [ 15.72568, 43.01614 ], [ 15.72136, 43.01813 ], [ 15.72568, 43.02517 ], [ 15.75001, 43.03323 ], [ 15.76173, 43.03307 ] ] ], [ [ [ 16.73797, 43.09235 ], [ 16.73854, 43.08682 ], [ 16.71974, 43.08185 ], [ 16.67319, 43.08454 ], [ 16.66, 43.08946 ], [ 16.66749, 43.09561 ], [ 16.68222, 43.09955 ], [ 16.69492, 43.09923 ], [ 16.69776, 43.09573 ], [ 16.70712, 43.09593 ], [ 16.71306, 43.09772 ], [ 16.72552, 43.0965 ], [ 16.73797, 43.09235 ] ] ], [ [ [ 16.14942, 43.45901 ], [ 16.16538, 43.44973 ], [ 16.17042, 43.43606 ], [ 16.16481, 43.43301 ], [ 16.15301, 43.4361 ], [ 16.14812, 43.43537 ], [ 16.14511, 43.43126 ], [ 16.14145, 43.42939 ], [ 16.12973, 43.42801 ], [ 16.115, 43.42943 ], [ 16.11272, 43.43346 ], [ 16.12151, 43.44416 ], [ 16.12143, 43.44778 ], [ 16.12574, 43.45059 ], [ 16.13754, 43.44973 ], [ 16.13429, 43.456 ], [ 16.13754, 43.45852 ], [ 16.14942, 43.45901 ] ] ], [ [ [ 15.86191, 43.68936 ], [ 15.86638, 43.68085 ], [ 15.86874, 43.67056 ], [ 15.86842, 43.66258 ], [ 15.86337, 43.66267 ], [ 15.85475, 43.67223 ], [ 15.82602, 43.69225 ], [ 15.82407, 43.70002 ], [ 15.83172, 43.70238 ], [ 15.83668, 43.70649 ], [ 15.84164, 43.7073 ], [ 15.86191, 43.68936 ] ] ], [ [ [ 15.71925, 43.67739 ], [ 15.71982, 43.6728 ], [ 15.69695, 43.68142 ], [ 15.69467, 43.68545 ], [ 15.70379, 43.68907 ], [ 15.68312, 43.69969 ], [ 15.67848, 43.71035 ], [ 15.67327, 43.71385 ], [ 15.67449, 43.71707 ], [ 15.68214, 43.71739 ], [ 15.68922, 43.71573 ], [ 15.69264, 43.70987 ], [ 15.70737, 43.69949 ], [ 15.71355, 43.69196 ], [ 15.72633, 43.69001 ], [ 15.71925, 43.67739 ] ] ], [ [ [ 15.6644, 43.77114 ], [ 15.66603, 43.76647 ], [ 15.65984, 43.76394 ], [ 15.63111, 43.77143 ], [ 15.6089, 43.79381 ], [ 15.59962, 43.79413 ], [ 15.5809, 43.80874 ], [ 15.56764, 43.82766 ], [ 15.56747, 43.83202 ], [ 15.57138, 43.83328 ], [ 15.57569, 43.83112 ], [ 15.58188, 43.82457 ], [ 15.58627, 43.82294 ], [ 15.5901, 43.82461 ], [ 15.59132, 43.83145 ], [ 15.59474, 43.83145 ], [ 15.60483, 43.8242 ], [ 15.60613, 43.81676 ], [ 15.61004, 43.80911 ], [ 15.62151, 43.80378 ], [ 15.62794, 43.7982 ], [ 15.63185, 43.7969 ], [ 15.63575, 43.79845 ], [ 15.64096, 43.79784 ], [ 15.65008, 43.78913 ], [ 15.64861, 43.7829 ], [ 15.66017, 43.77574 ], [ 15.6644, 43.77114 ] ] ], [ [ [ 15.14723, 44.02562 ], [ 15.15943, 43.99893 ], [ 15.07757, 44.05309 ], [ 15.07496, 44.0578 ], [ 15.1079, 44.0578 ], [ 15.10849, 44.05402 ], [ 15.1421, 44.02753 ], [ 15.14723, 44.02562 ] ] ] ] } },
{ "type": "Feature", "properties": { "kind": "island" }, "geometry": { "type": "Polygon", "coordinates": [ [ [ 25.73178, 34.87926 ], [ 25.73211, 34.87515 ], [ 25.72967, 34.87259 ], [ 25.72543, 34.8723 ], [ 25.70965, 34.86587 ], [ 25.70069, 34.86526 ], [ 25.68458, 34.86961 ], [ 25.68011, 34.87454 ], [ 25.68198, 34.87804 ], [ 25.688, 34.88133 ], [ 25.71876, 34.87771 ], [ 25.72991, 34.8815 ], [ 25.73178, 34.87926 ] ] ] } },
{ "type": "Feature", "properties": { "kind": "island" }, "geometry": { "type": "Polygon", "coordinates": [ [ [ 26.14747, 34.94314 ], [ 26.14975, 34.93334 ], [ 26.14055, 34.93065 ], [ 26.13299, 34.92259 ], [ 26.1312, 34.92943 ], [ 26.1268, 34.93114 ], [ 26.12192, 34.93586 ], [ 26.12298, 34.94253 ], [ 26.12745, 34.94741 ], [ 26.14747, 34.94314 ] ] ] } },
{ "type": "Feature", "properties": { "kind": "island" }, "geometry": { "type": "Polygon", "coordinates": [ [ [ 25.2461, 35.44973 ], [ 25.23976, 35.43749 ], [ 25.23878, 35.42821 ], [ 25.23666, 35.42744 ], [ 25.23357, 35.43122 ], [ 25.22731, 35.43171 ], [ 25.21583, 35.43692 ], [ 25.21192, 35.4337 ], [ 25.20867, 35.43346 ], [ 25.20493, 35.4372 ], [ 25.18686, 35.44127 ], [ 25.18409, 35.44444 ], [ 25.19451, 35.45344 ], [ 25.20696, 35.45608 ], [ 25.21323, 35.46239 ], [ 25.22259, 35.46373 ], [ 25.2461, 35.44973 ] ] ] } },
{ "type": "Feature", "properties": { "kind": "island" }, "geometry": { "type": "Polygon", "coordinates": [ [ [ 14.3436, 36.01557 ], [ 14.3506, 36.00951 ], [ 14.33815, 36.00454 ], [ 14.32464, 36.00344 ], [ 14.32586, 36.00637 ], [ 14.32179, 36.01699 ], [ 14.32545, 36.01911 ], [ 14.33253, 36.01887 ], [ 14.3436, 36.01557 ] ] ] } },
{ "type": "Feature", "properties": { "kind": "island" }, "geometry": { "type": "Polygon", "coordinates": [ [ [ 29.65569, 36.13618 ], [ 29.66057, 36.13227 ], [ 29.65659, 36.13101 ], [ 29.65569, 36.13618 ] ] ] } },
{ "type": "Feature", "properties": { "kind": "island" }, "geometry": { "type": "Polygon", "coordinates": [ [ [ 29.76067, 36.13752 ], [ 29.76409, 36.13569 ], [ 29.74708, 36.12547 ], [ 29.73862, 36.1223 ], [ 29.74252, 36.13166 ], [ 29.75066, 36.13882 ], [ 29.76067, 36.13752 ] ] ] } },
{ "type": "Feature", "properties": { "kind": "island" }, "geometry": { "type": "Polygon", "coordinates": [ [ [ 29.50294, 36.15872 ], [ 29.50847, 36.15469 ], [ 29.50449, 36.15213 ], [ 29.49993, 36.15221 ], [ 29.49903, 36.14968 ], [ 29.49147, 36.1516 ], [ 29.48536, 36.1553 ], [ 29.49399, 36.16108 ], [ 29.50294, 36.15872 ] ] ] } },
{ "type": "Feature", "properties": { "kind": "island" }, "geometry": { "type": "Polygon", "coordinates": [ [ [ 29.60214, 36.14781 ], [ 29.60304, 36.14163 ], [ 29.58554, 36.13414 ], [ 29.58432, 36.12979 ], [ 29.57781, 36.12543 ], [ 29.55917, 36.12104 ], [ 29.56959, 36.15091 ], [ 29.5796, 36.16189 ], [ 29.58872, 36.16714 ], [ 29.59531, 36.16669 ], [ 29.59327, 36.15217 ], [ 29.60214, 36.14781 ] ] ] } },
{ "type": "Feature", "properties": { "kind": "island" }, "geometry": { "type": "Polygon", "coordinates": [ [ [ 29.893, 36.19107 ], [ 29.91196, 36.19949 ], [ 29.90919, 36.19359 ], [ 29.90105, 36.1894 ], [ 29.89772, 36.1846 ], [ 29.89226, 36.18431 ], [ 29.88461, 36.17308 ], [ 29.87827, 36.17491 ], [ 29.87078, 36.17385 ], [ 29.85019, 36.16995 ], [ 29.84278, 36.16714 ], [ 29.83969, 36.17056 ], [ 29.84596, 36.17276 ], [ 29.85442, 36.17849 ], [ 29.87395, 36.18643 ], [ 29.893, 36.19107 ] ] ] } },
{ "type": "Feature", "properties": { "kind": "island" }, "geometry": { "type": "Polygon", "coordinates": [ [ [ 29.34588, 36.21385 ], [ 29.35873, 36.21821 ], [ 29.35743, 36.21345 ], [ 29.34897, 36.20824 ], [ 29.34588, 36.21385 ] ] ] } },
{ "type": "Feature", "properties": { "kind": "island" }, "geometry": { "type": "Polygon", "coordinates": [ [ [ 29.44361, 36.218 ], [ 29.45216, 36.22036 ], [ 29.44361, 36.21259 ], [ 29.44361, 36.218 ] ] ] } },
{ "type": "Feature", "properties": { "kind": "island" }, "geometry": { "type": "Polygon", "coordinates": [ [ [ 27.72071, 36.27684 ], [ 27.71925, 36.26708 ], [ 27.70476, 36.24714 ], [ 27.69955, 36.24803 ], [ 27.69565, 36.25381 ], [ 27.69581, 36.25682 ], [ 27.70053, 36.26016 ], [ 27.70224, 36.26606 ], [ 27.69817, 36.26781 ], [ 27.68946, 36.26366 ], [ 27.68409, 36.26439 ], [ 27.68751, 36.27294 ], [ 27.69427, 36.28022 ], [ 27.70045, 36.28368 ], [ 27.71152, 36.28575 ], [ 27.71827, 36.28246 ], [ 27.72071, 36.27684 ] ] ] } },
{ "type": "Feature", "properties": { "kind": "island" }, "geometry": { "type": "Polygon", "coordinates": [ [ [ 22.98365, 36.48066 ], [ 22.98935, 36.47045 ], [ 22.98601, 36.45824 ], [ 22.97421, 36.46585 ], [ 22.97006, 36.47451 ], [ 22.96583, 36.47606 ], [ 22.95159, 36.47525 ], [ 22.94654, 36.47293 ], [ 22.9406, 36.46609 ], [ 22.93165, 36.46475 ], [ 22.92506, 36.46906 ], [ 22.92506, 36.4759 ], [ 22.92937, 36.48412 ], [ 22.93539, 36.48867 ], [ 22.94158, 36.49099 ], [ 22.94589, 36.4999 ], [ 22.95265, 36.50548 ], [ 22.96241, 36.50991 ], [ 22.96982, 36.51122 ], [ 22.97674, 36.50747 ], [ 22.98219, 36.49942 ], [ 22.98487, 36.48452 ], [ 22.98365, 36.48066 ] ] ] } },
{ "type": "Feature", "properties": { "kind": "island" }, "geometry": { "type": "Polygon", "coordinates": [ [ [ 28.12517, 36.6009 ], [ 28.12884, 36.59915 ], [ 28.12639, 36.59695 ], [ 28.12265, 36.5987 ], [ 28.12517, 36.6009 ] ] ] } },
{ "type": "Feature", "properties": { "kind": "island" }, "geometry": { "type": "Polygon", "coordinates": [ [ [ 28.92465, 36.67975 ], [ 28.93841, 36.67605 ], [ 28.93596, 36.67129 ], [ 28.9288, 36.66962 ], [ 28.91538, 36.6555 ], [ 28.90854, 36.6671 ], [ 28.91147, 36.68069 ], [ 28.9157, 36.68289 ], [ 28.92001, 36.67886 ], [ 28.92465, 36.67975 ] ] ] } },
{ "type": "Feature", "properties": { "kind": "island" }, "geometry": { "type": "Polygon", "coordinates": [ [ [ 27.10898, 36.94872 ], [ 27.10865, 36.95372 ], [ 27.1159, 36.95755 ], [ 27.13421, 36.95864 ], [ 27.14438, 36.95376 ], [ 27.15195, 36.95889 ], [ 27.16293, 36.95698 ], [ 27.16749, 36.94859 ], [ 27.16179, 36.93716 ], [ 27.16717, 36.92825 ], [ 27.17514, 36.92251 ], [ 27.16782, 36.92267 ], [ 27.15943, 36.92577 ], [ 27.13697, 36.92288 ], [ 27.13266, 36.92508 ], [ 27.13022, 36.92959 ], [ 27.10898, 36.94872 ] ] ] } },
{ "type": "Feature", "properties": { "kind": "island" }, "geometry": { "type": "Polygon", "coordinates": [ [ [ 27.4808, 36.97875 ], [ 27.49065, 36.97285 ], [ 27.49024, 36.96601 ], [ 27.4808, 36.96182 ], [ 27.47714, 36.95816 ], [ 27.46648, 36.96454 ], [ 27.44581, 36.97 ], [ 27.44231, 36.97936 ], [ 27.43507, 36.98591 ], [ 27.42351, 36.99177 ], [ 27.43092, 36.99677 ], [ 27.46184, 36.98375 ], [ 27.4808, 36.97875 ] ] ] } },
{ "type": "Feature", "properties": { "kind": "island" }, "geometry": { "type": "Polygon", "coordinates": [ [ [ 27.10922, 37.05785 ], [ 27.10637, 37.0539 ], [ 27.09636, 37.05337 ], [ 27.08831, 37.05398 ], [ 27.07789, 37.05724 ], [ 27.07895, 37.0624 ], [ 27.08456, 37.06411 ], [ 27.10214, 37.0607 ], [ 27.10605, 37.05785 ], [ 27.10922, 37.05785 ] ] ] } },
{ "type": "Feature", "properties": { "kind": "island" }, "geometry": { "type": "Polygon", "coordinates": [ [ [ 21.55869, 37.05382 ], [ 21.55535, 37.04979 ], [ 21.55567, 37.04255 ], [ 21.54664, 37.03233 ], [ 21.54607, 37.03775 ], [ 21.549, 37.04536 ], [ 21.54347, 37.04808 ], [ 21.53728, 37.05744 ], [ 21.55283, 37.0644 ], [ 21.55869, 37.05382 ] ] ] } },
{ "type": "Feature", "properties": { "kind": "island" }, "geometry": { "type": "Polygon", "coordinates": [ [ [ 10.80576, 37.14069 ], [ 10.82293, 37.11831 ], [ 10.79599, 37.11827 ], [ 10.79029, 37.12718 ], [ 10.79371, 37.13198 ], [ 10.799, 37.13512 ], [ 10.8003, 37.1385 ], [ 10.80576, 37.14069 ] ] ] } },
{ "type": "Feature", "properties": { "kind": "island" }, "geometry": { "type": "Polygon", "coordinates": [ [ [ 27.08383, 37.2908 ], [ 27.08212, 37.29234 ], [ 27.08766, 37.30203 ], [ 27.10336, 37.29951 ], [ 27.09221, 37.28767 ], [ 27.09783, 37.28518 ], [ 27.1058, 37.27867 ], [ 27.10182, 37.27428 ], [ 27.09287, 37.27212 ], [ 27.08237, 37.2781 ], [ 27.08383, 37.2908 ] ] ] } },
{ "type": "Feature", "properties": { "kind": "island" }, "geometry": { "type": "Polygon", "coordinates": [ [ [ 26.76726, 37.27737 ], [ 26.76254, 37.28091 ], [ 26.75929, 37.29295 ], [ 26.76555, 37.29328 ], [ 26.75929, 37.29767 ], [ 26.75261, 37.29536 ], [ 26.73894, 37.29422 ], [ 26.7352, 37.29955 ], [ 26.71957, 37.3013 ], [ 26.71518, 37.30931 ], [ 26.71168, 37.31102 ], [ 26.70981, 37.31411 ], [ 26.71396, 37.32128 ], [ 26.72242, 37.31794 ], [ 26.72307, 37.31912 ], [ 26.71852, 37.32331 ], [ 26.72023, 37.32799 ], [ 26.72967, 37.32738 ], [ 26.74374, 37.31749 ], [ 26.74969, 37.30911 ], [ 26.76808, 37.30443 ], [ 26.78452, 37.30886 ], [ 26.78956, 37.30463 ], [ 26.79249, 37.29601 ], [ 26.79038, 37.29076 ], [ 26.79217, 37.28742 ], [ 26.78736, 37.28449 ], [ 26.78452, 37.277 ], [ 26.78012, 37.27395 ], [ 26.77483, 37.28115 ], [ 26.77027, 37.28059 ], [ 26.76726, 37.27737 ] ] ] } },
{ "type": "Feature", "properties": { "kind": "island" }, "geometry": { "type": "Polygon", "coordinates": [ [ [ 26.74049, 37.36693 ], [ 26.74163, 37.37458 ], [ 26.73845, 37.37458 ], [ 26.73634, 37.37279 ], [ 26.72584, 37.3867 ], [ 26.71974, 37.38732 ], [ 26.71477, 37.39859 ], [ 26.70981, 37.40261 ], [ 26.71372, 37.40636 ], [ 26.71664, 37.41275 ], [ 26.71941, 37.41287 ], [ 26.71787, 37.40542 ], [ 26.72869, 37.39863 ], [ 26.73398, 37.39867 ], [ 26.73805, 37.39049 ], [ 26.75221, 37.38365 ], [ 26.75904, 37.37613 ], [ 26.75221, 37.37238 ], [ 26.74415, 37.36058 ], [ 26.74049, 37.36693 ] ] ] } },
{ "type": "Feature", "properties": { "kind": "island" }, "geometry": { "type": "Polygon", "coordinates": [ [ [ 26.98618, 37.47333 ], [ 27.00766, 37.45694 ], [ 27.00725, 37.45165 ], [ 27.00294, 37.45108 ], [ 26.99204, 37.45812 ], [ 26.98829, 37.45881 ], [ 26.98243, 37.44961 ], [ 26.97429, 37.4464 ], [ 26.96461, 37.45409 ], [ 26.96136, 37.4499 ], [ 26.96038, 37.4453 ], [ 26.95834, 37.44392 ], [ 26.95004, 37.44717 ], [ 26.94386, 37.45592 ], [ 26.94296, 37.46263 ], [ 26.93792, 37.46784 ], [ 26.92693, 37.47419 ], [ 26.93173, 37.47622 ], [ 26.97226, 37.47215 ], [ 26.97364, 37.47403 ], [ 26.97901, 37.47565 ], [ 26.98618, 37.47333 ] ] ] } },
{ "type": "Feature", "properties": { "kind": "island" }, "geometry": { "type": "Polygon", "coordinates": [ [ [ 23.93393, 37.4785 ], [ 23.94256, 37.46316 ], [ 23.94044, 37.4621 ], [ 23.92612, 37.46703 ], [ 23.91546, 37.48033 ], [ 23.89682, 37.49018 ], [ 23.89812, 37.49449 ], [ 23.90813, 37.49018 ], [ 23.91961, 37.48827 ], [ 23.93393, 37.4785 ] ] ] } },
{ "type": "Feature", "properties": { "kind": "island" }, "geometry": { "type": "Polygon", "coordinates": [ [ [ 27.16928, 37.56476 ], [ 27.14951, 37.59667 ], [ 27.15943, 37.59899 ], [ 27.16358, 37.59435 ], [ 27.15919, 37.58885 ], [ 27.1644, 37.58421 ], [ 27.18442, 37.5587 ], [ 27.17604, 37.56314 ], [ 27.17189, 37.56855 ], [ 27.1683, 37.57022 ], [ 27.17123, 37.56696 ], [ 27.16928, 37.56476 ] ] ] } },
{ "type": "Feature", "properties": { "kind": "island" }, "geometry": { "type": "Polygon", "coordinates": [ [ [ 26.45663, 37.57978 ], [ 26.45688, 37.57506 ], [ 26.45069, 37.56603 ], [ 26.44671, 37.56468 ], [ 26.43621, 37.56761 ], [ 26.43645, 37.57217 ], [ 26.43442, 37.57575 ], [ 26.4297, 37.57754 ], [ 26.4183, 37.57892 ], [ 26.40854, 37.57473 ], [ 26.40398, 37.57632 ], [ 26.39601, 37.57612 ], [ 26.39706, 37.57917 ], [ 26.40577, 37.58637 ], [ 26.41692, 37.5902 ], [ 26.42156, 37.59011 ], [ 26.43605, 37.60163 ], [ 26.44036, 37.60261 ], [ 26.44516, 37.60098 ], [ 26.45053, 37.59589 ], [ 26.45663, 37.57978 ] ] ] } },
{ "type": "Feature", "properties": { "kind": "island" }, "geometry": { "type": "Polygon", "coordinates": [ [ [ 26.53134, 37.5974 ], [ 26.52255, 37.59121 ], [ 26.51661, 37.5836 ], [ 26.50831, 37.58202 ], [ 26.50327, 37.57958 ], [ 26.49912, 37.57526 ], [ 26.49887, 37.56912 ], [ 26.50131, 37.56118 ], [ 26.51092, 37.54947 ], [ 26.51116, 37.53653 ], [ 26.50766, 37.53059 ], [ 26.50294, 37.52749 ], [ 26.50074, 37.52778 ], [ 26.48886, 37.54035 ], [ 26.48577, 37.54609 ], [ 26.48601, 37.55309 ], [ 26.47926, 37.55907 ], [ 26.47967, 37.56395 ], [ 26.47503, 37.56639 ], [ 26.47405, 37.56883 ], [ 26.47413, 37.58617 ], [ 26.47608, 37.59361 ], [ 26.47397, 37.60261 ], [ 26.47462, 37.60472 ], [ 26.47844, 37.60558 ], [ 26.48487, 37.60314 ], [ 26.49195, 37.58633 ], [ 26.49806, 37.58539 ], [ 26.5031, 37.59488 ], [ 26.51116, 37.59561 ], [ 26.51376, 37.59858 ], [ 26.51271, 37.61709 ], [ 26.5101, 37.62434 ], [ 26.49708, 37.62743 ], [ 26.49643, 37.63768 ], [ 26.49887, 37.6433 ], [ 26.50522, 37.6505 ], [ 26.51352, 37.65331 ], [ 26.52133, 37.65038 ], [ 26.53069, 37.64179 ], [ 26.53077, 37.63544 ], [ 26.52792, 37.62954 ], [ 26.52825, 37.62596 ], [ 26.53891, 37.62153 ], [ 26.5407, 37.61669 ], [ 26.53785, 37.60696 ], [ 26.53134, 37.5974 ] ] ] } },
{ "type": "Feature", "properties": { "kind": "island" }, "geometry": { "type": "Polygon", "coordinates": [ [ [ 23.95338, 37.65681 ], [ 23.95973, 37.65139 ], [ 23.95973, 37.64281 ], [ 23.94109, 37.64216 ], [ 23.93556, 37.6459 ], [ 23.93865, 37.65709 ], [ 23.95338, 37.65681 ] ] ] } },
{ "type": "Feature", "properties": { "kind": "island" }, "geometry": { "type": "Polygon", "coordinates": [ [ [ 24.14316, 37.75271 ], [ 24.15113, 37.73408 ], [ 24.14861, 37.72264 ], [ 24.14454, 37.71833 ], [ 24.13714, 37.71418 ], [ 24.12599, 37.68513 ], [ 24.11801, 37.66808 ], [ 24.10743, 37.65152 ], [ 24.10711, 37.64671 ], [ 24.10515, 37.64525 ], [ 24.10108, 37.65054 ], [ 24.09986, 37.65941 ], [ 24.12639, 37.74303 ], [ 24.13803, 37.75283 ], [ 24.14316, 37.75271 ] ] ] } },
{ "type": "Feature", "properties": { "kind": "island" }, "geometry": { "type": "Polygon", "coordinates": [ [ [ 23.76352, 37.77599 ], [ 23.76677, 37.76952 ], [ 23.76336, 37.76398 ], [ 23.7566, 37.76297 ], [ 23.75156, 37.76952 ], [ 23.75733, 37.77001 ], [ 23.75522, 37.77513 ], [ 23.76352, 37.77599 ] ] ] } },
{ "type": "Feature", "properties": { "kind": "island" }, "geometry": { "type": "Polygon", "coordinates": [ [ [ 24.27565, 38.00918 ], [ 24.28297, 37.9984 ], [ 24.27784, 37.98509 ], [ 24.26498, 37.97846 ], [ 24.25416, 37.98163 ], [ 24.23959, 37.97773 ], [ 24.22869, 37.98281 ], [ 24.22788, 37.98835 ], [ 24.24285, 38.01297 ], [ 24.25408, 38.01996 ], [ 24.26319, 38.01878 ], [ 24.27565, 38.00918 ] ] ] } },
{ "type": "Feature", "properties": { "kind": "island" }, "geometry": { "type": "Polygon", "coordinates": [ [ [ 26.3554, 38.45315 ], [ 26.36093, 38.4444 ], [ 26.35597, 38.43696 ], [ 26.35401, 38.42621 ], [ 26.34929, 38.42467 ], [ 26.34425, 38.42707 ], [ 26.32911, 38.42198 ], [ 26.32537, 38.44131 ], [ 26.3554, 38.45315 ] ] ] } },
{ "type": "Feature", "properties": { "kind": "island" }, "geometry": { "type": "Polygon", "coordinates": [ [ [ 26.28858, 38.50698 ], [ 26.2933, 38.49848 ], [ 26.29314, 38.49335 ], [ 26.29038, 38.49177 ], [ 26.28321, 38.49368 ], [ 26.27874, 38.49746 ], [ 26.27866, 38.50198 ], [ 26.27491, 38.51199 ], [ 26.27914, 38.5152 ], [ 26.28858, 38.50698 ] ] ] } },
{ "type": "Feature", "properties": { "kind": "island" }, "geometry": { "type": "Polygon", "coordinates": [ [ [ 26.26808, 38.52049 ], [ 26.26995, 38.51797 ], [ 26.26995, 38.51305 ], [ 26.26686, 38.51048 ], [ 26.26222, 38.51012 ], [ 26.25245, 38.50202 ], [ 26.24757, 38.5041 ], [ 26.24806, 38.50939 ], [ 26.24244, 38.50637 ], [ 26.23626, 38.5067 ], [ 26.23121, 38.5091 ], [ 26.21835, 38.51138 ], [ 26.20826, 38.51573 ], [ 26.20411, 38.51459 ], [ 26.20118, 38.5159 ], [ 26.19915, 38.52253 ], [ 26.18458, 38.5386 ], [ 26.18507, 38.54218 ], [ 26.20379, 38.54104 ], [ 26.20769, 38.53966 ], [ 26.21192, 38.53413 ], [ 26.21469, 38.53319 ], [ 26.22096, 38.53453 ], [ 26.23056, 38.53347 ], [ 26.24122, 38.52639 ], [ 26.26336, 38.52001 ], [ 26.26808, 38.52049 ] ] ] } },
{ "type": "Feature", "properties": { "kind": "island" }, "geometry": { "type": "Polygon", "coordinates": [ [ [ 26.72169, 38.46927 ], [ 26.69825, 38.47712 ], [ 26.69288, 38.48286 ], [ 26.69353, 38.51244 ], [ 26.69744, 38.5207 ], [ 26.70037, 38.53311 ], [ 26.70004, 38.54226 ], [ 26.70973, 38.54055 ], [ 26.72242, 38.53274 ], [ 26.72999, 38.52086 ], [ 26.73121, 38.49486 ], [ 26.74545, 38.4833 ], [ 26.74757, 38.47586 ], [ 26.74383, 38.46373 ], [ 26.73162, 38.45836 ], [ 26.72413, 38.46373 ], [ 26.72169, 38.46927 ] ] ] } },
{ "type": "Feature", "properties": { "kind": "island" }, "geometry": { "type": "Polygon", "coordinates": [ [ [ 25.52093, 38.53636 ], [ 25.52312, 38.53286 ], [ 25.51816, 38.52912 ], [ 25.50115, 38.52961 ], [ 25.49374, 38.53221 ], [ 25.50782, 38.5526 ], [ 25.51767, 38.55223 ], [ 25.52304, 38.54564 ], [ 25.52093, 38.53636 ] ] ] } },
{ "type": "Feature", "properties": { "kind": "island" }, "geometry": { "type": "Polygon", "coordinates": [ [ [ 24.35589, 38.85053 ], [ 24.37289, 38.84073 ], [ 24.37176, 38.83369 ], [ 24.36769, 38.83499 ], [ 24.35776, 38.8275 ], [ 24.34262, 38.83405 ], [ 24.34441, 38.84089 ], [ 24.35239, 38.85004 ], [ 24.35589, 38.85053 ] ] ] } },
{ "type": "Feature", "properties": { "kind": "island" }, "geometry": { "type": "Polygon", "coordinates": [ [ [ 24.10076, 39.0607 ], [ 24.11036, 39.06961 ], [ 24.10288, 39.07681 ], [ 24.09897, 39.09243 ], [ 24.10353, 39.09968 ], [ 24.10914, 39.10212 ], [ 24.11744, 39.10305 ], [ 24.11793, 39.09907 ], [ 24.11484, 39.09593 ], [ 24.11826, 39.09125 ], [ 24.11378, 39.07738 ], [ 24.11671, 39.07396 ], [ 24.11915, 39.07477 ], [ 24.12355, 39.07205 ], [ 24.12412, 39.06289 ], [ 24.11329, 39.05919 ], [ 24.10605, 39.05919 ], [ 24.09897, 39.05541 ], [ 24.10076, 39.0607 ] ] ] } },
{ "type": "Feature", "properties": { "kind": "island" }, "geometry": { "type": "Polygon", "coordinates": [ [ [ 20.24545, 39.14012 ], [ 20.25831, 39.13288 ], [ 20.24724, 39.12958 ], [ 20.24261, 39.1306 ], [ 20.22739, 39.14081 ], [ 20.21941, 39.14012 ], [ 20.2151, 39.14794 ], [ 20.21746, 39.15266 ], [ 20.22877, 39.15636 ], [ 20.24545, 39.14012 ] ] ] } },
{ "type": "Feature", "properties": { "kind": "island" }, "geometry": { "type": "Polygon", "coordinates": [ [ [ 24.3226, 39.36876 ], [ 24.33066, 39.36412 ], [ 24.33001, 39.3535 ], [ 24.32097, 39.3308 ], [ 24.31243, 39.33482 ], [ 24.31739, 39.35659 ], [ 24.3226, 39.36876 ] ] ] } },
{ "type": "Feature", "properties": { "kind": "island" }, "geometry": { "type": "Polygon", "coordinates": [ [ [ 24.18303, 39.39395 ], [ 24.1775, 39.38365 ], [ 24.15341, 39.36209 ], [ 24.15309, 39.36595 ], [ 24.14234, 39.37096 ], [ 24.14397, 39.3771 ], [ 24.15203, 39.38557 ], [ 24.15789, 39.40611 ], [ 24.16782, 39.41425 ], [ 24.17286, 39.42748 ], [ 24.17644, 39.42406 ], [ 24.18303, 39.39395 ] ] ] } },
{ "type": "Feature", "properties": { "kind": "island" }, "geometry": { "type": "Polygon", "coordinates": [ [ [ 19.53094, 39.76996 ], [ 19.5385, 39.75963 ], [ 19.53167, 39.75625 ], [ 19.52369, 39.75918 ], [ 19.51018, 39.77709 ], [ 19.51352, 39.78425 ], [ 19.53094, 39.76996 ] ] ] } },
{ "type": "Feature", "properties": { "kind": "island" }, "geometry": { "type": "Polygon", "coordinates": [ [ [ 19.42433, 39.86717 ], [ 19.43255, 39.86628 ], [ 19.40952, 39.84134 ], [ 19.39357, 39.83804 ], [ 19.38746, 39.8402 ], [ 19.38185, 39.8452 ], [ 19.37965, 39.85476 ], [ 19.3829, 39.86302 ], [ 19.39194, 39.86628 ], [ 19.41074, 39.86302 ], [ 19.42433, 39.86717 ] ] ] } },
{ "type": "Feature", "properties": { "kind": "island" }, "geometry": { "type": "Polygon", "coordinates": [ [ [ 19.57455, 39.90009 ], [ 19.59457, 39.89102 ], [ 19.59254, 39.87954 ], [ 19.58351, 39.87954 ], [ 19.57521, 39.8758 ], [ 19.5656, 39.89122 ], [ 19.57455, 39.90009 ] ] ] } },
{ "type": "Feature", "properties": { "kind": "island" }, "geometry": { "type": "Polygon", "coordinates": [ [ [ 23.88738, 40.32665 ], [ 23.88372, 40.33108 ], [ 23.88974, 40.33718 ], [ 23.90618, 40.34235 ], [ 23.91179, 40.34109 ], [ 23.9183, 40.33426 ], [ 23.92001, 40.3229 ], [ 23.92392, 40.32005 ], [ 23.93303, 40.3181 ], [ 23.94182, 40.31407 ], [ 23.94142, 40.31009 ], [ 23.93686, 40.30927 ], [ 23.9166, 40.31574 ], [ 23.91269, 40.32038 ], [ 23.9096, 40.3216 ], [ 23.90553, 40.32099 ], [ 23.88738, 40.32665 ] ] ] } },
{ "type": "Feature", "properties": { "kind": "island" }, "geometry": { "type": "Polygon", "coordinates": [ [ [ 19.28761, 40.4995 ], [ 19.29184, 40.49433 ], [ 19.28639, 40.475 ], [ 19.28549, 40.47378 ], [ 19.27866, 40.475 ], [ 19.26995, 40.49242 ], [ 19.26124, 40.50552 ], [ 19.26401, 40.51203 ], [ 19.27093, 40.51333 ], [ 19.27491, 40.50694 ], [ 19.28761, 40.4995 ] ] ] } },
{ "type": "Feature", "properties": { "kind": "island" }, "geometry": { "type": "Polygon", "coordinates": [ [ [ 14.2575, 40.55671 ], [ 14.26214, 40.55398 ], [ 14.25497, 40.54645 ], [ 14.24619, 40.54389 ], [ 14.2374, 40.5445 ], [ 14.20834, 40.53795 ], [ 14.19597, 40.54116 ], [ 14.19858, 40.5585 ], [ 14.21013, 40.56098 ], [ 14.2575, 40.55671 ] ] ] } },
{ "type": "Feature", "properties": { "kind": "island" }, "geometry": { "type": "Polygon", "coordinates": [ [ [ 28.542, 40.5644 ], [ 28.54721, 40.56102 ], [ 28.54835, 40.55614 ], [ 28.54184, 40.55199 ], [ 28.53159, 40.51468 ], [ 28.51905, 40.5102 ], [ 28.51612, 40.51785 ], [ 28.52272, 40.54499 ], [ 28.51905, 40.56147 ], [ 28.53631, 40.56509 ], [ 28.542, 40.5644 ] ] ] } },
{ "type": "Feature", "properties": { "kind": "island" }, "geometry": { "type": "Polygon", "coordinates": [ [ [ 14.03069, 40.76427 ], [ 14.03533, 40.75983 ], [ 14.02719, 40.75967 ], [ 14.02182, 40.75719 ], [ 14.02589, 40.75031 ], [ 14.01995, 40.75007 ], [ 14.01352, 40.74754 ], [ 14.0171, 40.73725 ], [ 14.01059, 40.73981 ], [ 14.00587, 40.74689 ], [ 14.00384, 40.74372 ], [ 14.00099, 40.74396 ], [ 14.00644, 40.75955 ], [ 14.00408, 40.76219 ], [ 14.01311, 40.76923 ], [ 14.01767, 40.77029 ], [ 14.02141, 40.76695 ], [ 14.03069, 40.76427 ] ] ] } },
{ "type": "Feature", "properties": { "kind": "island" }, "geometry": { "type": "Polygon", "coordinates": [ [ [ 29.11476, 40.86807 ], [ 29.12989, 40.87051 ], [ 29.12818, 40.85745 ], [ 29.12322, 40.85342 ], [ 29.12094, 40.84813 ], [ 29.11785, 40.83259 ], [ 29.1045, 40.83942 ], [ 29.10532, 40.85436 ], [ 29.11069, 40.86087 ], [ 29.1115, 40.86551 ], [ 29.11476, 40.86807 ] ] ] } },
{ "type": "Feature", "properties": { "kind": "island" }, "geometry": { "type": "Polygon", "coordinates": [ [ [ 12.98219, 40.93757 ], [ 12.98959, 40.93651 ], [ 12.99179, 40.93317 ], [ 12.9804, 40.92837 ], [ 12.9686, 40.91946 ], [ 12.96095, 40.90323 ], [ 12.96323, 40.89802 ], [ 12.96632, 40.89545 ], [ 12.96648, 40.89305 ], [ 12.95834, 40.88198 ], [ 12.952, 40.88154 ], [ 12.9489, 40.88569 ], [ 12.94996, 40.8909 ], [ 12.94785, 40.89558 ], [ 12.94207, 40.89981 ], [ 12.9485, 40.91791 ], [ 12.96453, 40.92548 ], [ 12.96811, 40.93195 ], [ 12.98219, 40.93757 ] ] ] } },
{ "type": "Feature", "properties": { "kind": "island" }, "geometry": { "type": "Polygon", "coordinates": [ [ [ 12.85157, 40.94139 ], [ 12.85483, 40.94469 ], [ 12.85312, 40.94798 ], [ 12.85727, 40.95002 ], [ 12.86044, 40.94831 ], [ 12.86166, 40.93069 ], [ 12.85043, 40.92601 ], [ 12.84913, 40.92821 ], [ 12.85157, 40.94139 ] ] ] } },
{ "type": "Feature", "properties": { "kind": "island" }, "geometry": { "type": "Polygon", "coordinates": [ [ [ 13.05356, 40.97435 ], [ 13.06219, 40.97553 ], [ 13.06096, 40.96524 ], [ 13.05348, 40.96524 ], [ 13.04998, 40.96695 ], [ 13.05356, 40.97435 ] ] ] } },
{ "type": "Feature", "properties": { "kind": "island" }, "geometry": { "type": "Polygon", "coordinates": [ [ [ 15.49285, 42.12385 ], [ 15.49676, 42.11603 ], [ 15.49212, 42.10745 ], [ 15.48471, 42.10143 ], [ 15.47771, 42.10411 ], [ 15.4782, 42.11347 ], [ 15.48911, 42.12454 ], [ 15.49285, 42.12385 ] ] ] } },
{ "type": "Feature", "properties": { "kind": "island" }, "geometry": { "type": "Polygon", "coordinates": [ [ [ 11.11052, 42.26122 ], [ 11.11248, 42.25288 ], [ 11.10825, 42.25524 ], [ 11.10239, 42.2543 ], [ 11.10646, 42.23778 ], [ 11.09523, 42.24327 ], [ 11.09132, 42.25178 ], [ 11.09197, 42.2565 ], [ 11.09384, 42.26016 ], [ 11.10003, 42.26048 ], [ 11.10467, 42.26333 ], [ 11.11052, 42.26122 ] ] ] } },
{ "type": "Feature", "properties": { "kind": "island" }, "geometry": { "type": "Polygon", "coordinates": [ [ [ 16.33847, 42.37751 ], [ 16.3401, 42.37588 ], [ 16.3392, 42.37552 ], [ 16.33847, 42.37751 ] ] ] } },
{ "type": "Feature", "properties": { "kind": "island" }, "geometry": { "type": "Polygon", "coordinates": [ [ [ 16.33538, 42.37938 ], [ 16.33668, 42.37861 ], [ 16.33611, 42.378 ], [ 16.33513, 42.378 ], [ 16.33538, 42.37938 ] ] ] } },
{ "type": "Feature", "properties": { "kind": "island" }, "geometry": { "type": "Polygon", "coordinates": [ [ [ 16.27133, 42.38805 ], [ 16.27198, 42.38609 ], [ 16.27036, 42.38683 ], [ 16.27133, 42.38805 ] ] ] } },
{ "type": "Feature", "properties": { "kind": "island" }, "geometry": { "type": "Polygon", "coordinates": [ [ [ 16.27556, 42.38935 ], [ 16.27605, 42.38793 ], [ 16.27451, 42.38797 ], [ 16.27556, 42.38935 ] ] ] } },
{ "type": "Feature", "properties": { "kind": "island" }, "geometry": { "type": "Polygon", "coordinates": [ [ [ 16.25945, 42.39395 ], [ 16.26686, 42.3898 ], [ 16.25799, 42.39 ], [ 16.25945, 42.39395 ] ] ] } },
{ "type": "Feature", "properties": { "kind": "island" }, "geometry": { "type": "Polygon", "coordinates": [ [ [ 17.91261, 42.72146 ], [ 17.91586, 42.7132 ], [ 17.9109, 42.7051 ], [ 17.90545, 42.70059 ], [ 17.84506, 42.73208 ], [ 17.84588, 42.73379 ], [ 17.85076, 42.73399 ], [ 17.84791, 42.73961 ], [ 17.84034, 42.74661 ], [ 17.83668, 42.75308 ], [ 17.84824, 42.75393 ], [ 17.89869, 42.73294 ], [ 17.91261, 42.72146 ] ] ] } },
{ "type": "Feature", "properties": { "kind": "island" }, "geometry": { "type": "Polygon", "coordinates": [ [ [ 16.51857, 42.77346 ], [ 16.53419, 42.76288 ], [ 16.52556, 42.75703 ], [ 16.51043, 42.75975 ], [ 16.5005, 42.75605 ], [ 16.49497, 42.75104 ], [ 16.49415, 42.74767 ], [ 16.48935, 42.74669 ], [ 16.48618, 42.75165 ], [ 16.48902, 42.75267 ], [ 16.49187, 42.75723 ], [ 16.50693, 42.77159 ], [ 16.51857, 42.77346 ] ] ] } },
{ "type": "Feature", "properties": { "kind": "island" }, "geometry": { "type": "Polygon", "coordinates": [ [ [ 16.02036, 42.98595 ], [ 16.02312, 42.97476 ], [ 16.01808, 42.95726 ], [ 16.00945, 42.961 ], [ 15.99977, 42.95295 ], [ 15.99293, 42.9523 ], [ 15.99928, 42.97362 ], [ 16.00278, 42.99262 ], [ 16.01075, 42.99132 ], [ 16.0158, 42.98676 ], [ 16.02036, 42.98595 ] ] ] } },
{ "type": "Feature", "properties": { "kind": "island" }, "geometry": { "type": "Polygon", "coordinates": [ [ [ 15.76173, 43.03307 ], [ 15.76588, 43.0314 ], [ 15.76393, 43.02285 ], [ 15.75025, 43.01708 ], [ 15.73813, 43.01459 ], [ 15.72568, 43.01614 ], [ 15.72136, 43.01813 ], [ 15.72568, 43.02517 ], [ 15.75001, 43.03323 ], [ 15.76173, 43.03307 ] ] ] } },
{ "type": "Feature", "properties": { "kind": "island" }, "geometry": { "type": "Polygon", "coordinates": [ [ [ 16.73797, 43.09235 ], [ 16.73854, 43.08682 ], [ 16.71974, 43.08185 ], [ 16.67319, 43.08454 ], [ 16.66, 43.08946 ], [ 16.66749, 43.09561 ], [ 16.68222, 43.09955 ], [ 16.69492, 43.09923 ], [ 16.69776, 43.09573 ], [ 16.70712, 43.09593 ], [ 16.71306, 43.09772 ], [ 16.72552, 43.0965 ], [ 16.73797, 43.09235 ] ] ] } },
{ "type": "Feature", "properties": { "kind": "island" }, "geometry": { "type": "Polygon", "coordinates": [ [ [ 16.14942, 43.45901 ], [ 16.16538, 43.44973 ], [ 16.17042, 43.43606 ], [ 16.16481, 43.43301 ], [ 16.15301, 43.4361 ], [ 16.14812, 43.43537 ], [ 16.14511, 43.43126 ], [ 16.14145, 43.42939 ], [ 16.12973, 43.42801 ], [ 16.115, 43.42943 ], [ 16.11272, 43.43346 ], [ 16.12151, 43.44416 ], [ 16.12143, 43.44778 ], [ 16.12574, 43.45059 ], [ 16.13754, 43.44973 ], [ 16.13429, 43.456 ], [ 16.13754, 43.45852 ], [ 16.14942, 43.45901 ] ] ] } },
{ "type": "Feature", "properties": { "kind": "island" }, "geometry": { "type": "Polygon", "coordinates": [ [ [ 15.86191, 43.68936 ], [ 15.86638, 43.68085 ], [ 15.86874, 43.67056 ], [ 15.86842, 43.66258 ], [ 15.86337, 43.66267 ], [ 15.85475, 43.67223 ], [ 15.82602, 43.69225 ], [ 15.82407, 43.70002 ], [ 15.83172, 43.70238 ], [ 15.83668, 43.70649 ], [ 15.84164, 43.7073 ], [ 15.86191, 43.68936 ] ] ] } },
{ "type": "Feature", "properties": { "kind": "island" }, "geometry": { "type": "Polygon", "coordinates": [ [ [ 15.71925, 43.67739 ], [ 15.71982, 43.6728 ], [ 15.69695, 43.68142 ], [ 15.69467, 43.68545 ], [ 15.70379, 43.68907 ], [ 15.68312, 43.69969 ], [ 15.67848, 43.71035 ], [ 15.67327, 43.71385 ], [ 15.67449, 43.71707 ], [ 15.68214, 43.71739 ], [ 15.68922, 43.71573 ], [ 15.69264, 43.70987 ], [ 15.70737, 43.69949 ], [ 15.71355, 43.69196 ], [ 15.72633, 43.69001 ], [ 15.71925, 43.67739 ] ] ] } },
{ "type": "Feature", "properties": { "kind": "island" }, "geometry": { "type": "Polygon", "coordinates": [ [ [ 15.6644, 43.77114 ], [ 15.66603, 43.76647 ], [ 15.65984, 43.76394 ], [ 15.63111, 43.77143 ], [ 15.6089, 43.79381 ], [ 15.59962, 43.79413 ], [ 15.5809, 43.80874 ], [ 15.56764, 43.82766 ], [ 15.56747, 43.83202 ], [ 15.57138, 43.83328 ], [ 15.57569, 43.83112 ], [ 15.58188, 43.82457 ], [ 15.58627, 43.82294 ], [ 15.5901, 43.82461 ], [ 15.59132, 43.83145 ], [ 15.59474, 43.83145 ], [ 15.60483, 43.8242 ], [ 15.60613, 43.81676 ], [ 15.61004, 43.80911 ], [ 15.62151, 43.80378 ], [ 15.62794, 43.7982 ], [ 15.63185, 43.7969 ], [ 15.63575, 43.79845 ], [ 15.64096, 43.79784 ], [ 15.65008, 43.78913 ], [ 15.64861, 43.7829 ], [ 15.66017, 43.77574 ], [ 15.6644, 43.77114 ] ] ] } },
{ "type": "Feature", "properties": { "kind": "island" }, "geometry": { "type": "Polygon", "coordinates": [ [ [ 15.14723, 44.02562 ], [ 15.15943, 43.99893 ], [ 15.07757, 44.05309 ], [ 15.07496, 44.0578 ], [ 15.1079, 44.0578 ], [ 15.10849, 44.05402 ], [ 15.1421, 44.02753 ], [ 15.14723, 44.02562 ] ] ] } }
]
}
